,,,,nation,pos,age,born,90s,Standard,Standard,Standard,Standard,Standard,Standard,Standard,Standard,Standard,Standard,Standard,Standard,Expected,Expected,Expected,Expected,Expected
,,,,,,,,,Gls,Sh,SoT,SoT%,Sh/90,SoT/90,G/Sh,G/SoT,Dist,FK,PK,PKatt,xG,npxG,npxG/Sh,G-xG,np:G-xG
league,season,team,player,,,,,,,,,,,,,,,,,,,,,,
ENG-Premier League,2324,Arsenal,Aaron Ramsdale,ENG,GK,25,1998,6.0,0,0,0,,0.0,0.0,,,,0,0,0,0.0,0.0,,0.0,0.0
ENG-Premier League,2324,Arsenal,Ben White,ENG,DF,25,1997,33.2,4,13,6,46.2,0.39,0.18,0.31,0.67,13.2,0,0,0,1.2,1.2,0.09,2.8,2.8
ENG-Premier League,2324,Arsenal,Bukayo Saka,ENG,FW,21,2001,32.4,16,102,31,30.4,3.14,0.96,0.1,0.32,16.3,0,6,6,15.5,10.8,0.11,0.5,-0.8
ENG-Premier League,2324,Arsenal,Cédric Soares,POR,DF,31,1991,0.7,0,0,0,,0.0,0.0,,,,0,0,0,0.0,0.0,,0.0,0.0
ENG-Premier League,2324,Arsenal,David Raya,ESP,GK,27,1995,32.0,0,0,0,,0.0,0.0,,,,0,0,0,0.0,0.0,,0.0,0.0
ENG-Premier League,2324,Arsenal,Declan Rice,ENG,MF,24,1999,35.8,7,58,20,34.5,1.62,0.56,0.12,0.35,20.4,2,0,0,3.3,3.3,0.06,3.7,3.7
ENG-Premier League,2324,Arsenal,Eddie Nketiah,ENG,FW,24,1999,12.0,5,38,12,31.6,3.16,1.0,0.13,0.42,12.7,0,0,0,4.5,4.5,0.12,0.5,0.5
ENG-Premier League,2324,Arsenal,Emile Smith Rowe,ENG,MF,23,2000,3.9,0,15,5,33.3,3.82,1.27,0.0,0.0,15.6,0,0,0,2.0,2.0,0.13,-2.0,-2.0
ENG-Premier League,2324,Arsenal,Ethan Nwaneri,ENG,FW,16,2007,0.2,0,0,0,,0.0,0.0,,,,0,0,0,0.0,0.0,,0.0,0.0
ENG-Premier League,2324,Arsenal,Fabio Vieira,POR,"MF,FW",23,2000,3.3,1,6,1,16.7,1.82,0.3,0.0,0.0,18.0,0,1,1,1.3,0.5,0.08,-0.3,-0.5
ENG-Premier League,2324,Arsenal,Gabriel Jesus,BRA,FW,26,1997,16.4,4,55,19,34.5,3.35,1.16,0.07,0.21,12.2,0,0,0,6.3,6.3,0.12,-2.3,-2.3
ENG-Premier League,2324,Arsenal,Gabriel Magalhães,BRA,DF,25,1997,33.8,4,31,10,32.3,0.92,0.3,0.13,0.4,7.9,0,0,0,4.3,4.3,0.14,-0.3,-0.3
ENG-Premier League,2324,Arsenal,Gabriel Martinelli,BRA,FW,22,2001,22.4,6,58,20,34.5,2.59,0.89,0.1,0.3,15.6,0,0,0,6.8,6.8,0.12,-0.8,-0.8
ENG-Premier League,2324,Arsenal,Jakub Kiwior,POL,DF,23,2000,10.5,1,6,2,33.3,0.57,0.19,0.17,0.5,13.8,0,0,0,0.8,0.8,0.14,0.2,0.2
ENG-Premier League,2324,Arsenal,Jorginho,ITA,MF,31,1991,10.2,0,4,0,0.0,0.39,0.0,0.0,,24.6,0,0,0,0.1,0.1,0.02,-0.1,-0.1
ENG-Premier League,2324,Arsenal,Jurriën Timber,NED,DF,22,2001,0.8,0,0,0,,0.0,0.0,,,,0,0,0,0.0,0.0,,0.0,0.0
ENG-Premier League,2324,Arsenal,Kai Havertz,GER,"MF,FW",24,1999,29.3,13,68,27,39.7,2.32,0.92,0.18,0.44,12.4,0,1,1,12.3,11.6,0.17,0.7,0.4
ENG-Premier League,2324,Arsenal,Leandro Trossard,BEL,"FW,MF",28,1994,18.3,12,60,22,36.7,3.27,1.2,0.2,0.55,16.1,0,0,0,7.9,7.9,0.13,4.1,4.1
ENG-Premier League,2324,Arsenal,Martin Ødegaard,NOR,MF,24,1998,34.3,8,75,21,28.0,2.18,0.61,0.08,0.29,20.2,4,2,2,7.4,5.8,0.08,0.6,0.2
ENG-Premier League,2324,Arsenal,Mohamed Elneny,EGY,MF,31,1992,0.3,0,2,1,50.0,6.43,3.21,0.0,0.0,25.8,0,0,0,0.1,0.1,0.04,-0.1,-0.1
ENG-Premier League,2324,Arsenal,Oleksandr Zinchenko,UKR,DF,26,1996,19.1,1,17,3,17.6,0.89,0.16,0.06,0.33,24.0,0,0,0,0.6,0.6,0.03,0.4,0.4
ENG-Premier League,2324,Arsenal,Reiss Nelson,ENG,FW,23,1999,3.0,0,4,1,25.0,1.34,0.34,0.0,0.0,19.7,0,0,0,0.2,0.2,0.05,-0.2,-0.2
ENG-Premier League,2324,Arsenal,Takehiro Tomiyasu,JPN,DF,24,1998,12.8,2,17,3,17.6,1.33,0.23,0.12,0.67,14.9,0,0,0,1.5,1.5,0.09,0.5,0.5
ENG-Premier League,2324,Arsenal,Thomas Partey,GHA,"MF,DF",30,1993,8.8,0,8,2,25.0,0.91,0.23,0.0,0.0,20.7,0,0,0,0.4,0.4,0.05,-0.4,-0.4
ENG-Premier League,2324,Arsenal,William Saliba,FRA,DF,22,2001,38.0,2,10,3,30.0,0.26,0.08,0.2,0.67,10.5,0,0,0,1.6,1.6,0.16,0.4,0.4
ENG-Premier League,2324,Aston Villa,Bertrand Traoré,BFA,"DF,FW",27,1995,0.1,0,0,0,,0.0,0.0,,,,0,0,0,0.0,0.0,,0.0,0.0
ENG-Premier League,2324,Aston Villa,Boubacar Kamara,FRA,MF,23,1999,18.4,0,5,1,20.0,0.27,0.05,0.0,0.0,16.7,0,0,0,0.1,0.1,0.03,-0.1,-0.1
ENG-Premier League,2324,Aston Villa,Calum Chambers,ENG,"MF,DF",28,1995,1.7,0,0,0,,0.0,0.0,,,,0,0,0,0.0,0.0,,0.0,0.0
ENG-Premier League,2324,Aston Villa,Cameron Archer,ENG,MF,22,2001,0.1,0,0,0,,0.0,0.0,,,,0,0,0,0.0,0.0,,0.0,0.0
ENG-Premier League,2324,Aston Villa,Clément Lenglet,FRA,DF,28,1995,12.8,0,8,2,25.0,0.62,0.16,0.0,0.0,10.5,0,0,0,0.9,0.9,0.11,-0.9,-0.9
ENG-Premier League,2324,Aston Villa,Diego Carlos,BRA,DF,30,1993,20.2,0,10,1,10.0,0.5,0.05,0.0,0.0,9.1,0,0,0,1.9,1.9,0.19,-1.9,-1.9
ENG-Premier League,2324,Aston Villa,Douglas Luiz,BRA,MF,25,1998,33.3,9,44,13,29.5,1.32,0.39,0.11,0.38,23.3,5,4,4,6.9,3.8,0.09,2.1,1.2
ENG-Premier League,2324,Aston Villa,Emiliano Martínez,ARG,GK,30,1992,33.5,0,0,0,,0.0,0.0,,,,0,0,0,0.0,0.0,,0.0,0.0
ENG-Premier League,2324,Aston Villa,Ezri Konsa,ENG,DF,25,1997,34.1,1,19,5,26.3,0.56,0.15,0.05,0.2,12.2,0,0,0,2.5,2.5,0.13,-1.5,-1.5
ENG-Premier League,2324,Aston Villa,Finley Munroe,ENG,MF,18,2005,0.0,0,0,0,,0.0,0.0,,,,0,0,0,0.0,0.0,,0.0,0.0
ENG-Premier League,2324,Aston Villa,Jacob Ramsey,ENG,"FW,MF",22,2001,9.5,1,19,4,21.1,2.0,0.42,0.05,0.25,15.9,0,0,0,2.2,2.2,0.11,-1.2,-1.2
ENG-Premier League,2324,Aston Villa,Jaden Philogene Bidace,ENG,FW,21,2002,0.0,0,0,0,,0.0,0.0,,,,0,0,0,0.0,0.0,,0.0,0.0
ENG-Premier League,2324,Aston Villa,John McGinn,SCO,"MF,FW",28,1994,33.3,6,40,14,35.0,1.2,0.42,0.15,0.43,19.5,3,0,0,5.0,5.0,0.12,1.0,1.0
ENG-Premier League,2324,Aston Villa,Jáder Durán,COL,"FW,MF",19,2003,5.3,5,20,7,35.0,3.79,1.33,0.25,0.71,16.8,0,0,0,2.0,2.0,0.1,3.0,3.0
ENG-Premier League,2324,Aston Villa,Kaine Kesler-Hayden,ENG,"MF,DF",20,2002,0.1,0,0,0,,0.0,0.0,,,,0,0,0,0.0,0.0,,0.0,0.0
ENG-Premier League,2324,Aston Villa,Leander Dendoncker,BEL,MF,28,1995,1.3,1,2,1,50.0,1.51,0.76,0.5,1.0,12.5,0,0,0,0.7,0.7,0.37,0.3,0.3
ENG-Premier League,2324,Aston Villa,Leon Bailey,JAM,"MF,FW",25,1997,23.0,10,53,18,34.0,2.31,0.78,0.19,0.56,16.1,1,0,0,6.3,6.3,0.12,3.7,3.7
ENG-Premier League,2324,Aston Villa,Lucas Digne,FRA,DF,30,1993,26.8,1,20,4,20.0,0.75,0.15,0.05,0.25,20.0,6,0,0,1.1,1.1,0.05,-0.1,-0.1
ENG-Premier League,2324,Aston Villa,Matty Cash,POL,DF,25,1997,23.8,2,33,13,39.4,1.39,0.55,0.06,0.15,16.2,0,0,0,4.2,4.2,0.13,-2.2,-2.2
ENG-Premier League,2324,Aston Villa,Morgan Rogers,ENG,"MF,FW",21,2002,7.1,3,11,5,45.5,1.55,0.71,0.27,0.6,14.8,0,0,0,1.4,1.4,0.12,1.6,1.6
ENG-Premier League,2324,Aston Villa,Moussa Diaby,FRA,"FW,MF",24,1999,24.2,6,54,22,40.7,2.24,0.91,0.11,0.27,15.9,0,0,0,7.0,7.0,0.13,-1.0,-1.0
ENG-Premier League,2324,Aston Villa,Nicolò Zaniolo,ITA,"FW,MF",24,1999,9.3,2,27,10,37.0,2.9,1.07,0.07,0.2,14.0,0,0,0,2.6,2.6,0.09,-0.6,-0.6
ENG-Premier League,2324,Aston Villa,Ollie Watkins,ENG,FW,27,1995,35.7,19,107,47,43.9,2.99,1.31,0.18,0.4,12.8,0,0,0,16.8,16.8,0.16,2.2,2.2
ENG-Premier League,2324,Aston Villa,Omari Kellyman,ENG,FW,17,2005,0.4,0,1,0,0.0,2.43,0.0,0.0,,20.8,0,0,0,0.1,0.1,0.07,-0.1,-0.1
ENG-Premier League,2324,Aston Villa,Pau Torres,ESP,DF,26,1997,27.4,2,12,5,41.7,0.44,0.18,0.17,0.4,15.4,0,0,0,1.0,1.0,0.08,1.0,1.0
ENG-Premier League,2324,Aston Villa,Philippe Coutinho,BRA,"MF,FW",31,1992,0.3,0,3,1,33.3,10.8,3.6,0.0,0.0,24.9,0,0,0,0.1,0.1,0.05,-0.1,-0.1
ENG-Premier League,2324,Aston Villa,Robin Olsen,SWE,GK,33,1990,4.5,0,0,0,,0.0,0.0,,,,0,0,0,0.0,0.0,,0.0,0.0
ENG-Premier League,2324,Aston Villa,Tim Iroegbunam,ENG,MF,20,2003,1.8,0,0,0,,0.0,0.0,,,,0,0,0,0.0,0.0,,0.0,0.0
ENG-Premier League,2324,Aston Villa,Tyrone Mings,ENG,DF,30,1993,0.3,0,1,0,0.0,3.0,0.0,0.0,,18.4,0,0,0,0.0,0.0,0.01,0.0,0.0
ENG-Premier League,2324,Aston Villa,Youri Tielemans,BEL,"MF,FW",26,1997,18.0,2,14,5,35.7,0.78,0.28,0.14,0.4,20.0,0,0,0,1.3,1.3,0.09,0.7,0.7
ENG-Premier League,2324,Aston Villa,Álex Moreno,ESP,DF,30,1993,11.5,2,8,4,50.0,0.7,0.35,0.25,0.5,12.3,0,0,0,1.1,1.1,0.14,0.9,0.9
ENG-Premier League,2324,Bournemouth,Adam Smith,ENG,DF,32,1991,23.9,0,2,0,0.0,0.08,0.0,0.0,,26.9,0,0,0,0.1,0.1,0.03,-0.1,-0.1
ENG-Premier League,2324,Bournemouth,Alex Scott,ENG,MF,19,2003,11.3,1,15,3,20.0,1.33,0.27,0.07,0.33,22.8,2,0,0,0.7,0.7,0.05,0.3,0.3
ENG-Premier League,2324,Bournemouth,Antoine Semenyo,GHA,FW,23,2000,23.4,8,70,30,42.9,2.99,1.28,0.11,0.27,17.8,0,0,0,4.6,4.6,0.07,3.4,3.4
ENG-Premier League,2324,Bournemouth,Chris Mepham,WAL,DF,25,1997,6.9,0,1,1,100.0,0.15,0.15,0.0,0.0,8.8,0,0,0,0.1,0.1,0.09,-0.1,-0.1
ENG-Premier League,2324,Bournemouth,Dango Ouattara,BFA,"FW,DF",21,2002,13.7,1,30,7,23.3,2.2,0.51,0.03,0.14,15.2,0,0,0,2.6,2.6,0.09,-1.6,-1.6
ENG-Premier League,2324,Bournemouth,David Brooks,WAL,"FW,MF",26,1997,3.1,1,13,5,38.5,4.15,1.6,0.08,0.2,17.4,0,0,0,2.2,2.2,0.17,-1.2,-1.2
ENG-Premier League,2324,Bournemouth,Dominic Sadi,ENG,FW,19,2003,0.0,0,0,0,,0.0,0.0,,,,0,0,0,0.0,0.0,,0.0,0.0
ENG-Premier League,2324,Bournemouth,Dominic Solanke,ENG,FW,25,1997,36.9,19,106,35,33.0,2.87,0.95,0.16,0.49,12.2,0,2,3,19.6,17.2,0.16,-0.6,-0.2
ENG-Premier League,2324,Bournemouth,Enes Ünal,TUR,"FW,MF",26,1997,3.6,2,23,8,34.8,6.31,2.2,0.09,0.25,12.5,2,0,0,2.9,2.9,0.13,-0.9,-0.9
ENG-Premier League,2324,Bournemouth,Hamed Junior Traorè,CIV,MF,23,2000,0.5,0,3,2,66.7,5.74,3.83,0.0,0.0,25.9,0,0,0,0.2,0.2,0.06,-0.2,-0.2
ENG-Premier League,2324,Bournemouth,Illia Zabarnyi,UKR,DF,20,2002,37.0,1,8,2,25.0,0.22,0.05,0.13,0.5,7.5,0,0,0,1.1,1.1,0.14,-0.1,-0.1
ENG-Premier League,2324,Bournemouth,Ionuț Radu,ROU,GK,26,1997,2.0,0,0,0,,0.0,0.0,,,,0,0,0,0.0,0.0,,0.0,0.0
ENG-Premier League,2324,Bournemouth,Jaidon Anthony,ENG,FW,23,1999,1.7,0,2,1,50.0,1.18,0.59,0.0,0.0,24.5,0,0,0,0.1,0.1,0.03,-0.1,-0.1
ENG-Premier League,2324,Bournemouth,James Hill,ENG,DF,21,2002,0.8,0,0,0,,0.0,0.0,,,,0,0,0,0.0,0.0,,0.0,0.0
ENG-Premier League,2324,Bournemouth,Joe Rothwell,ENG,MF,28,1995,4.3,0,2,0,0.0,0.47,0.0,0.0,,22.7,0,0,0,0.1,0.1,0.04,-0.1,-0.1
ENG-Premier League,2324,Bournemouth,Justin Kluivert,NED,"MF,FW",24,1999,21.3,7,56,20,35.7,2.63,0.94,0.13,0.35,17.4,3,0,0,6.2,6.2,0.11,0.8,0.8
ENG-Premier League,2324,Bournemouth,Kieffer Moore,WAL,"FW,MF",30,1992,1.2,1,6,2,33.3,5.0,1.67,0.17,0.5,12.5,0,0,0,1.5,1.5,0.25,-0.5,-0.5
ENG-Premier League,2324,Bournemouth,Lewis Cook,ENG,MF,26,1997,31.0,0,12,4,33.3,0.39,0.13,0.0,0.0,24.0,0,0,0,0.4,0.4,0.03,-0.4,-0.4
ENG-Premier League,2324,Bournemouth,Lloyd Kelly,ENG,DF,24,1998,17.3,0,4,1,25.0,0.23,0.06,0.0,0.0,8.6,0,0,0,0.3,0.3,0.08,-0.3,-0.3
ENG-Premier League,2324,Bournemouth,Luis Sinisterra,COL,"FW,MF",24,1999,7.8,2,27,8,29.6,3.48,1.03,0.07,0.25,13.9,0,0,0,2.5,2.5,0.09,-0.5,-0.5
ENG-Premier League,2324,Bournemouth,Marcos Senesi,ARG,DF,26,1997,24.9,4,13,4,30.8,0.52,0.16,0.31,1.0,12.3,0,0,0,2.0,2.0,0.16,2.0,2.0
ENG-Premier League,2324,Bournemouth,Marcus Tavernier,ENG,FW,24,1999,23.5,3,53,16,30.2,2.25,0.68,0.06,0.19,20.0,4,0,0,3.9,3.9,0.07,-0.9,-0.9
ENG-Premier League,2324,Bournemouth,Mark Travers,IRL,GK,24,1999,4.0,0,0,0,,0.0,0.0,,,,0,0,0,0.0,0.0,,0.0,0.0
ENG-Premier League,2324,Bournemouth,Max Aarons,ENG,DF,23,2000,13.7,0,2,0,0.0,0.15,0.0,0.0,,23.9,0,0,0,0.0,0.0,0.02,0.0,0.0
ENG-Premier League,2324,Bournemouth,Milos Kerkez,HUN,DF,19,2003,21.9,0,16,5,31.3,0.73,0.23,0.0,0.0,19.3,0,0,0,1.2,1.2,0.08,-1.2,-1.2
ENG-Premier League,2324,Bournemouth,Neto,BRA,GK,34,1989,32.0,0,0,0,,0.0,0.0,,,,0,0,0,0.0,0.0,,0.0,0.0
ENG-Premier League,2324,Bournemouth,Philip Billing,DEN,MF,27,1996,15.5,2,30,8,26.7,1.93,0.52,0.07,0.25,20.6,7,0,0,2.5,2.5,0.08,-0.5,-0.5
ENG-Premier League,2324,Bournemouth,Romain Faivre,FRA,"MF,FW",25,1998,0.5,0,2,0,0.0,4.39,0.0,0.0,,17.0,0,0,0,0.2,0.2,0.08,-0.2,-0.2
ENG-Premier League,2324,Bournemouth,Ryan Christie,SCO,MF,28,1995,32.3,0,43,13,30.2,1.33,0.4,0.0,0.0,20.0,0,0,0,2.3,2.3,0.05,-2.3,-2.3
ENG-Premier League,2324,Bournemouth,Tyler Adams,USA,MF,24,1999,1.3,0,0,0,,0.0,0.0,,,,0,0,0,0.0,0.0,,0.0,0.0
ENG-Premier League,2324,Brentford,Aaron Hickey,SCO,DF,21,2002,7.9,0,7,1,14.3,0.88,0.13,0.0,0.0,25.3,0,0,0,0.2,0.2,0.03,-0.2,-0.2
ENG-Premier League,2324,Brentford,Ben Mee,ENG,DF,33,1989,14.1,2,10,2,20.0,0.71,0.14,0.2,1.0,12.7,0,0,0,1.5,1.5,0.15,0.5,0.5
ENG-Premier League,2324,Brentford,Bryan Mbeumo,CMR,FW,23,1999,21.8,9,50,16,32.0,2.3,0.73,0.12,0.38,17.1,4,3,3,9.8,7.4,0.15,-0.8,-1.4
ENG-Premier League,2324,Brentford,Christian Nørgaard,DEN,MF,29,1994,27.8,2,35,7,20.0,1.26,0.25,0.06,0.29,14.4,0,0,0,3.5,3.5,0.1,-1.5,-1.5
ENG-Premier League,2324,Brentford,Ethan Pinnock,JAM,DF,30,1993,28.0,2,19,4,21.1,0.68,0.14,0.11,0.5,9.8,0,0,0,2.0,2.0,0.11,0.0,0.0
ENG-Premier League,2324,Brentford,Frank Onyeka,NGA,MF,25,1998,12.9,1,22,9,40.9,1.71,0.7,0.05,0.11,17.4,0,0,0,2.2,2.2,0.1,-1.2,-1.2
ENG-Premier League,2324,Brentford,Ivan Toney,ENG,FW,27,1996,16.1,4,51,21,41.2,3.17,1.3,0.08,0.19,17.4,8,0,0,6.0,6.0,0.12,-2.0,-2.0
ENG-Premier League,2324,Brentford,Josh Dasilva,ENG,"DF,FW",24,1998,0.3,0,0,0,,0.0,0.0,,,,0,0,0,0.0,0.0,,0.0,0.0
ENG-Premier League,2324,Brentford,Keane Lewis-Potter,ENG,"FW,DF",22,2001,16.0,3,43,20,46.5,2.69,1.25,0.07,0.15,12.8,0,0,0,6.3,6.3,0.15,-3.3,-3.3
ENG-Premier League,2324,Brentford,Kevin Schade,GER,"FW,MF",21,2001,3.7,2,8,4,50.0,2.16,1.08,0.25,0.5,15.8,0,0,0,1.2,1.2,0.15,0.8,0.8
ENG-Premier League,2324,Brentford,Kristoffer Ajer,NOR,DF,25,1998,20.4,2,12,4,33.3,0.59,0.2,0.17,0.5,9.9,0,0,0,1.3,1.3,0.11,0.7,0.7
ENG-Premier League,2324,Brentford,Mads Roerslev,DEN,DF,24,1999,22.1,1,7,1,14.3,0.32,0.05,0.14,1.0,14.3,0,0,0,0.9,0.9,0.14,0.1,0.1
ENG-Premier League,2324,Brentford,Mark Flekken,NED,GK,30,1993,36.5,0,0,0,,0.0,0.0,,,,0,0,0,0.0,0.0,,0.0,0.0
ENG-Premier League,2324,Brentford,Mathias Jensen,DEN,MF,27,1996,24.5,3,14,7,50.0,0.57,0.29,0.21,0.43,26.7,3,0,0,0.7,0.7,0.05,2.3,2.3
ENG-Premier League,2324,Brentford,Mathias Jørgensen,DEN,DF,33,1990,12.1,1,8,2,25.0,0.66,0.17,0.13,0.5,14.2,0,0,0,0.7,0.7,0.09,0.3,0.3
ENG-Premier League,2324,Brentford,Michael Olakigbe,ENG,"DF,FW",19,2004,0.7,0,3,0,0.0,4.58,0.0,0.0,,20.5,0,0,0,0.1,0.1,0.04,-0.1,-0.1
ENG-Premier League,2324,Brentford,Mikkel Damsgaard,DEN,MF,23,2000,9.4,0,9,4,44.4,0.96,0.43,0.0,0.0,18.0,1,0,0,0.9,0.9,0.1,-0.9,-0.9
ENG-Premier League,2324,Brentford,Myles Peart-Harris,ENG,"DF,MF",20,2002,0.1,0,0,0,,0.0,0.0,,,,0,0,0,0.0,0.0,,0.0,0.0
ENG-Premier League,2324,Brentford,Nathan Collins,IRL,DF,22,2001,29.5,1,10,2,20.0,0.34,0.07,0.1,0.5,9.9,0,0,0,1.7,1.7,0.17,-0.7,-0.7
ENG-Premier League,2324,Brentford,Neal Maupay,FRA,FW,26,1996,14.7,6,37,14,37.8,2.52,0.95,0.16,0.43,15.3,1,0,0,5.7,5.7,0.16,0.3,0.3
ENG-Premier League,2324,Brentford,Rico Henry,ENG,DF,26,1997,4.5,0,2,0,0.0,0.45,0.0,0.0,,19.2,0,0,0,0.1,0.1,0.04,-0.1,-0.1
ENG-Premier League,2324,Brentford,Saman Ghoddos,IRN,DF,29,1993,8.2,1,9,2,22.2,1.1,0.24,0.11,0.5,22.5,0,0,0,0.3,0.3,0.03,0.7,0.7
ENG-Premier League,2324,Brentford,Sergio Reguilón,ESP,DF,26,1996,12.4,0,13,1,7.7,1.05,0.08,0.0,0.0,18.2,0,0,0,0.8,0.8,0.06,-0.8,-0.8
ENG-Premier League,2324,Brentford,Shandon Baptiste,GRN,MF,25,1998,2.5,1,2,2,100.0,0.79,0.79,0.5,0.5,6.6,0,0,0,0.9,0.9,0.45,0.1,0.1
ENG-Premier League,2324,Brentford,Thomas Strakosha,ALB,GK,28,1995,1.5,0,0,0,,0.0,0.0,,,,0,0,0,0.0,0.0,,0.0,0.0
ENG-Premier League,2324,Brentford,Vitaly Janelt,GER,"MF,DF",25,1998,33.9,1,21,7,33.3,0.62,0.21,0.05,0.14,18.0,0,0,0,1.8,1.8,0.08,-0.8,-0.8
ENG-Premier League,2324,Brentford,Yehor Yarmoliuk,UKR,MF,19,2004,7.6,0,11,5,45.5,1.44,0.65,0.0,0.0,18.9,0,0,0,1.0,1.0,0.09,-1.0,-1.0
ENG-Premier League,2324,Brentford,Yoane Wissa,COD,FW,26,1996,27.7,12,67,24,35.8,2.42,0.87,0.18,0.5,12.9,0,0,0,10.6,10.6,0.16,1.4,1.4
ENG-Premier League,2324,Brighton,Adam Lallana,ENG,"MF,FW",35,1988,9.4,0,11,2,18.2,1.16,0.21,0.0,0.0,17.8,0,0,0,0.8,0.8,0.08,-0.8,-0.8
ENG-Premier League,2324,Brighton,Adam Webster,ENG,DF,28,1995,12.7,0,8,0,0.0,0.63,0.0,0.0,,9.9,0,0,0,0.4,0.4,0.05,-0.4,-0.4
ENG-Premier League,2324,Brighton,Ansu Fati,ESP,"MF,FW",20,2002,5.8,2,26,11,42.3,4.49,1.9,0.08,0.18,14.6,0,0,0,3.4,3.4,0.13,-1.4,-1.4
ENG-Premier League,2324,Brighton,Bart Verbruggen,NED,GK,20,2002,21.0,0,0,0,,0.0,0.0,,,,0,0,0,0.0,0.0,,0.0,0.0
ENG-Premier League,2324,Brighton,Benicio Boaitey,ENG,"FW,DF",19,2004,0.4,0,1,0,0.0,2.25,0.0,0.0,,25.2,0,0,0,0.0,0.0,0.02,0.0,0.0
ENG-Premier League,2324,Brighton,Billy Gilmour,SCO,MF,22,2001,23.6,0,25,5,20.0,1.06,0.21,0.0,0.0,25.4,0,0,0,1.0,1.0,0.04,-1.0,-1.0
ENG-Premier League,2324,Brighton,Carlos Baleba,CMR,MF,19,2004,14.7,0,21,5,23.8,1.43,0.34,0.0,0.0,24.4,0,0,0,0.8,0.8,0.04,-0.8,-0.8
ENG-Premier League,2324,Brighton,Danny Welbeck,ENG,"FW,MF",32,1990,18.8,5,41,16,39.0,2.18,0.85,0.12,0.31,14.5,1,0,0,5.3,5.3,0.13,-0.3,-0.3
ENG-Premier League,2324,Brighton,Evan Ferguson,IRL,FW,18,2004,15.2,6,33,20,60.6,2.17,1.32,0.18,0.3,15.5,0,0,0,4.6,4.6,0.14,1.4,1.4
ENG-Premier League,2324,Brighton,Facundo Buonanotte,ARG,"FW,MF",18,2004,15.2,3,21,8,38.1,1.39,0.53,0.14,0.38,16.8,0,0,0,2.4,2.4,0.11,0.6,0.6
ENG-Premier League,2324,Brighton,Igor,BRA,DF,25,1998,18.2,0,5,0,0.0,0.27,0.0,0.0,,21.0,0,0,0,0.3,0.3,0.05,-0.3,-0.3
ENG-Premier League,2324,Brighton,Jack Hinshelwood,ENG,DF,18,2005,9.7,3,14,8,57.1,1.45,0.83,0.21,0.38,9.2,0,0,0,1.9,1.9,0.14,1.1,1.1
ENG-Premier League,2324,Brighton,Jakub Moder,POL,"MF,DF",24,1999,6.9,0,11,3,27.3,1.6,0.44,0.0,0.0,17.8,1,0,0,0.6,0.6,0.05,-0.6,-0.6
ENG-Premier League,2324,Brighton,James Milner,ENG,"DF,MF",37,1986,8.6,0,5,1,20.0,0.58,0.12,0.0,0.0,17.2,0,0,0,0.3,0.3,0.06,-0.3,-0.3
ENG-Premier League,2324,Brighton,Jan Paul van Hecke,NED,DF,23,2000,26.3,0,15,6,40.0,0.57,0.23,0.0,0.0,11.3,0,0,0,1.2,1.2,0.08,-1.2,-1.2
ENG-Premier League,2324,Brighton,Jason Steele,ENG,GK,32,1990,17.0,0,0,0,,0.0,0.0,,,,0,0,0,0.0,0.0,,0.0,0.0
ENG-Premier League,2324,Brighton,João Pedro,BRA,"FW,MF",21,2001,22.7,9,70,20,28.6,3.08,0.88,0.07,0.25,14.4,0,4,5,11.9,7.9,0.11,-2.9,-2.9
ENG-Premier League,2324,Brighton,Joël Veltman,NED,DF,31,1992,17.6,1,5,3,60.0,0.28,0.17,0.2,0.33,14.2,0,0,0,0.4,0.4,0.08,0.6,0.6
ENG-Premier League,2324,Brighton,Julio Enciso,PAR,"MF,FW",19,2004,5.3,0,28,8,28.6,5.31,1.52,0.0,0.0,21.2,0,0,0,1.4,1.4,0.05,-1.4,-1.4
ENG-Premier League,2324,Brighton,Kaoru Mitoma,JPN,FW,26,1997,16.5,3,34,15,44.1,2.06,0.91,0.09,0.2,13.2,0,0,0,3.5,3.5,0.1,-0.5,-0.5
ENG-Premier League,2324,Brighton,Lewis Dunk,ENG,DF,31,1991,31.9,3,33,12,36.4,1.04,0.38,0.09,0.25,13.4,4,0,0,3.1,3.1,0.09,-0.1,-0.1
ENG-Premier League,2324,Brighton,Mahmoud Dahoud,GER,MF,27,1996,5.0,0,6,1,16.7,1.19,0.2,0.0,0.0,26.8,0,0,0,0.2,0.2,0.04,-0.2,-0.2
ENG-Premier League,2324,Brighton,Mark O'Mahony,IRL,FW,18,2005,0.7,0,1,0,0.0,1.43,0.0,0.0,,16.8,0,0,0,0.1,0.1,0.06,-0.1,-0.1
ENG-Premier League,2324,Brighton,Odeluga Offiah,ENG,DF,20,2002,1.4,0,0,0,,0.0,0.0,,,,0,0,0,0.0,0.0,,0.0,0.0
ENG-Premier League,2324,Brighton,Pascal Groß,GER,"MF,DF",32,1991,34.6,4,54,18,33.3,1.56,0.52,0.06,0.17,19.8,4,1,1,6.5,5.7,0.11,-2.5,-2.7
ENG-Premier League,2324,Brighton,Pervis Estupiñán,ECU,DF,25,1998,13.8,2,11,6,54.5,0.8,0.43,0.18,0.33,18.8,0,0,0,1.0,1.0,0.09,1.0,1.0
ENG-Premier League,2324,Brighton,Simon Adingra,CIV,FW,21,2002,24.7,6,52,22,42.3,2.11,0.89,0.12,0.27,15.9,0,0,0,4.3,4.3,0.08,1.7,1.7
ENG-Premier League,2324,Brighton,Solly March,ENG,"FW,DF",29,1994,6.2,3,14,6,42.9,2.27,0.97,0.21,0.5,16.6,1,0,0,2.0,2.0,0.14,1.0,1.0
ENG-Premier League,2324,Brighton,Tariq Lamptey,GHA,"DF,FW",22,2000,10.2,0,6,0,0.0,0.59,0.0,0.0,,18.2,0,0,0,0.4,0.4,0.07,-0.4,-0.4
ENG-Premier League,2324,Brighton,Valentín Barco,ARG,"DF,FW",19,2004,3.4,0,4,2,50.0,1.17,0.59,0.0,0.0,24.2,0,0,0,0.2,0.2,0.05,-0.2,-0.2
ENG-Premier League,2324,Burnley,Aaron Ramsey,ENG,"MF,FW",20,2003,5.9,0,6,2,33.3,1.02,0.34,0.0,0.0,16.5,0,0,0,0.3,0.3,0.06,-0.3,-0.3
ENG-Premier League,2324,Burnley,Ameen Al-Dakhil,BEL,DF,21,2002,11.7,1,8,3,37.5,0.68,0.26,0.13,0.33,16.0,0,0,0,1.3,1.3,0.16,-0.3,-0.3
ENG-Premier League,2324,Burnley,Anass Zaroury,MAR,"FW,MF",22,2000,1.7,0,3,1,33.3,1.78,0.59,0.0,0.0,20.9,0,0,0,0.2,0.2,0.06,-0.2,-0.2
ENG-Premier League,2324,Burnley,Arijanet Muric,KVX,GK,24,1998,10.0,0,0,0,,0.0,0.0,,,,0,0,0,0.0,0.0,,0.0,0.0
ENG-Premier League,2324,Burnley,Benson Manuel,ANG,"MF,FW",26,1997,1.3,0,4,2,50.0,3.1,1.55,0.0,0.0,24.0,0,0,0,0.1,0.1,0.02,-0.1,-0.1
ENG-Premier League,2324,Burnley,Charlie Taylor,ENG,DF,29,1993,25.9,1,10,1,10.0,0.39,0.04,0.1,1.0,25.8,0,0,0,0.2,0.2,0.02,0.8,0.8
ENG-Premier League,2324,Burnley,Connor Roberts,WAL,DF,27,1995,9.1,0,0,0,,0.0,0.0,,,,0,0,0,0.0,0.0,,0.0,0.0
ENG-Premier League,2324,Burnley,Dara O'Shea,IRL,DF,24,1999,32.1,3,19,5,26.3,0.59,0.16,0.16,0.6,10.6,0,0,0,0.7,0.7,0.04,2.3,2.3
ENG-Premier League,2324,Burnley,David Datro Fofana,CIV,FW,20,2002,9.8,4,19,10,52.6,1.95,1.02,0.21,0.4,14.0,0,0,0,4.5,4.5,0.24,-0.5,-0.5
ENG-Premier League,2324,Burnley,Han-Noah Massengo,FRA,"MF,DF",22,2001,0.2,0,0,0,,0.0,0.0,,,,0,0,0,0.0,0.0,,0.0,0.0
ENG-Premier League,2324,Burnley,Hannes Delcroix,HAI,DF,24,1999,6.5,0,4,2,50.0,0.61,0.31,0.0,0.0,11.2,0,0,0,0.4,0.4,0.09,-0.4,-0.4
ENG-Premier League,2324,Burnley,Hjalmar Ekdal,SWE,DF,24,1998,4.9,0,2,1,50.0,0.41,0.21,0.0,0.0,16.4,0,0,0,0.1,0.1,0.03,-0.1,-0.1
ENG-Premier League,2324,Burnley,Jack Cork,ENG,MF,34,1989,0.3,0,0,0,,0.0,0.0,,,,0,0,0,0.0,0.0,,0.0,0.0
ENG-Premier League,2324,Burnley,Jacob Bruun Larsen,DEN,"MF,FW",24,1998,13.9,6,43,14,32.6,3.1,1.01,0.12,0.36,19.2,11,1,1,5.0,4.2,0.1,1.0,0.8
ENG-Premier League,2324,Burnley,James Trafford,ENG,GK,20,2002,28.0,0,0,0,,0.0,0.0,,,,0,0,0,0.0,0.0,,0.0,0.0
ENG-Premier League,2324,Burnley,Jay Rodriguez,ENG,FW,34,1989,9.1,2,21,7,33.3,2.3,0.77,0.05,0.14,12.9,0,1,1,3.5,2.7,0.13,-1.5,-1.7
ENG-Premier League,2324,Burnley,Jordan Beyer,GER,DF,23,2000,13.7,0,5,0,0.0,0.36,0.0,0.0,,8.2,0,0,0,0.5,0.5,0.1,-0.5,-0.5
ENG-Premier League,2324,Burnley,Josh Brownhill,ENG,MF,27,1995,25.0,4,28,11,39.3,1.12,0.44,0.14,0.36,21.8,0,0,0,1.9,1.9,0.07,2.1,2.1
ENG-Premier League,2324,Burnley,Josh Cullen,IRL,MF,27,1996,22.9,2,16,5,31.3,0.7,0.22,0.13,0.4,22.8,0,0,0,0.6,0.6,0.04,1.4,1.4
ENG-Premier League,2324,Burnley,Jóhann Berg Guðmundsson,ISL,"MF,FW",32,1990,13.2,1,15,6,40.0,1.13,0.45,0.07,0.17,15.6,1,0,0,1.9,1.9,0.12,-0.9,-0.9
ENG-Premier League,2324,Burnley,Lorenz Assignon,TOG,DF,23,2000,13.7,1,9,4,44.4,0.66,0.29,0.11,0.25,22.1,0,0,0,0.4,0.4,0.04,0.6,0.6
ENG-Premier League,2324,Burnley,Luca Koleosho,ITA,"MF,FW",18,2004,10.8,1,23,5,21.7,2.13,0.46,0.04,0.2,18.5,0,0,0,2.0,2.0,0.09,-1.0,-1.0
ENG-Premier League,2324,Burnley,Lyle Foster,RSA,"FW,MF",22,2000,21.1,5,34,16,47.1,1.61,0.76,0.15,0.31,14.6,0,0,0,4.5,4.5,0.13,0.5,0.5
ENG-Premier League,2324,Burnley,Maxime Estève,FRA,DF,21,2002,14.5,0,7,0,0.0,0.48,0.0,0.0,,19.1,0,0,0,0.3,0.3,0.04,-0.3,-0.3
ENG-Premier League,2324,Burnley,Michael Obafemi,IRL,"FW,MF",23,2000,0.2,0,2,0,0.0,9.0,0.0,0.0,,19.8,0,0,0,0.1,0.1,0.05,-0.1,-0.1
ENG-Premier League,2324,Burnley,Mike Trésor,BEL,"FW,MF",24,1999,4.7,0,5,0,0.0,1.07,0.0,0.0,,19.7,1,0,0,0.5,0.5,0.09,-0.5,-0.5
ENG-Premier League,2324,Burnley,Nathan Redmond,ENG,"FW,MF",29,1994,1.6,0,0,0,,0.0,0.0,,,,0,0,0,0.0,0.0,,0.0,0.0
ENG-Premier League,2324,Burnley,Sander Berge,NOR,MF,25,1998,33.4,1,25,3,12.0,0.75,0.09,0.04,0.33,17.6,0,0,0,1.9,1.9,0.08,-0.9,-0.9
ENG-Premier League,2324,Burnley,Vitinho,BRA,"DF,MF",24,1999,25.7,0,25,4,16.0,0.97,0.16,0.0,0.0,18.0,0,0,0,1.6,1.6,0.06,-1.6,-1.6
ENG-Premier League,2324,Burnley,Wilson Odobert,FRA,"MF,FW",18,2004,23.3,3,49,14,28.6,2.1,0.6,0.06,0.21,19.4,0,0,0,2.8,2.8,0.06,0.2,0.2
ENG-Premier League,2324,Burnley,Zeki Amdouni,SUI,FW,22,2000,21.7,5,48,21,43.8,2.21,0.97,0.08,0.19,17.8,0,1,1,5.8,5.0,0.1,-0.8,-1.0
ENG-Premier League,2324,Chelsea,Alex Matos,ENG,MF,18,2004,0.0,0,0,0,,0.0,0.0,,,,0,0,0,0.0,0.0,,0.0,0.0
ENG-Premier League,2324,Chelsea,Alfie Gilchrist,ENG,DF,19,2003,2.3,1,5,1,20.0,2.17,0.43,0.2,1.0,13.5,0,0,0,0.3,0.3,0.06,0.7,0.7
ENG-Premier League,2324,Chelsea,Armando Broja,ALB,FW,21,2001,5.0,1,13,2,15.4,2.58,0.4,0.08,0.5,11.1,0,0,0,2.4,2.4,0.18,-1.4,-1.4
ENG-Premier League,2324,Chelsea,Axel Disasi,FRA,DF,25,1998,28.7,2,16,4,25.0,0.56,0.14,0.13,0.5,10.3,0,0,0,2.4,2.4,0.15,-0.4,-0.4
ENG-Premier League,2324,Chelsea,Ben Chilwell,ENG,DF,26,1996,8.4,0,12,4,33.3,1.43,0.48,0.0,0.0,16.6,1,0,0,1.2,1.2,0.1,-1.2,-1.2
ENG-Premier League,2324,Chelsea,Benoît Badiashile,FRA,DF,22,2001,14.9,0,6,1,16.7,0.4,0.07,0.0,0.0,14.1,0,0,0,0.3,0.3,0.05,-0.3,-0.3
ENG-Premier League,2324,Chelsea,Carney Chukwuemeka,ENG,"MF,FW",19,2003,2.5,1,3,2,66.7,1.19,0.79,0.33,0.5,19.9,0,0,0,0.2,0.2,0.05,0.8,0.8
ENG-Premier League,2324,Chelsea,Cesare Casadei,ITA,"FW,MF",20,2003,0.9,0,0,0,,0.0,0.0,,,,0,0,0,0.0,0.0,,0.0,0.0
ENG-Premier League,2324,Chelsea,Christopher Nkunku,FRA,"FW,MF",25,1997,4.9,3,16,7,43.8,3.25,1.42,0.19,0.43,11.4,0,0,0,2.3,2.3,0.14,0.7,0.7
ENG-Premier League,2324,Chelsea,Cole Palmer,ENG,"FW,MF",21,2002,29.0,22,100,37,37.0,3.45,1.28,0.13,0.35,22.1,11,9,9,18.2,11.1,0.11,3.8,1.9
ENG-Premier League,2324,Chelsea,Conor Gallagher,ENG,MF,23,2000,34.8,5,48,17,35.4,1.38,0.49,0.1,0.29,20.4,0,0,0,4.2,4.2,0.09,0.8,0.8
ENG-Premier League,2324,Chelsea,Deivid Washington,BRA,"DF,FW",18,2005,0.1,0,1,0,0.0,6.92,0.0,0.0,,9.0,0,0,0,0.5,0.5,0.47,-0.5,-0.5
ENG-Premier League,2324,Chelsea,Enzo Fernández,ARG,MF,22,2001,24.5,3,45,13,28.9,1.83,0.53,0.04,0.15,21.3,2,1,2,6.2,4.6,0.1,-3.2,-2.6
ENG-Premier League,2324,Chelsea,Ian Maatsen,NED,"FW,MF",21,2002,2.3,0,5,0,0.0,2.15,0.0,0.0,,17.1,0,0,0,0.8,0.8,0.16,-0.8,-0.8
ENG-Premier League,2324,Chelsea,Jimi Tauriainen,ENG,FW,19,2004,0.0,0,0,0,,0.0,0.0,,,,0,0,0,0.0,0.0,,0.0,0.0
ENG-Premier League,2324,Chelsea,Joshua Acheampong,ENG,DF,17,2006,0.1,0,0,0,,0.0,0.0,,,,0,0,0,0.0,0.0,,0.0,0.0
ENG-Premier League,2324,Chelsea,Lesley Ugochukwu,FRA,MF,19,2004,3.3,0,0,0,,0.0,0.0,,,,0,0,0,0.0,0.0,,0.0,0.0
ENG-Premier League,2324,Chelsea,Levi Colwill,ENG,DF,20,2003,20.0,1,11,3,27.3,0.55,0.15,0.09,0.33,11.9,0,0,0,1.3,1.3,0.12,-0.3,-0.3
ENG-Premier League,2324,Chelsea,Malo Gusto,FRA,DF,20,2003,19.5,0,15,5,33.3,0.77,0.26,0.0,0.0,18.2,0,0,0,0.9,0.9,0.06,-0.9,-0.9
ENG-Premier League,2324,Chelsea,Marc Cucurella,ESP,DF,25,1998,19.8,0,8,4,50.0,0.4,0.2,0.0,0.0,14.4,0,0,0,1.1,1.1,0.14,-1.1,-1.1
ENG-Premier League,2324,Chelsea,Mason Burstow,ENG,FW,19,2003,0.1,0,0,0,,0.0,0.0,,,,0,0,0,0.0,0.0,,0.0,0.0
ENG-Premier League,2324,Chelsea,Moisés Caicedo,ECU,MF,21,2001,31.8,1,13,4,30.8,0.41,0.13,0.08,0.25,29.0,0,0,0,0.4,0.4,0.03,0.6,0.6
ENG-Premier League,2324,Chelsea,Mykhailo Mudryk,UKR,FW,22,2001,17.5,5,35,12,34.3,2.0,0.69,0.14,0.42,17.2,0,0,0,4.4,4.4,0.13,0.6,0.6
ENG-Premier League,2324,Chelsea,Nicolas Jackson,SEN,FW,22,2001,31.1,14,80,38,47.5,2.57,1.22,0.18,0.37,12.6,0,0,0,18.6,18.6,0.23,-4.6,-4.6
ENG-Premier League,2324,Chelsea,Noni Madueke,ENG,FW,21,2002,11.7,5,31,12,38.7,2.65,1.03,0.13,0.33,19.0,0,1,1,2.5,1.7,0.05,2.5,2.3
ENG-Premier League,2324,Chelsea,Raheem Sterling,ENG,"FW,MF",28,1994,22.0,8,51,21,41.2,2.32,0.96,0.16,0.38,14.5,5,0,0,6.5,6.5,0.13,1.5,1.5
ENG-Premier League,2324,Chelsea,Reece James,ENG,DF,23,1999,4.7,0,7,1,14.3,1.5,0.21,0.0,0.0,20.9,3,0,0,0.3,0.3,0.04,-0.3,-0.3
ENG-Premier League,2324,Chelsea,Robert Sánchez,ESP,GK,25,1997,15.9,0,0,0,,0.0,0.0,,,,0,0,0,0.0,0.0,,0.0,0.0
ENG-Premier League,2324,Chelsea,Roméo Lavia,BEL,MF,19,2004,0.4,0,0,0,,0.0,0.0,,,,0,0,0,0.0,0.0,,0.0,0.0
ENG-Premier League,2324,Chelsea,Thiago Silva,BRA,DF,38,1984,28.1,3,14,4,28.6,0.5,0.14,0.21,0.75,9.4,0,0,0,0.8,0.8,0.06,2.2,2.2
ENG-Premier League,2324,Chelsea,Trevoh Chalobah,ENG,DF,24,1999,10.6,1,2,2,100.0,0.19,0.19,0.5,0.5,9.5,0,0,0,0.2,0.2,0.1,0.8,0.8
ENG-Premier League,2324,Chelsea,Đorđe Petrović,SRB,GK,23,1999,22.1,0,0,0,,0.0,0.0,,,,0,0,0,0.0,0.0,,0.0,0.0
ENG-Premier League,2324,Crystal Palace,Adam Wharton,ENG,MF,19,2004,14.4,0,10,1,10.0,0.69,0.07,0.0,0.0,24.2,0,0,0,0.3,0.3,0.03,-0.3,-0.3
ENG-Premier League,2324,Crystal Palace,Cheick Doucouré,MLI,MF,23,2000,10.2,0,6,2,33.3,0.59,0.2,0.0,0.0,21.6,0,0,0,0.3,0.3,0.05,-0.3,-0.3
ENG-Premier League,2324,Crystal Palace,Chris Richards,USA,"DF,MF",23,2000,23.3,1,11,3,27.3,0.47,0.13,0.09,0.33,10.0,0,0,0,0.6,0.6,0.05,0.4,0.4
ENG-Premier League,2324,Crystal Palace,Daniel Muñoz,COL,"DF,MF",27,1996,16.0,0,8,0,0.0,0.5,0.0,0.0,,8.5,0,0,0,1.2,1.2,0.15,-1.2,-1.2
ENG-Premier League,2324,Crystal Palace,David Ozoh,ENG,"MF,DF",18,2005,1.7,0,0,0,,0.0,0.0,,,,0,0,0,0.0,0.0,,0.0,0.0
ENG-Premier League,2324,Crystal Palace,Dean Henderson,ENG,GK,26,1997,18.0,0,0,0,,0.0,0.0,,,,0,0,0,0.0,0.0,,0.0,0.0
ENG-Premier League,2324,Crystal Palace,Eberechi Eze,ENG,"MF,FW",25,1998,22.8,11,82,33,40.2,3.59,1.45,0.12,0.3,20.7,12,1,1,9.1,8.3,0.1,1.9,1.7
ENG-Premier League,2324,Crystal Palace,James Tomkins,ENG,DF,34,1989,0.1,0,0,0,,0.0,0.0,,,,0,0,0,0.0,0.0,,0.0,0.0
ENG-Premier League,2324,Crystal Palace,Jaïro Riedewald,NED,"MF,FW",26,1996,2.6,0,1,0,0.0,0.38,0.0,0.0,,14.5,0,0,0,0.0,0.0,0.02,0.0,0.0
ENG-Premier League,2324,Crystal Palace,Jean-Philippe Mateta,FRA,FW,26,1997,25.4,16,44,25,56.8,1.74,0.99,0.32,0.56,12.7,0,2,2,10.9,9.4,0.21,5.1,4.6
ENG-Premier League,2324,Crystal Palace,Jefferson Lerma,COL,"MF,DF",28,1994,26.7,1,34,9,26.5,1.27,0.34,0.03,0.11,19.7,0,0,0,2.7,2.7,0.08,-1.7,-1.7
ENG-Premier League,2324,Crystal Palace,Jeffrey Schlupp,GHA,"FW,MF",30,1992,15.0,2,19,11,57.9,1.26,0.73,0.11,0.18,19.4,0,0,0,1.8,1.8,0.1,0.2,0.2
ENG-Premier League,2324,Crystal Palace,Jesurun Rak Sakyi,ENG,"MF,FW",20,2002,1.5,0,5,1,20.0,3.31,0.66,0.0,0.0,15.5,0,0,0,0.4,0.4,0.08,-0.4,-0.4
ENG-Premier League,2324,Crystal Palace,Joachim Andersen,DEN,DF,27,1996,37.9,2,21,8,38.1,0.55,0.21,0.1,0.25,12.8,1,0,0,1.7,1.7,0.08,0.3,0.3
ENG-Premier League,2324,Crystal Palace,Joel Ward,ENG,DF,33,1989,22.0,0,10,0,0.0,0.45,0.0,0.0,,18.0,0,0,0,0.9,0.9,0.09,-0.9,-0.9
ENG-Premier League,2324,Crystal Palace,Jordan Ayew,GHA,"FW,MF",31,1991,28.3,4,48,19,39.6,1.7,0.67,0.08,0.21,18.2,0,0,0,3.9,3.9,0.08,0.1,0.1
ENG-Premier League,2324,Crystal Palace,Marc Guéhi,ENG,DF,23,2000,22.5,0,5,0,0.0,0.22,0.0,0.0,,9.7,0,0,0,0.6,0.6,0.13,-0.6,-0.6
ENG-Premier League,2324,Crystal Palace,Matheus França,BRA,"MF,FW",19,2004,2.6,0,8,2,25.0,3.1,0.78,0.0,0.0,21.8,0,0,0,0.4,0.4,0.05,-0.4,-0.4
ENG-Premier League,2324,Crystal Palace,Michael Olise,FRA,"FW,MF",21,2001,14.2,10,56,20,35.7,3.95,1.41,0.16,0.45,18.5,4,1,1,5.5,4.7,0.08,4.5,4.3
ENG-Premier League,2324,Crystal Palace,Naouirou Ahamada,FRA,"MF,FW",21,2002,3.9,0,9,2,22.2,2.32,0.52,0.0,0.0,20.4,0,0,0,0.5,0.5,0.05,-0.5,-0.5
ENG-Premier League,2324,Crystal Palace,Nathaniel Clyne,ENG,DF,32,1991,14.9,0,4,0,0.0,0.27,0.0,0.0,,22.5,0,0,0,0.2,0.2,0.05,-0.2,-0.2
ENG-Premier League,2324,Crystal Palace,Odsonne Édouard,FRA,"FW,MF",25,1998,17.3,7,51,19,37.3,2.95,1.1,0.14,0.37,13.7,3,0,0,6.2,6.2,0.12,0.8,0.8
ENG-Premier League,2324,Crystal Palace,Remi Matthews,ENG,GK,29,1994,0.0,0,0,0,,0.0,0.0,,,,0,0,0,0.0,0.0,,0.0,0.0
ENG-Premier League,2324,Crystal Palace,Sam Johnstone,ENG,GK,30,1993,20.0,0,0,0,,0.0,0.0,,,,0,0,0,0.0,0.0,,0.0,0.0
ENG-Premier League,2324,Crystal Palace,Tyrick Mitchell,ENG,"DF,MF",23,1999,35.6,2,12,4,33.3,0.34,0.11,0.17,0.5,12.4,0,0,0,1.6,1.6,0.13,0.4,0.4
ENG-Premier League,2324,Crystal Palace,Will Hughes,ENG,MF,28,1995,21.0,0,8,3,37.5,0.38,0.14,0.0,0.0,18.3,0,0,0,0.3,0.3,0.04,-0.3,-0.3
ENG-Premier League,2324,Everton,Abdoulaye Doucouré,MLI,"FW,MF",30,1993,29.2,7,47,21,44.7,1.61,0.72,0.15,0.33,12.2,0,0,0,8.8,8.8,0.2,-1.8,-1.8
ENG-Premier League,2324,Everton,Alex Iwobi,NGA,MF,27,1996,1.6,0,4,2,50.0,2.57,1.29,0.0,0.0,16.2,0,0,0,0.3,0.3,0.08,-0.3,-0.3
ENG-Premier League,2324,Everton,Amadou Onana,BEL,MF,21,2001,23.2,2,29,6,20.7,1.25,0.26,0.07,0.33,19.3,0,0,0,2.0,2.0,0.07,0.0,0.0
ENG-Premier League,2324,Everton,André Gomes,POR,"MF,FW",30,1993,5.6,1,8,4,50.0,1.42,0.71,0.13,0.25,22.4,2,0,0,0.3,0.3,0.04,0.7,0.7
ENG-Premier League,2324,Everton,Arnaut Danjuma,NED,"MF,FW",26,1997,6.6,1,25,9,36.0,3.78,1.36,0.04,0.11,16.0,1,0,0,2.6,2.6,0.1,-1.6,-1.6
ENG-Premier League,2324,Everton,Ashley Young,ENG,"DF,MF",38,1985,25.3,0,13,2,15.4,0.51,0.08,0.0,0.0,21.9,3,0,0,0.6,0.6,0.05,-0.6,-0.6
ENG-Premier League,2324,Everton,Ben Godfrey,ENG,DF,25,1998,12.4,0,15,3,20.0,1.21,0.24,0.0,0.0,12.0,0,0,0,1.7,1.7,0.12,-1.7,-1.7
ENG-Premier League,2324,Everton,Beto,GNB,FW,25,1998,10.6,3,42,12,28.6,3.97,1.14,0.07,0.25,14.7,0,0,1,6.8,6.0,0.14,-3.8,-3.0
ENG-Premier League,2324,Everton,Dominic Calvert-Lewin,ENG,FW,26,1997,24.1,7,71,28,39.4,2.94,1.16,0.07,0.18,13.9,1,2,2,12.9,11.4,0.16,-5.9,-6.4
ENG-Premier League,2324,Everton,Dwight McNeil,ENG,"MF,FW",23,1999,32.1,3,57,14,24.6,1.77,0.44,0.05,0.21,21.0,0,0,0,3.4,3.4,0.06,-0.4,-0.4
ENG-Premier League,2324,Everton,Idrissa Gana Gueye,SEN,MF,33,1989,20.9,4,26,7,26.9,1.24,0.33,0.15,0.57,22.2,1,0,0,1.3,1.3,0.05,2.7,2.7
ENG-Premier League,2324,Everton,Jack Harrison,ENG,"MF,FW",26,1996,24.6,3,34,9,26.5,1.38,0.37,0.09,0.33,17.8,1,0,0,3.6,3.6,0.11,-0.6,-0.6
ENG-Premier League,2324,Everton,James Garner,ENG,MF,22,2001,33.4,1,41,10,24.4,1.23,0.3,0.02,0.1,22.1,5,0,0,2.7,2.7,0.07,-1.7,-1.7
ENG-Premier League,2324,Everton,James Tarkowski,ENG,DF,30,1992,38.0,1,25,4,16.0,0.66,0.11,0.04,0.25,9.9,0,0,0,2.6,2.6,0.1,-1.6,-1.6
ENG-Premier League,2324,Everton,Jarrad Branthwaite,ENG,DF,21,2002,34.6,3,14,4,28.6,0.4,0.12,0.21,0.75,11.6,0,0,0,1.7,1.7,0.12,1.3,1.3
ENG-Premier League,2324,Everton,Jordan Pickford,ENG,GK,29,1994,38.0,0,0,0,,0.0,0.0,,,,0,0,0,0.0,0.0,,0.0,0.0
ENG-Premier League,2324,Everton,Lewis Dobbin,ENG,MF,20,2003,2.6,1,5,2,40.0,1.94,0.78,0.2,0.5,15.6,0,0,0,0.3,0.3,0.06,0.7,0.7
ENG-Premier League,2324,Everton,Lewis Warrington,ENG,FW,20,2002,0.0,0,0,0,,0.0,0.0,,,,0,0,0,0.0,0.0,,0.0,0.0
ENG-Premier League,2324,Everton,Michael Keane,ENG,DF,30,1993,4.9,1,6,4,66.7,1.23,0.82,0.17,0.25,10.8,0,0,0,0.7,0.7,0.12,0.3,0.3
ENG-Premier League,2324,Everton,Nathan Patterson,SCO,DF,21,2001,11.2,0,4,0,0.0,0.36,0.0,0.0,,20.9,0,0,0,0.3,0.3,0.08,-0.3,-0.3
ENG-Premier League,2324,Everton,Neal Maupay,FRA,FW,26,1996,1.2,0,5,4,80.0,4.05,3.24,0.0,0.0,12.5,0,0,0,1.4,1.4,0.29,-1.4,-1.4
ENG-Premier League,2324,Everton,Séamus Coleman,IRL,DF,34,1988,7.4,0,0,0,,0.0,0.0,,,,0,0,0,0.0,0.0,,0.0,0.0
ENG-Premier League,2324,Everton,Thomas Cannon,IRL,FW,20,2002,0.0,0,0,0,,0.0,0.0,,,,0,0,0,0.0,0.0,,0.0,0.0
ENG-Premier League,2324,Everton,Tyler Onyango,ENG,MF,20,2003,0.0,0,0,0,,0.0,0.0,,,,0,0,0,0.0,0.0,,0.0,0.0
ENG-Premier League,2324,Everton,Vitaliy Mykolenko,UKR,DF,24,1999,27.4,2,26,5,19.2,0.95,0.18,0.08,0.4,18.9,0,0,0,1.5,1.5,0.06,0.5,0.5
ENG-Premier League,2324,Everton,Youssef Chermiti,POR,FW,19,2004,2.3,0,7,2,28.6,3.03,0.87,0.0,0.0,14.6,0,0,0,0.7,0.7,0.1,-0.7,-0.7
ENG-Premier League,2324,Fulham,Adama Traoré,ESP,"FW,MF",27,1996,4.2,2,11,7,63.6,2.63,1.67,0.18,0.29,16.0,0,0,0,1.5,1.5,0.14,0.5,0.5
ENG-Premier League,2324,Fulham,Aleksandar Mitrović,SRB,FW,28,1994,0.4,0,2,1,50.0,5.45,2.73,0.0,0.0,11.0,0,0,0,0.2,0.2,0.08,-0.2,-0.2
ENG-Premier League,2324,Fulham,Alex Iwobi,NGA,"FW,MF",27,1996,24.4,5,51,18,35.3,2.09,0.74,0.1,0.28,18.5,0,0,0,5.3,5.3,0.1,-0.3,-0.3
ENG-Premier League,2324,Fulham,Andreas Pereira,BRA,MF,27,1996,29.0,3,52,16,30.8,1.79,0.55,0.06,0.19,21.9,7,0,0,4.6,4.6,0.09,-1.6,-1.6
ENG-Premier League,2324,Fulham,Antonee Robinson,USA,DF,25,1997,36.3,0,16,7,43.8,0.44,0.19,0.0,0.0,22.9,0,0,0,0.7,0.7,0.04,-0.7,-0.7
ENG-Premier League,2324,Fulham,Armando Broja,ALB,FW,21,2001,1.0,0,0,0,,0.0,0.0,,,,0,0,0,0.0,0.0,,0.0,0.0
ENG-Premier League,2324,Fulham,Bernd Leno,GER,GK,31,1992,38.0,0,0,0,,0.0,0.0,,,,0,0,0,0.0,0.0,,0.0,0.0
ENG-Premier League,2324,Fulham,Bobby De Cordova-Reid,JAM,FW,30,1993,15.8,6,33,8,24.2,2.09,0.51,0.18,0.75,15.7,0,0,0,4.6,4.6,0.14,1.4,1.4
ENG-Premier League,2324,Fulham,Calvin Bassey,NGA,DF,23,1999,25.6,1,5,1,20.0,0.2,0.04,0.2,1.0,10.1,0,0,0,0.3,0.3,0.07,0.7,0.7
ENG-Premier League,2324,Fulham,Carlos Vinícius,BRA,FW,28,1995,3.5,2,9,5,55.6,2.57,1.43,0.22,0.4,10.9,0,0,0,1.6,1.6,0.18,0.4,0.4
ENG-Premier League,2324,Fulham,Fodé Ballo-Touré,SEN,"DF,MF",26,1997,0.8,0,0,0,,0.0,0.0,,,,0,0,0,0.0,0.0,,0.0,0.0
ENG-Premier League,2324,Fulham,Harrison Reed,ENG,MF,28,1995,14.7,0,9,2,22.2,0.61,0.14,0.0,0.0,23.6,1,0,0,0.3,0.3,0.03,-0.3,-0.3
ENG-Premier League,2324,Fulham,Harry Wilson,WAL,FW,26,1997,18.0,4,40,13,32.5,2.22,0.72,0.1,0.31,19.1,3,0,0,3.4,3.4,0.08,0.6,0.6
ENG-Premier League,2324,Fulham,Issa Diop,FRA,DF,26,1997,15.8,0,5,1,20.0,0.32,0.06,0.0,0.0,14.6,0,0,0,0.3,0.3,0.05,-0.3,-0.3
ENG-Premier League,2324,Fulham,João Palhinha,POR,MF,28,1995,30.0,4,45,14,31.1,1.5,0.47,0.09,0.29,17.9,1,0,0,3.3,3.3,0.07,0.7,0.7
ENG-Premier League,2324,Fulham,Kenny Tete,NED,DF,27,1995,9.6,1,4,1,25.0,0.42,0.1,0.25,1.0,7.9,0,0,0,0.9,0.9,0.21,0.1,0.1
ENG-Premier League,2324,Fulham,Luke Harris,WAL,MF,18,2005,0.8,0,1,1,100.0,1.2,1.2,0.0,0.0,11.2,0,0,0,0.3,0.3,0.28,-0.3,-0.3
ENG-Premier League,2324,Fulham,Raúl Jiménez,MEX,FW,32,1991,15.5,7,41,17,41.5,2.65,1.1,0.17,0.41,14.7,0,0,0,5.2,5.2,0.13,1.8,1.8
ENG-Premier League,2324,Fulham,Rodrigo Muniz,BRA,FW,22,2001,17.7,9,73,26,35.6,4.12,1.47,0.12,0.35,11.8,0,0,0,8.7,8.7,0.12,0.3,0.3
ENG-Premier League,2324,Fulham,Saša Lukić,SRB,MF,26,1996,12.5,1,13,3,23.1,1.04,0.24,0.08,0.33,17.1,0,0,0,1.6,1.6,0.12,-0.6,-0.6
ENG-Premier League,2324,Fulham,Tim Ream,USA,DF,35,1987,16.7,1,1,1,100.0,0.06,0.06,1.0,1.0,1.3,0,0,0,1.0,1.0,0.96,0.0,0.0
ENG-Premier League,2324,Fulham,Timothy Castagne,BEL,DF,27,1995,29.3,1,14,4,28.6,0.48,0.14,0.07,0.25,11.3,0,0,0,1.6,1.6,0.12,-0.6,-0.6
ENG-Premier League,2324,Fulham,Tom Cairney,SCO,MF,32,1991,16.5,1,17,8,47.1,1.03,0.48,0.06,0.13,21.2,0,0,0,1.1,1.1,0.06,-0.1,-0.1
ENG-Premier League,2324,Fulham,Tosin Adarabioyo,ENG,DF,25,1997,18.0,2,14,5,35.7,0.78,0.28,0.14,0.4,14.2,0,0,0,0.7,0.7,0.05,1.3,1.3
ENG-Premier League,2324,Fulham,Willian,BRA,FW,34,1988,22.8,4,43,16,37.2,1.89,0.7,0.05,0.13,20.4,2,2,2,5.1,3.6,0.08,-1.1,-1.6
ENG-Premier League,2324,Liverpool,Alexis Mac Allister,ARG,MF,24,1998,28.9,5,43,8,18.6,1.49,0.28,0.09,0.5,23.3,2,1,1,3.7,2.9,0.07,1.3,1.1
ENG-Premier League,2324,Liverpool,Alisson,BRA,GK,30,1992,28.0,0,0,0,,0.0,0.0,,,,0,0,0,0.0,0.0,,0.0,0.0
ENG-Premier League,2324,Liverpool,Andrew Robertson,SCO,DF,29,1994,18.8,3,12,6,50.0,0.64,0.32,0.25,0.5,12.5,0,0,0,1.9,1.9,0.16,1.1,1.1
ENG-Premier League,2324,Liverpool,Ben Gannon-Doak,SCO,FW,17,2005,0.2,0,0,0,,0.0,0.0,,,,0,0,0,0.0,0.0,,0.0,0.0
ENG-Premier League,2324,Liverpool,Bobby Clark,ENG,MF,18,2005,1.0,0,2,0,0.0,2.02,0.0,0.0,,18.7,0,0,0,0.1,0.1,0.07,-0.1,-0.1
ENG-Premier League,2324,Liverpool,Caoimhín Kelleher,IRL,GK,24,1998,10.0,0,0,0,,0.0,0.0,,,,0,0,0,0.0,0.0,,0.0,0.0
ENG-Premier League,2324,Liverpool,Cody Gakpo,NED,"FW,MF",24,1999,18.3,8,66,24,36.4,3.6,1.31,0.12,0.33,15.4,0,0,0,9.0,9.0,0.14,-1.0,-1.0
ENG-Premier League,2324,Liverpool,Conor Bradley,NIR,DF,20,2003,8.4,1,12,4,33.3,1.43,0.48,0.08,0.25,17.3,0,0,0,0.9,0.9,0.07,0.1,0.1
ENG-Premier League,2324,Liverpool,Curtis Jones,ENG,MF,22,2001,13.0,1,19,5,26.3,1.47,0.39,0.05,0.2,16.2,0,0,0,2.6,2.6,0.14,-1.6,-1.6
ENG-Premier League,2324,Liverpool,Darwin Núñez,URU,FW,24,1999,22.7,11,107,46,43.0,4.7,2.02,0.1,0.24,15.0,0,0,1,16.3,15.5,0.15,-5.3,-4.5
ENG-Premier League,2324,Liverpool,Diogo Jota,POR,FW,26,1996,12.7,10,41,19,46.3,3.22,1.49,0.24,0.53,12.3,0,0,0,5.3,5.3,0.13,4.7,4.7
ENG-Premier League,2324,Liverpool,Dominik Szoboszlai,HUN,MF,22,2000,23.4,3,60,15,25.0,2.57,0.64,0.05,0.2,24.3,7,0,0,3.7,3.7,0.06,-0.7,-0.7
ENG-Premier League,2324,Liverpool,Harvey Elliott,ENG,"MF,FW",20,2003,15.0,3,49,16,32.7,3.26,1.07,0.06,0.19,20.8,2,0,0,2.7,2.7,0.06,0.3,0.3
ENG-Premier League,2324,Liverpool,Ibrahima Konaté,FRA,DF,24,1999,17.5,0,11,2,18.2,0.63,0.11,0.0,0.0,11.6,0,0,0,0.7,0.7,0.06,-0.7,-0.7
ENG-Premier League,2324,Liverpool,James McConnell,ENG,MF,18,2004,0.0,0,0,0,,0.0,0.0,,,,0,0,0,0.0,0.0,,0.0,0.0
ENG-Premier League,2324,Liverpool,Jarell Quansah,ENG,DF,20,2003,13.2,2,6,4,66.7,0.45,0.3,0.33,0.5,10.6,0,0,0,1.0,1.0,0.17,1.0,1.0
ENG-Premier League,2324,Liverpool,Jayden Danns,ENG,FW,17,2006,0.1,0,0,0,,0.0,0.0,,,,0,0,0,0.0,0.0,,0.0,0.0
ENG-Premier League,2324,Liverpool,Joe Gomez,ENG,DF,26,1997,19.8,0,19,2,10.5,0.96,0.1,0.0,0.0,19.9,0,0,0,0.8,0.8,0.04,-0.8,-0.8
ENG-Premier League,2324,Liverpool,Joël Matip,CMR,DF,31,1991,8.7,0,5,0,0.0,0.58,0.0,0.0,,10.6,0,0,0,0.5,0.5,0.1,-0.5,-0.5
ENG-Premier League,2324,Liverpool,Kaide Gordon,ENG,FW,18,2004,0.0,0,0,0,,0.0,0.0,,,,0,0,0,0.0,0.0,,0.0,0.0
ENG-Premier League,2324,Liverpool,Kostas Tsimikas,GRE,DF,27,1996,7.5,0,3,0,0.0,0.4,0.0,0.0,,23.8,0,0,0,0.1,0.1,0.03,-0.1,-0.1
ENG-Premier League,2324,Liverpool,Luis Díaz,COL,FW,26,1997,29.2,8,94,32,34.0,3.22,1.1,0.09,0.25,15.0,0,0,0,11.9,11.9,0.13,-3.9,-3.9
ENG-Premier League,2324,Liverpool,Mohamed Salah,EGY,FW,31,1992,28.2,18,107,47,43.9,3.8,1.67,0.12,0.28,15.5,1,5,7,21.2,15.5,0.15,-3.2,-2.5
ENG-Premier League,2324,Liverpool,Owen Beck,WAL,DF,20,2002,0.1,0,0,0,,0.0,0.0,,,,0,0,0,0.0,0.0,,0.0,0.0
ENG-Premier League,2324,Liverpool,Ryan Gravenberch,NED,MF,21,2002,12.5,1,23,8,34.8,1.85,0.64,0.04,0.13,20.6,0,0,0,2.0,2.0,0.09,-1.0,-1.0
ENG-Premier League,2324,Liverpool,Stefan Bajcetic,ESP,MF,18,2004,0.3,0,0,0,,0.0,0.0,,,,0,0,0,0.0,0.0,,0.0,0.0
ENG-Premier League,2324,Liverpool,Thiago Alcántara,ESP,MF,32,1991,0.1,0,0,0,,0.0,0.0,,,,0,0,0,0.0,0.0,,0.0,0.0
ENG-Premier League,2324,Liverpool,Trent Alexander-Arnold,ENG,DF,24,1998,23.9,3,47,8,17.0,1.96,0.33,0.06,0.38,24.4,5,0,0,2.6,2.3,0.05,0.4,0.7
ENG-Premier League,2324,Liverpool,Virgil van Dijk,NED,DF,32,1991,35.3,2,45,14,31.1,1.27,0.4,0.04,0.14,12.6,1,0,0,2.8,2.8,0.06,-0.8,-0.8
ENG-Premier League,2324,Liverpool,Wataru Endo,JPN,MF,30,1993,19.1,1,10,3,30.0,0.52,0.16,0.1,0.33,22.0,0,0,0,0.5,0.5,0.05,0.5,0.5
ENG-Premier League,2324,Luton Town,Albert Sambi Lokonga,BEL,MF,23,1999,14.5,1,8,2,25.0,0.55,0.14,0.13,0.5,20.9,0,0,0,0.6,0.6,0.08,0.4,0.4
ENG-Premier League,2324,Luton Town,Alfie Doughty,ENG,DF,23,1999,32.5,2,26,8,30.8,0.8,0.25,0.08,0.25,16.3,2,0,0,1.3,1.3,0.05,0.7,0.7
ENG-Premier League,2324,Luton Town,Amari'i Bell,JAM,DF,29,1994,19.1,0,2,2,100.0,0.1,0.1,0.0,0.0,18.8,0,0,0,0.3,0.3,0.13,-0.3,-0.3
ENG-Premier League,2324,Luton Town,Andros Townsend,ENG,"MF,FW",32,1991,13.4,1,20,7,35.0,1.49,0.52,0.05,0.14,23.7,2,0,0,1.2,1.2,0.06,-0.2,-0.2
ENG-Premier League,2324,Luton Town,Carlton Morris,ENG,"FW,MF",27,1995,31.8,11,66,26,39.4,2.08,0.82,0.09,0.23,13.5,0,5,5,11.4,7.5,0.11,-0.4,-1.5
ENG-Premier League,2324,Luton Town,Cauley Woodrow,ENG,"FW,MF",28,1994,4.7,1,16,4,25.0,3.37,0.84,0.06,0.25,18.7,1,0,0,1.4,1.4,0.09,-0.4,-0.4
ENG-Premier League,2324,Luton Town,Chiedozie Ogbene,IRL,"MF,DF",26,1997,22.2,4,35,14,40.0,1.58,0.63,0.11,0.29,15.3,0,0,0,4.2,4.2,0.12,-0.2,-0.2
ENG-Premier League,2324,Luton Town,Daiki Hashioka,JPN,DF,24,1999,6.6,0,2,0,0.0,0.3,0.0,0.0,,18.1,0,0,0,0.1,0.1,0.05,-0.1,-0.1
ENG-Premier League,2324,Luton Town,Elijah Adebayo,ENG,FW,25,1998,15.8,10,31,14,45.2,1.97,0.89,0.32,0.71,9.6,0,0,0,5.9,5.9,0.19,4.1,4.1
ENG-Premier League,2324,Luton Town,Fred Onyedinma,ENG,"DF,MF",26,1996,4.5,0,5,2,40.0,1.11,0.44,0.0,0.0,12.9,0,0,0,0.2,0.2,0.03,-0.2,-0.2
ENG-Premier League,2324,Luton Town,Gabriel Osho,NGA,DF,24,1998,20.5,2,10,2,20.0,0.49,0.1,0.2,1.0,14.8,0,0,0,1.1,1.1,0.11,0.9,0.9
ENG-Premier League,2324,Luton Town,Issa Kaboré,BFA,DF,22,2001,19.2,0,6,1,16.7,0.31,0.05,0.0,0.0,15.8,0,0,0,0.2,0.2,0.04,-0.2,-0.2
ENG-Premier League,2324,Luton Town,Jacob Brown,SCO,"MF,FW",25,1998,11.3,2,26,6,23.1,2.3,0.53,0.08,0.33,14.1,0,0,0,2.8,2.8,0.11,-0.8,-0.8
ENG-Premier League,2324,Luton Town,James Shea,ENG,GK,32,1991,0.2,0,0,0,,0.0,0.0,,,,0,0,0,0.0,0.0,,0.0,0.0
ENG-Premier League,2324,Luton Town,Jordan Clark,ENG,MF,29,1993,14.5,1,17,4,23.5,1.17,0.28,0.06,0.25,16.9,0,0,0,1.0,1.0,0.06,0.0,0.0
ENG-Premier League,2324,Luton Town,Joseph Johnson,ENG,DF,17,2006,0.9,0,0,0,,0.0,0.0,,,,0,0,0,0.0,0.0,,0.0,0.0
ENG-Premier League,2324,Luton Town,Luke Berry,ENG,"MF,DF",31,1992,3.6,2,8,4,50.0,2.23,1.11,0.25,0.5,10.9,0,0,0,1.0,1.0,0.13,1.0,1.0
ENG-Premier League,2324,Luton Town,Mads Juel Andersen,DEN,DF,25,1997,4.4,1,3,1,33.3,0.68,0.23,0.33,1.0,9.2,0,0,0,0.3,0.3,0.09,0.7,0.7
ENG-Premier League,2324,Luton Town,Marvelous Nakamba,ZIM,MF,29,1994,12.6,0,5,0,0.0,0.4,0.0,0.0,,23.6,0,0,0,0.2,0.2,0.04,-0.2,-0.2
ENG-Premier League,2324,Luton Town,Pelly Ruddock Mpanzu,COD,MF,30,1993,12.2,0,11,1,9.1,0.9,0.08,0.0,0.0,19.7,0,0,0,0.6,0.6,0.06,-0.6,-0.6
ENG-Premier League,2324,Luton Town,Reece Burke,ENG,DF,26,1996,18.4,0,13,3,23.1,0.7,0.16,0.0,0.0,14.3,0,0,0,1.3,1.3,0.12,-1.3,-1.3
ENG-Premier League,2324,Luton Town,Ross Barkley,ENG,MF,29,1993,29.1,5,66,19,28.8,2.27,0.65,0.08,0.26,21.5,6,0,0,4.1,4.1,0.06,0.9,0.9
ENG-Premier League,2324,Luton Town,Ryan Giles,ENG,"DF,MF",23,2000,5.6,0,2,2,100.0,0.36,0.36,0.0,0.0,14.2,0,0,0,0.1,0.1,0.05,-0.1,-0.1
ENG-Premier League,2324,Luton Town,Tahith Chong,CUW,"MF,FW",23,1999,22.0,4,31,7,22.6,1.41,0.32,0.13,0.57,16.6,0,0,0,2.7,2.7,0.09,1.3,1.3
ENG-Premier League,2324,Luton Town,Teden Mengi,ENG,DF,21,2002,27.4,1,11,4,36.4,0.4,0.15,0.09,0.25,17.6,0,0,0,0.6,0.6,0.05,0.4,0.4
ENG-Premier League,2324,Luton Town,Thomas Kaminski,BEL,GK,30,1992,37.8,0,0,0,,0.0,0.0,,,,0,0,0,0.0,0.0,,0.0,0.0
ENG-Premier League,2324,Luton Town,Tom Lockyer,WAL,DF,28,1994,13.0,1,7,1,14.3,0.54,0.08,0.14,1.0,8.5,0,0,0,1.1,1.1,0.15,-0.1,-0.1
ENG-Premier League,2324,Luton Town,Zack Nelson,ENG,"MF,DF",18,2004,0.1,0,0,0,,0.0,0.0,,,,0,0,0,0.0,0.0,,0.0,0.0
ENG-Premier League,2324,Manchester City,Aymeric Laporte,ESP,DF,29,1994,0.1,0,1,1,100.0,7.5,7.5,0.0,0.0,10.8,0,0,0,0.0,0.0,0.04,0.0,0.0
ENG-Premier League,2324,Manchester City,Bernardo Silva,POR,"MF,FW",28,1994,28.6,6,34,15,44.1,1.19,0.52,0.18,0.4,15.9,0,0,0,3.7,3.7,0.11,2.3,2.3
ENG-Premier League,2324,Manchester City,Cole Palmer,ENG,MF,21,2002,0.1,0,0,0,,0.0,0.0,,,,0,0,0,0.0,0.0,,0.0,0.0
ENG-Premier League,2324,Manchester City,Ederson,BRA,GK,29,1993,30.9,0,0,0,,0.0,0.0,,,,0,0,0,0.0,0.0,,0.0,0.0
ENG-Premier League,2324,Manchester City,Erling Haaland,NOR,FW,23,2000,28.4,27,113,50,44.2,3.99,1.76,0.18,0.4,11.9,1,7,8,29.2,22.9,0.2,-2.2,-2.9
ENG-Premier League,2324,Manchester City,Jack Grealish,ENG,"FW,MF",27,1995,11.2,3,22,5,22.7,1.96,0.45,0.14,0.6,16.1,0,0,0,2.1,2.1,0.09,0.9,0.9
ENG-Premier League,2324,Manchester City,James Mcatee,ENG,MF,20,2002,0.0,0,0,0,,0.0,0.0,,,,0,0,0,0.0,0.0,,0.0,0.0
ENG-Premier League,2324,Manchester City,Jeremy Doku,BEL,"FW,MF",21,2002,17.7,3,55,19,34.5,3.1,1.07,0.05,0.16,16.4,0,0,0,2.5,2.5,0.05,0.5,0.5
ENG-Premier League,2324,Manchester City,John Stones,ENG,"DF,MF",29,1994,11.8,1,4,2,50.0,0.34,0.17,0.25,0.5,15.9,0,0,0,1.0,1.0,0.26,0.0,0.0
ENG-Premier League,2324,Manchester City,Joško Gvardiol,CRO,DF,21,2002,25.9,4,32,13,40.6,1.24,0.5,0.13,0.31,15.6,0,0,0,3.1,3.1,0.1,0.9,0.9
ENG-Premier League,2324,Manchester City,Julián Álvarez,ARG,"MF,FW",23,2000,29.4,11,96,37,38.5,3.26,1.26,0.09,0.24,17.8,13,2,2,13.0,11.5,0.12,-2.0,-2.5
ENG-Premier League,2324,Manchester City,Kalvin Phillips,ENG,MF,27,1995,1.0,0,2,0,0.0,1.94,0.0,0.0,,21.7,0,0,0,0.1,0.1,0.04,-0.1,-0.1
ENG-Premier League,2324,Manchester City,Kevin De Bruyne,BEL,MF,32,1991,13.6,4,44,17,38.6,3.24,1.25,0.09,0.24,21.4,6,0,0,2.4,2.4,0.05,1.6,1.6
ENG-Premier League,2324,Manchester City,Kyle Walker,ENG,DF,33,1990,30.7,0,16,3,18.8,0.52,0.1,0.0,0.0,29.4,1,0,0,0.4,0.4,0.02,-0.4,-0.4
ENG-Premier League,2324,Manchester City,Manuel Akanji,SUI,"DF,MF",28,1995,27.9,2,15,5,33.3,0.54,0.18,0.13,0.4,17.0,0,0,0,1.9,1.9,0.13,0.1,0.1
ENG-Premier League,2324,Manchester City,Mateo Kovačić,CRO,MF,29,1994,17.2,1,22,5,22.7,1.28,0.29,0.05,0.2,20.8,0,0,0,1.3,1.3,0.06,-0.3,-0.3
ENG-Premier League,2324,Manchester City,Matheus Nunes,POR,MF,24,1998,7.3,0,9,4,44.4,1.23,0.54,0.0,0.0,17.9,0,0,0,0.8,0.8,0.09,-0.8,-0.8
ENG-Premier League,2324,Manchester City,Nathan Aké,NED,DF,28,1995,22.7,2,20,5,25.0,0.88,0.22,0.1,0.4,10.8,0,0,0,2.5,2.5,0.12,-0.5,-0.5
ENG-Premier League,2324,Manchester City,Oscar Bobb,NOR,"FW,MF",20,2003,3.4,1,4,1,25.0,1.19,0.3,0.25,1.0,11.1,0,0,0,1.4,1.4,0.35,-0.4,-0.4
ENG-Premier League,2324,Manchester City,Phil Foden,ENG,"FW,MF",23,2000,31.7,19,105,48,45.7,3.31,1.51,0.18,0.4,18.5,4,0,0,10.3,10.3,0.1,8.7,8.7
ENG-Premier League,2324,Manchester City,Rico Lewis,ENG,"DF,MF",18,2004,9.0,2,5,4,80.0,0.56,0.44,0.4,0.5,15.5,0,0,0,0.6,0.6,0.13,1.4,1.4
ENG-Premier League,2324,Manchester City,Rodri,ESP,MF,27,1996,32.6,8,62,22,35.5,1.9,0.68,0.13,0.36,20.6,0,0,0,4.1,4.1,0.07,3.9,3.9
ENG-Premier League,2324,Manchester City,Rúben Dias,POR,DF,26,1997,28.4,0,20,8,40.0,0.7,0.28,0.0,0.0,15.2,0,0,0,1.4,1.4,0.07,-1.4,-1.4
ENG-Premier League,2324,Manchester City,Sergio Gómez,ESP,"FW,MF",22,2000,0.6,0,2,0,0.0,3.4,0.0,0.0,,15.4,0,0,0,0.2,0.2,0.12,-0.2,-0.2
ENG-Premier League,2324,Manchester City,Stefan Ortega,GER,GK,30,1992,7.1,0,0,0,,0.0,0.0,,,,0,0,0,0.0,0.0,,0.0,0.0
ENG-Premier League,2324,Manchester Utd,Aaron Wan-Bissaka,COD,DF,25,1997,19.8,0,3,1,33.3,0.15,0.05,0.0,0.0,20.2,0,0,0,0.1,0.1,0.04,-0.1,-0.1
ENG-Premier League,2324,Manchester Utd,Alejandro Garnacho,ARG,FW,19,2004,28.5,7,100,27,27.0,3.51,0.95,0.07,0.26,15.8,0,0,0,8.4,8.3,0.08,-1.4,-1.3
ENG-Premier League,2324,Manchester Utd,Amad Diallo,CIV,"FW,MF",21,2002,4.3,1,10,4,40.0,2.31,0.92,0.1,0.25,19.3,0,0,0,0.5,0.5,0.05,0.5,0.5
ENG-Premier League,2324,Manchester Utd,André Onana,CMR,GK,27,1996,38.0,0,0,0,,0.0,0.0,,,,0,0,0,0.0,0.0,,0.0,0.0
ENG-Premier League,2324,Manchester Utd,Anthony Martial,FRA,FW,27,1995,5.0,1,6,4,66.7,1.21,0.8,0.17,0.25,12.9,0,0,0,1.2,1.2,0.2,-0.2,-0.2
ENG-Premier League,2324,Manchester Utd,Antony,BRA,FW,23,2000,14.7,1,43,15,34.9,2.92,1.02,0.02,0.07,18.9,0,0,0,3.4,3.4,0.08,-2.4,-2.4
ENG-Premier League,2324,Manchester Utd,Bruno Fernandes,POR,"MF,FW",28,1994,34.6,10,90,35,38.9,2.6,1.01,0.07,0.17,22.8,11,4,5,10.0,6.1,0.07,0.0,-0.1
ENG-Premier League,2324,Manchester Utd,Casemiro,BRA,"MF,DF",31,1992,22.0,1,39,9,23.1,1.77,0.41,0.03,0.11,17.1,1,0,0,3.5,3.5,0.09,-2.5,-2.5
ENG-Premier League,2324,Manchester Utd,Christian Eriksen,DEN,MF,31,1992,12.7,1,13,4,30.8,1.03,0.32,0.08,0.25,22.0,2,0,0,1.0,1.0,0.08,0.0,0.0
ENG-Premier League,2324,Manchester Utd,Daniel Gore,ENG,MF,18,2004,0.0,0,0,0,,0.0,0.0,,,,0,0,0,0.0,0.0,,0.0,0.0
ENG-Premier League,2324,Manchester Utd,Diogo Dalot,POR,DF,24,1999,35.3,2,30,7,23.3,0.85,0.2,0.07,0.29,21.0,0,0,0,1.7,1.7,0.06,0.3,0.3
ENG-Premier League,2324,Manchester Utd,Donny van de Beek,NED,DF,26,1997,0.0,0,1,0,0.0,30.0,0.0,0.0,,16.1,0,0,0,0.0,0.0,0.04,0.0,0.0
ENG-Premier League,2324,Manchester Utd,Ethan Wheatley,ENG,FW,17,2006,0.2,0,0,0,,0.0,0.0,,,,0,0,0,0.0,0.0,,0.0,0.0
ENG-Premier League,2324,Manchester Utd,Facundo Pellistri,URU,"FW,MF",21,2001,1.9,0,4,2,50.0,2.09,1.05,0.0,0.0,11.5,0,0,0,0.7,0.7,0.18,-0.7,-0.7
ENG-Premier League,2324,Manchester Utd,Hannibal Mejbri,TUN,"MF,FW",20,2003,1.5,1,1,1,100.0,0.68,0.68,1.0,1.0,28.7,0,0,0,0.0,0.0,0.03,1.0,1.0
ENG-Premier League,2324,Manchester Utd,Harry Maguire,ENG,DF,30,1993,18.4,2,20,3,15.0,1.09,0.16,0.1,0.67,11.5,0,0,0,2.0,2.0,0.1,0.0,0.0
ENG-Premier League,2324,Manchester Utd,Jadon Sancho,ENG,"FW,MF",23,2000,0.9,0,0,0,,0.0,0.0,,,,0,0,0,0.0,0.0,,0.0,0.0
ENG-Premier League,2324,Manchester Utd,Jonny Evans,NIR,DF,35,1988,15.5,0,1,0,0.0,0.06,0.0,0.0,,5.4,0,0,0,0.1,0.1,0.06,-0.1,-0.1
ENG-Premier League,2324,Manchester Utd,Kobbie Mainoo,ENG,MF,18,2005,21.4,3,11,5,45.5,0.51,0.23,0.27,0.6,21.1,0,0,0,0.9,0.9,0.08,2.1,2.1
ENG-Premier League,2324,Manchester Utd,Lisandro Martínez,ARG,DF,25,1998,7.2,0,0,0,,0.0,0.0,,,,0,0,0,0.0,0.0,,0.0,0.0
ENG-Premier League,2324,Manchester Utd,Luke Shaw,ENG,DF,28,1995,10.7,0,2,0,0.0,0.19,0.0,0.0,,21.2,0,0,0,0.0,0.0,0.02,0.0,0.0
ENG-Premier League,2324,Manchester Utd,Marcus Rashford,ENG,FW,25,1997,25.2,7,60,19,31.7,2.38,0.75,0.08,0.26,16.8,1,2,2,7.4,5.8,0.1,-0.4,-0.8
ENG-Premier League,2324,Manchester Utd,Mason Mount,ENG,"MF,FW",24,1999,5.7,1,5,1,20.0,0.87,0.17,0.2,1.0,13.6,0,0,0,0.4,0.4,0.08,0.6,0.6
ENG-Premier League,2324,Manchester Utd,Omari Forson,ENG,FW,19,2004,0.8,0,1,0,0.0,1.29,0.0,0.0,,21.6,0,0,0,0.0,0.0,0.03,0.0,0.0
ENG-Premier League,2324,Manchester Utd,Raphaël Varane,FRA,DF,30,1993,15.3,1,8,2,25.0,0.52,0.13,0.13,0.5,9.2,0,0,0,1.3,1.3,0.16,-0.3,-0.3
ENG-Premier League,2324,Manchester Utd,Rasmus Højlund,DEN,FW,20,2003,24.0,10,38,20,52.6,1.58,0.83,0.26,0.5,11.6,0,0,0,7.6,7.6,0.2,2.4,2.4
ENG-Premier League,2324,Manchester Utd,Scott McTominay,SCO,"MF,FW",26,1996,21.1,7,44,19,43.2,2.08,0.9,0.16,0.37,14.6,0,0,0,5.7,5.7,0.14,1.3,1.3
ENG-Premier League,2324,Manchester Utd,Sergio Reguilón,ESP,DF,26,1996,4.6,0,4,0,0.0,0.87,0.0,0.0,,18.1,0,0,0,0.2,0.2,0.05,-0.2,-0.2
ENG-Premier League,2324,Manchester Utd,Sofyan Amrabat,MAR,"MF,DF",26,1996,10.4,0,3,0,0.0,0.29,0.0,0.0,,26.1,0,0,0,0.1,0.1,0.02,-0.1,-0.1
ENG-Premier League,2324,Manchester Utd,Victor Lindelöf,SWE,DF,29,1994,14.8,1,6,4,66.7,0.41,0.27,0.17,0.25,10.4,0,0,0,0.8,0.8,0.13,0.2,0.2
ENG-Premier League,2324,Manchester Utd,Willy Kambwala,FRA,DF,18,2004,3.7,0,0,0,,0.0,0.0,,,,0,0,0,0.0,0.0,,0.0,0.0
ENG-Premier League,2324,Newcastle Utd,Alex Murphy,IRL,"DF,FW",19,2004,0.1,0,0,0,,0.0,0.0,,,,0,0,0,0.0,0.0,,0.0,0.0
ENG-Premier League,2324,Newcastle Utd,Alexander Isak,SWE,FW,23,1999,25.1,21,72,36,50.0,2.87,1.44,0.22,0.44,14.5,1,5,6,20.3,15.6,0.22,0.7,0.4
ENG-Premier League,2324,Newcastle Utd,Amadou Diallo,ENG,MF,20,2003,0.0,0,0,0,,0.0,0.0,,,,0,0,0,0.0,0.0,,0.0,0.0
ENG-Premier League,2324,Newcastle Utd,Anthony Gordon,ENG,FW,22,2001,32.1,11,80,29,36.3,2.49,0.9,0.13,0.34,17.3,1,1,1,10.2,9.4,0.12,0.8,0.6
ENG-Premier League,2324,Newcastle Utd,Ben Parkinson,ENG,FW,18,2005,0.3,0,0,0,,0.0,0.0,,,,0,0,0,0.0,0.0,,0.0,0.0
ENG-Premier League,2324,Newcastle Utd,Bruno Guimarães,BRA,MF,25,1997,36.3,7,48,16,33.3,1.32,0.44,0.15,0.44,17.8,0,0,0,4.8,4.8,0.1,2.2,2.2
ENG-Premier League,2324,Newcastle Utd,Callum Wilson,ENG,FW,31,1992,11.0,9,33,18,54.5,3.0,1.63,0.21,0.39,11.8,0,2,2,8.8,7.2,0.22,0.2,-0.2
ENG-Premier League,2324,Newcastle Utd,Dan Burn,ENG,DF,31,1992,30.3,2,23,5,21.7,0.76,0.17,0.09,0.4,8.1,0,0,0,3.1,3.1,0.14,-1.1,-1.1
ENG-Premier League,2324,Newcastle Utd,Elliot Anderson,ENG,"MF,FW",20,2002,11.4,0,19,4,21.1,1.67,0.35,0.0,0.0,14.5,0,0,0,1.5,1.5,0.08,-1.5,-1.5
ENG-Premier League,2324,Newcastle Utd,Emil Krafth,SWE,DF,28,1994,10.1,0,4,0,0.0,0.39,0.0,0.0,,17.9,0,0,0,0.2,0.2,0.05,-0.2,-0.2
ENG-Premier League,2324,Newcastle Utd,Fabian Schär,SUI,DF,31,1991,33.9,4,35,9,25.7,1.03,0.27,0.11,0.44,18.9,3,0,0,2.5,2.5,0.07,1.5,1.5
ENG-Premier League,2324,Newcastle Utd,Harvey Barnes,ENG,"FW,MF",25,1997,8.9,5,27,12,44.4,3.03,1.35,0.19,0.42,16.0,0,0,0,3.6,3.6,0.13,1.4,1.4
ENG-Premier League,2324,Newcastle Utd,Jacob Murphy,ENG,"FW,DF",28,1995,13.2,3,30,10,33.3,2.27,0.76,0.1,0.3,19.6,0,0,0,2.1,2.1,0.07,0.9,0.9
ENG-Premier League,2324,Newcastle Utd,Jamaal Lascelles,ENG,DF,29,1993,12.0,1,6,1,16.7,0.5,0.08,0.17,1.0,9.3,0,0,0,0.7,0.7,0.12,0.3,0.3
ENG-Premier League,2324,Newcastle Utd,Joe White,ENG,MF,20,2002,0.1,0,0,0,,0.0,0.0,,,,0,0,0,0.0,0.0,,0.0,0.0
ENG-Premier League,2324,Newcastle Utd,Joe Willock,ENG,MF,23,1999,4.7,1,7,3,42.9,1.5,0.64,0.14,0.33,10.9,0,0,0,0.8,0.8,0.12,0.2,0.2
ENG-Premier League,2324,Newcastle Utd,Joelinton,BRA,"MF,FW",26,1996,14.2,2,19,7,36.8,1.34,0.49,0.11,0.29,15.5,0,0,0,3.1,3.1,0.16,-1.1,-1.1
ENG-Premier League,2324,Newcastle Utd,Kieran Trippier,ENG,DF,32,1990,24.8,1,8,2,25.0,0.32,0.08,0.13,0.5,23.8,4,0,0,0.7,0.7,0.08,0.3,0.3
ENG-Premier League,2324,Newcastle Utd,Lewis Hall,ENG,DF,18,2004,8.7,1,11,4,36.4,1.27,0.46,0.09,0.25,20.8,0,0,0,0.3,0.3,0.03,0.7,0.7
ENG-Premier League,2324,Newcastle Utd,Lewis Miley,ENG,MF,17,2006,13.4,1,13,3,23.1,0.97,0.22,0.08,0.33,15.4,0,0,0,1.2,1.2,0.1,-0.2,-0.2
ENG-Premier League,2324,Newcastle Utd,Loris Karius,GER,GK,30,1993,1.0,0,0,0,,0.0,0.0,,,,0,0,0,0.0,0.0,,0.0,0.0
ENG-Premier League,2324,Newcastle Utd,Martin Dúbravka,SVK,GK,34,1989,22.1,0,0,0,,0.0,0.0,,,,0,0,0,0.0,0.0,,0.0,0.0
ENG-Premier League,2324,Newcastle Utd,Matt Ritchie,SCO,"FW,MF",33,1989,1.4,1,6,4,66.7,4.22,2.81,0.17,0.25,12.0,0,0,0,1.0,1.0,0.16,0.0,0.0
ENG-Premier League,2324,Newcastle Utd,Matt Targett,ENG,DF,27,1995,0.9,0,0,0,,0.0,0.0,,,,0,0,0,0.0,0.0,,0.0,0.0
ENG-Premier League,2324,Newcastle Utd,Michael Ndiweni,ENG,FW,19,2003,0.0,0,0,0,,0.0,0.0,,,,0,0,0,0.0,0.0,,0.0,0.0
ENG-Premier League,2324,Newcastle Utd,Miguel Almirón,PAR,FW,29,1994,21.5,3,41,12,29.3,1.91,0.56,0.07,0.25,16.1,0,0,0,4.5,4.5,0.11,-1.5,-1.5
ENG-Premier League,2324,Newcastle Utd,Nick Pope,ENG,GK,31,1992,14.9,0,1,0,0.0,0.07,0.0,0.0,,14.3,0,0,0,0.0,0.0,0.03,0.0,0.0
ENG-Premier League,2324,Newcastle Utd,Paul Dummett,WAL,DF,31,1991,0.2,0,1,0,0.0,4.5,0.0,0.0,,16.1,0,0,0,0.0,0.0,0.02,0.0,0.0
ENG-Premier League,2324,Newcastle Utd,Sandro Tonali,ITA,MF,23,2000,4.9,1,3,2,66.7,0.62,0.41,0.33,0.5,15.8,0,0,0,0.7,0.7,0.22,0.3,0.3
ENG-Premier League,2324,Newcastle Utd,Sean Longstaff,ENG,MF,25,1997,30.5,6,41,15,36.6,1.34,0.49,0.15,0.4,14.5,0,0,0,6.6,6.6,0.16,-0.6,-0.6
ENG-Premier League,2324,Newcastle Utd,Sven Botman,NED,DF,23,2000,15.3,2,10,2,20.0,0.65,0.13,0.2,1.0,10.5,0,0,0,0.6,0.6,0.06,1.4,1.4
ENG-Premier League,2324,Newcastle Utd,Valentino Livramento,ENG,DF,20,2002,14.6,1,4,2,50.0,0.27,0.14,0.25,0.5,12.9,0,0,0,0.4,0.4,0.09,0.6,0.6
ENG-Premier League,2324,Nott'ham Forest,Andrew Omobamidele,IRL,DF,21,2002,8.7,0,1,0,0.0,0.11,0.0,0.0,,5.1,0,0,0,0.1,0.1,0.14,-0.1,-0.1
ENG-Premier League,2324,Nott'ham Forest,Andrey Santos,BRA,MF,19,2004,0.1,0,2,0,0.0,22.5,0.0,0.0,,22.6,0,0,0,0.1,0.1,0.03,-0.1,-0.1
ENG-Premier League,2324,Nott'ham Forest,Anthony Elanga,SWE,"FW,MF",21,2002,27.0,5,54,22,40.7,2.0,0.81,0.09,0.23,16.2,0,0,0,6.6,6.6,0.12,-1.6,-1.6
ENG-Premier League,2324,Nott'ham Forest,Brandon Aguilera,CRC,FW,20,2003,0.1,0,0,0,,0.0,0.0,,,,0,0,0,0.0,0.0,,0.0,0.0
ENG-Premier League,2324,Nott'ham Forest,Brennan Johnson,WAL,"FW,MF",22,2001,2.6,0,3,0,0.0,1.14,0.0,0.0,,19.7,0,0,0,0.3,0.3,0.11,-0.3,-0.3
ENG-Premier League,2324,Nott'ham Forest,Callum Hudson-Odoi,ENG,"FW,MF",22,2000,20.6,8,38,20,52.6,1.84,0.97,0.21,0.4,18.3,1,0,0,2.7,2.7,0.07,5.3,5.3
ENG-Premier League,2324,Nott'ham Forest,Cheikhou Kouyaté,SEN,MF,33,1989,2.4,0,5,1,20.0,2.12,0.42,0.0,0.0,19.8,0,0,0,0.3,0.3,0.06,-0.3,-0.3
ENG-Premier League,2324,Nott'ham Forest,Chris Wood,NZL,FW,31,1991,20.1,14,48,26,54.2,2.38,1.29,0.29,0.54,10.2,0,0,0,11.9,11.9,0.25,2.1,2.1
ENG-Premier League,2324,Nott'ham Forest,Danilo,BRA,MF,22,2001,19.9,2,23,7,30.4,1.16,0.35,0.09,0.29,21.0,0,0,0,1.8,1.8,0.08,0.2,0.2
ENG-Premier League,2324,Nott'ham Forest,Divock Origi,BEL,FW,28,1995,6.7,0,14,2,14.3,2.08,0.3,0.0,0.0,19.7,0,0,0,1.4,1.4,0.1,-1.4,-1.4
ENG-Premier League,2324,Nott'ham Forest,Felipe,BRA,DF,34,1989,4.2,0,3,0,0.0,0.72,0.0,0.0,,16.6,0,0,0,0.1,0.1,0.04,-0.1,-0.1
ENG-Premier League,2324,Nott'ham Forest,Gio Reyna,USA,"FW,MF",20,2002,2.6,0,5,2,40.0,1.91,0.77,0.0,0.0,21.3,0,0,0,0.3,0.3,0.06,-0.3,-0.3
ENG-Premier League,2324,Nott'ham Forest,Gonzalo Montiel,ARG,DF,26,1997,8.9,0,3,0,0.0,0.34,0.0,0.0,,18.4,0,0,0,0.1,0.1,0.04,-0.1,-0.1
ENG-Premier League,2324,Nott'ham Forest,Harry Toffolo,ENG,DF,27,1995,16.2,1,8,5,62.5,0.49,0.31,0.13,0.2,14.4,0,0,0,1.6,1.6,0.21,-0.6,-0.6
ENG-Premier League,2324,Nott'ham Forest,Ibrahim Sangaré,CIV,MF,25,1997,11.5,0,8,0,0.0,0.7,0.0,0.0,,17.0,0,0,0,0.6,0.6,0.08,-0.6,-0.6
ENG-Premier League,2324,Nott'ham Forest,Joe Worrall,ENG,DF,26,1997,4.9,0,2,0,0.0,0.41,0.0,0.0,,10.6,0,0,0,0.1,0.1,0.06,-0.1,-0.1
ENG-Premier League,2324,Nott'ham Forest,Matt Turner,USA,GK,29,1994,17.0,0,0,0,,0.0,0.0,,,,0,0,0,0.0,0.0,,0.0,0.0
ENG-Premier League,2324,Nott'ham Forest,Matz Sels,BEL,GK,31,1992,16.0,0,0,0,,0.0,0.0,,,,0,0,0,0.0,0.0,,0.0,0.0
ENG-Premier League,2324,Nott'ham Forest,Morgan Gibbs-White,ENG,"MF,FW",23,2000,35.1,5,70,13,18.6,2.0,0.37,0.06,0.31,19.8,4,1,1,6.9,6.1,0.09,-1.9,-2.1
ENG-Premier League,2324,Nott'ham Forest,Moussa Niakhate,SEN,DF,27,1996,16.2,1,5,1,20.0,0.31,0.06,0.2,1.0,9.0,0,0,0,1.1,1.1,0.22,-0.1,-0.1
ENG-Premier League,2324,Nott'ham Forest,Murillo,BRA,DF,21,2002,31.0,0,17,6,35.3,0.55,0.19,0.0,0.0,22.6,2,0,0,1.8,1.8,0.11,-1.8,-1.8
ENG-Premier League,2324,Nott'ham Forest,Neco Williams,WAL,DF,22,2001,18.2,0,15,4,26.7,0.82,0.22,0.0,0.0,18.9,0,0,0,0.8,0.8,0.05,-0.8,-0.8
ENG-Premier League,2324,Nott'ham Forest,Nicolás Domínguez,ARG,"MF,FW",25,1998,16.6,2,22,6,27.3,1.32,0.36,0.09,0.33,16.9,0,0,0,1.3,1.3,0.06,0.7,0.7
ENG-Premier League,2324,Nott'ham Forest,Nuno Tavares,POR,DF,23,2000,5.1,0,7,1,14.3,1.38,0.2,0.0,0.0,26.1,0,0,0,0.2,0.2,0.02,-0.2,-0.2
ENG-Premier League,2324,Nott'ham Forest,Odysseas Vlachodimos,GRE,GK,29,1994,5.0,0,0,0,,0.0,0.0,,,,0,0,0,0.0,0.0,,0.0,0.0
ENG-Premier League,2324,Nott'ham Forest,Ola Aina,NGA,DF,26,1996,18.8,1,11,1,9.1,0.59,0.05,0.09,1.0,26.6,0,0,0,0.3,0.3,0.02,0.7,0.7
ENG-Premier League,2324,Nott'ham Forest,Orel Mangala,BEL,MF,25,1998,17.4,1,10,1,10.0,0.58,0.06,0.1,1.0,18.9,0,0,0,0.8,0.8,0.08,0.2,0.2
ENG-Premier League,2324,Nott'ham Forest,Rodrigo Ribeiro,POR,"MF,FW",18,2005,0.2,0,0,0,,0.0,0.0,,,,0,0,0,0.0,0.0,,0.0,0.0
ENG-Premier League,2324,Nott'ham Forest,Ryan Yates,ENG,MF,25,1997,22.1,1,32,7,21.9,1.45,0.32,0.03,0.14,18.2,0,0,0,2.6,2.6,0.08,-1.6,-1.6
ENG-Premier League,2324,Nott'ham Forest,Scott McKenna,SCO,DF,26,1996,4.6,0,2,0,0.0,0.43,0.0,0.0,,10.8,0,0,0,0.2,0.2,0.1,-0.2,-0.2
ENG-Premier League,2324,Nott'ham Forest,Serge Aurier,CIV,"DF,MF",30,1992,9.3,0,6,1,16.7,0.65,0.11,0.0,0.0,16.0,0,0,0,0.2,0.2,0.03,-0.2,-0.2
ENG-Premier League,2324,Nott'ham Forest,Taiwo Awoniyi,NGA,FW,25,1997,11.6,6,22,11,50.0,1.9,0.95,0.27,0.55,11.5,0,0,0,4.7,4.7,0.22,1.3,1.3
ENG-Premier League,2324,Nott'ham Forest,Willy Boly,CIV,DF,32,1991,16.0,2,14,6,42.9,0.88,0.38,0.14,0.33,10.4,0,0,0,1.5,1.5,0.11,0.5,0.5
ENG-Premier League,2324,Sheffield Utd,Andre Brooks,ENG,"MF,DF",19,2003,10.4,0,9,2,22.2,0.86,0.19,0.0,0.0,19.5,0,0,0,0.4,0.4,0.04,-0.4,-0.4
ENG-Premier League,2324,Sheffield Utd,Anel Ahmedhodžić,BIH,DF,24,1999,29.4,2,19,5,26.3,0.65,0.17,0.11,0.4,11.9,0,0,0,3.1,3.1,0.17,-1.1,-1.1
ENG-Premier League,2324,Sheffield Utd,Anis Ben Slimane,TUN,MF,22,2001,4.7,0,8,3,37.5,1.72,0.64,0.0,0.0,18.2,0,0,0,0.8,0.8,0.1,-0.8,-0.8
ENG-Premier League,2324,Sheffield Utd,Antwoine Hackford,ENG,FW,19,2004,0.1,0,0,0,,0.0,0.0,,,,0,0,0,0.0,0.0,,0.0,0.0
ENG-Premier League,2324,Sheffield Utd,Auston Trusty,USA,DF,24,1998,28.6,0,8,2,25.0,0.28,0.07,0.0,0.0,13.0,0,0,0,0.4,0.4,0.05,-0.4,-0.4
ENG-Premier League,2324,Sheffield Utd,Ben Brereton,CHI,"FW,MF",24,1999,12.3,6,34,16,47.1,2.77,1.3,0.15,0.31,14.5,0,1,1,6.1,5.3,0.16,-0.1,-0.3
ENG-Premier League,2324,Sheffield Utd,Ben Osborn,ENG,"DF,MF",28,1994,15.2,0,4,0,0.0,0.26,0.0,0.0,,23.5,0,0,0,0.2,0.2,0.06,-0.2,-0.2
ENG-Premier League,2324,Sheffield Utd,Bénie Traoré,CIV,"FW,MF",20,2002,4.3,0,1,1,100.0,0.23,0.23,0.0,0.0,15.3,0,0,0,0.3,0.3,0.27,-0.3,-0.3
ENG-Premier League,2324,Sheffield Utd,Cameron Archer,ENG,"FW,MF",22,2001,20.4,4,42,9,21.4,2.06,0.44,0.1,0.44,16.7,0,0,0,5.5,5.5,0.14,-1.5,-1.5
ENG-Premier League,2324,Sheffield Utd,Chris Basham,ENG,"DF,MF",35,1988,3.6,0,2,0,0.0,0.56,0.0,0.0,,10.8,0,0,0,0.1,0.1,0.06,-0.1,-0.1
ENG-Premier League,2324,Sheffield Utd,Daniel Jebbison,CAN,FW,19,2003,0.2,0,0,0,,0.0,0.0,,,,0,0,0,0.0,0.0,,0.0,0.0
ENG-Premier League,2324,Sheffield Utd,George Baldock,GRE,DF,30,1993,10.8,0,1,0,0.0,0.09,0.0,0.0,,22.2,0,0,0,0.0,0.0,0.02,0.0,0.0
ENG-Premier League,2324,Sheffield Utd,Gustavo Hamer,NED,MF,26,1997,32.3,4,49,13,26.5,1.52,0.4,0.08,0.31,23.5,6,0,0,3.0,3.0,0.06,1.0,1.0
ENG-Premier League,2324,Sheffield Utd,Ivo Grbić,CRO,GK,27,1996,8.6,0,0,0,,0.0,0.0,,,,0,0,0,0.0,0.0,,0.0,0.0
ENG-Premier League,2324,Sheffield Utd,Jack Robinson,ENG,DF,29,1993,32.1,1,14,5,35.7,0.44,0.16,0.07,0.2,12.7,0,0,0,1.2,1.2,0.09,-0.2,-0.2
ENG-Premier League,2324,Sheffield Utd,James Mcatee,ENG,"MF,FW",20,2002,20.2,3,25,8,32.0,1.23,0.4,0.08,0.25,18.6,2,1,1,3.1,2.3,0.09,-0.1,-0.3
ENG-Premier League,2324,Sheffield Utd,Jayden Bogle,ENG,DF,23,2000,31.0,3,32,11,34.4,1.03,0.36,0.09,0.27,16.2,0,0,0,2.3,2.3,0.07,0.7,0.7
ENG-Premier League,2324,Sheffield Utd,John Egan,IRL,DF,30,1992,5.4,0,3,1,33.3,0.56,0.19,0.0,0.0,10.3,0,0,0,0.2,0.2,0.05,-0.2,-0.2
ENG-Premier League,2324,Sheffield Utd,John Fleck,SCO,"MF,DF",31,1991,1.0,0,0,0,,0.0,0.0,,,,0,0,0,0.0,0.0,,0.0,0.0
ENG-Premier League,2324,Sheffield Utd,Luke Thomas,ENG,DF,22,2001,10.2,0,6,1,16.7,0.59,0.1,0.0,0.0,15.1,0,0,0,0.5,0.5,0.09,-0.5,-0.5
ENG-Premier League,2324,Sheffield Utd,Mason Holgate,JAM,DF,26,1996,7.9,0,3,0,0.0,0.38,0.0,0.0,,6.5,0,0,0,0.6,0.6,0.22,-0.6,-0.6
ENG-Premier League,2324,Sheffield Utd,Max Lowe,ENG,"DF,MF",26,1997,5.6,0,2,0,0.0,0.36,0.0,0.0,,10.4,0,0,0,0.6,0.6,0.29,-0.6,-0.6
ENG-Premier League,2324,Sheffield Utd,Oliver Arblaster,ENG,MF,19,2004,10.5,0,1,1,100.0,0.1,0.1,0.0,0.0,16.6,0,0,0,0.0,0.0,0.04,0.0,0.0
ENG-Premier League,2324,Sheffield Utd,Oliver McBurnie,SCO,FW,27,1996,14.2,6,31,15,48.4,2.18,1.05,0.13,0.27,11.9,0,2,2,6.9,5.3,0.17,-0.9,-1.3
ENG-Premier League,2324,Sheffield Utd,Oliver Norwood,NIR,MF,32,1991,16.0,1,14,5,35.7,0.87,0.31,0.0,0.0,32.9,0,1,1,1.1,0.3,0.02,-0.1,-0.3
ENG-Premier League,2324,Sheffield Utd,Rhian Brewster,ENG,"FW,MF",23,2000,3.8,0,7,3,42.9,1.82,0.78,0.0,0.0,23.2,0,0,0,0.4,0.4,0.05,-0.4,-0.4
ENG-Premier League,2324,Sheffield Utd,Rhys Norrington-Davies,WAL,DF,24,1999,1.2,0,0,0,,0.0,0.0,,,,0,0,0,0.0,0.0,,0.0,0.0
ENG-Premier League,2324,Sheffield Utd,Ryan One,SCO,FW,17,2006,0.1,0,0,0,,0.0,0.0,,,,0,0,0,0.0,0.0,,0.0,0.0
ENG-Premier League,2324,Sheffield Utd,Sam Curtis,IRL,DF,17,2005,0.3,0,0,0,,0.0,0.0,,,,0,0,0,0.0,0.0,,0.0,0.0
ENG-Premier League,2324,Sheffield Utd,Sydie Peck,ENG,MF,18,2004,0.1,0,0,0,,0.0,0.0,,,,0,0,0,0.0,0.0,,0.0,0.0
ENG-Premier League,2324,Sheffield Utd,Tom Davies,ENG,MF,25,1998,2.5,0,4,1,25.0,1.63,0.41,0.0,0.0,15.4,0,0,0,0.4,0.4,0.09,-0.4,-0.4
ENG-Premier League,2324,Sheffield Utd,Vinicius Souza,BRA,MF,24,1999,29.6,1,14,6,42.9,0.47,0.2,0.07,0.17,21.5,0,0,0,0.6,0.6,0.05,0.4,0.4
ENG-Premier League,2324,Sheffield Utd,Wes Foderingham,ENG,GK,32,1991,29.4,0,0,0,,0.0,0.0,,,,0,0,0,0.0,0.0,,0.0,0.0
ENG-Premier League,2324,Sheffield Utd,William Osula,DEN,FW,19,2003,8.7,0,21,8,38.1,2.4,0.92,0.0,0.0,14.4,0,0,0,1.6,1.6,0.08,-1.6,-1.6
ENG-Premier League,2324,Sheffield Utd,Yasser Larouci,ALG,DF,22,2001,5.9,0,6,1,16.7,1.02,0.17,0.0,0.0,19.1,0,0,0,0.2,0.2,0.04,-0.2,-0.2
ENG-Premier League,2324,Tottenham,Alejo Véliz,ARG,FW,19,2003,0.6,1,2,1,50.0,3.6,1.8,0.5,1.0,8.9,0,0,0,0.2,0.2,0.12,0.8,0.8
ENG-Premier League,2324,Tottenham,Ben Davies,WAL,DF,30,1993,12.1,1,12,2,16.7,0.99,0.17,0.08,0.5,11.8,0,0,0,2.3,2.3,0.19,-1.3,-1.3
ENG-Premier League,2324,Tottenham,Brennan Johnson,WAL,FW,22,2001,23.2,5,50,19,38.0,2.16,0.82,0.1,0.26,12.9,0,0,0,10.3,10.3,0.21,-5.3,-5.3
ENG-Premier League,2324,Tottenham,Bryan Gil,ESP,"FW,MF",22,2001,2.3,0,4,1,25.0,1.72,0.43,0.0,0.0,13.9,0,0,0,0.8,0.8,0.19,-0.8,-0.8
ENG-Premier League,2324,Tottenham,Cristian Romero,ARG,DF,25,1998,31.0,5,24,9,37.5,0.77,0.29,0.21,0.56,10.5,0,0,0,3.5,3.5,0.14,1.5,1.5
ENG-Premier League,2324,Tottenham,Dane Scarlett,ENG,FW,19,2004,0.2,0,0,0,,0.0,0.0,,,,0,0,0,0.0,0.0,,0.0,0.0
ENG-Premier League,2324,Tottenham,Davinson Sánchez,COL,DF,27,1996,0.9,0,1,0,0.0,1.17,0.0,0.0,,8.6,0,0,0,0.1,0.1,0.12,-0.1,-0.1
ENG-Premier League,2324,Tottenham,Dejan Kulusevski,SWE,"FW,MF",23,2000,30.7,8,57,23,40.4,1.86,0.75,0.14,0.35,15.7,0,0,0,4.7,4.7,0.08,3.3,3.3
ENG-Premier League,2324,Tottenham,Destiny Udogie,ITA,DF,20,2002,26.6,2,9,5,55.6,0.34,0.19,0.22,0.4,10.1,0,0,0,2.4,2.4,0.27,-0.4,-0.4
ENG-Premier League,2324,Tottenham,Emerson,BRA,DF,24,1999,12.9,1,6,3,50.0,0.47,0.23,0.17,0.33,22.5,0,0,0,0.2,0.2,0.03,0.8,0.8
ENG-Premier League,2324,Tottenham,Eric Dier,ENG,DF,29,1994,2.2,0,0,0,,0.0,0.0,,,,0,0,0,0.0,0.0,,0.0,0.0
ENG-Premier League,2324,Tottenham,Giovani Lo Celso,ARG,MF,27,1996,5.6,2,13,6,46.2,2.31,1.07,0.15,0.33,21.7,0,0,0,0.6,0.6,0.04,1.4,1.4
ENG-Premier League,2324,Tottenham,Guglielmo Vicario,ITA,GK,26,1996,38.0,0,0,0,,0.0,0.0,,,,0,0,0,0.0,0.0,,0.0,0.0
ENG-Premier League,2324,Tottenham,Ivan Perišić,CRO,FW,34,1989,1.1,0,2,0,0.0,1.75,0.0,0.0,,13.0,0,0,0,0.1,0.1,0.06,-0.1,-0.1
ENG-Premier League,2324,Tottenham,James Maddison,ENG,MF,26,1996,23.7,4,58,23,39.7,2.44,0.97,0.07,0.17,19.2,3,0,0,6.4,6.4,0.11,-2.4,-2.4
ENG-Premier League,2324,Tottenham,Jamie Donley,NIR,FW,18,2005,0.0,0,0,0,,0.0,0.0,,,,0,0,0,0.0,0.0,,0.0,0.0
ENG-Premier League,2324,Tottenham,Manor Solomon,ISR,FW,24,1999,2.2,0,7,1,14.3,3.17,0.45,0.0,0.0,16.8,0,0,0,0.4,0.4,0.06,-0.4,-0.4
ENG-Premier League,2324,Tottenham,Micky van de Ven,NED,DF,22,2001,26.0,3,8,3,37.5,0.31,0.12,0.38,1.0,16.0,0,0,0,0.6,0.6,0.08,2.4,2.4
ENG-Premier League,2324,Tottenham,Mikey Moore,ENG,MF,15,2007,0.0,0,0,0,,0.0,0.0,,,,0,0,0,0.0,0.0,,0.0,0.0
ENG-Premier League,2324,Tottenham,Oliver Skipp,ENG,"MF,DF",22,2000,7.9,0,4,1,25.0,0.51,0.13,0.0,0.0,13.7,0,0,0,0.7,0.7,0.17,-0.7,-0.7
ENG-Premier League,2324,Tottenham,Pape Matar Sarr,SEN,MF,20,2002,23.0,3,36,13,36.1,1.57,0.57,0.08,0.23,17.6,0,0,0,3.4,3.4,0.1,-0.4,-0.4
ENG-Premier League,2324,Tottenham,Pedro Porro,ESP,DF,23,1999,34.3,3,53,12,22.6,1.54,0.35,0.06,0.25,21.0,4,0,0,2.9,2.9,0.06,0.1,0.1
ENG-Premier League,2324,Tottenham,Pierre Højbjerg,DEN,MF,27,1995,14.6,0,19,6,31.6,1.3,0.41,0.0,0.0,26.5,3,0,0,0.7,0.7,0.04,-0.7,-0.7
ENG-Premier League,2324,Tottenham,Radu Drăgușin,ROU,DF,21,2002,4.8,0,1,0,0.0,0.21,0.0,0.0,,10.4,0,0,0,0.1,0.1,0.14,-0.1,-0.1
ENG-Premier League,2324,Tottenham,Richarlison,BRA,FW,26,1997,16.6,11,62,25,40.3,3.74,1.51,0.18,0.44,12.9,0,0,0,9.6,9.6,0.15,1.4,1.4
ENG-Premier League,2324,Tottenham,Rodrigo Bentancur,URU,MF,26,1997,11.2,1,18,4,22.2,1.61,0.36,0.06,0.25,16.3,0,0,0,1.9,1.9,0.11,-0.9,-0.9
ENG-Premier League,2324,Tottenham,Son Heung-min,KOR,FW,31,1992,32.6,17,83,38,45.8,2.55,1.17,0.18,0.39,15.5,0,2,2,12.0,10.4,0.13,5.0,4.6
ENG-Premier League,2324,Tottenham,Timo Werner,GER,FW,27,1996,9.0,2,29,7,24.1,3.23,0.78,0.07,0.29,14.1,0,0,0,3.7,3.7,0.13,-1.7,-1.7
ENG-Premier League,2324,Tottenham,Yves Bissouma,MLI,MF,26,1996,23.0,0,24,5,20.8,1.04,0.22,0.0,0.0,25.0,1,0,0,1.4,1.4,0.06,-1.4,-1.4
ENG-Premier League,2324,West Ham,Aaron Cresswell,ENG,"DF,FW",33,1989,4.8,0,0,0,,0.0,0.0,,,,0,0,0,0.0,0.0,,0.0,0.0
ENG-Premier League,2324,West Ham,Alphonse Areola,FRA,GK,30,1993,30.0,0,0,0,,0.0,0.0,,,,0,0,0,0.0,0.0,,0.0,0.0
ENG-Premier League,2324,West Ham,Angelo Ogbonna,ITA,DF,35,1988,7.1,0,1,0,0.0,0.14,0.0,0.0,,12.5,0,0,0,0.0,0.0,0.04,0.0,0.0
ENG-Premier League,2324,West Ham,Ben Johnson,ENG,"DF,FW",23,2000,6.0,0,6,2,33.3,0.99,0.33,0.0,0.0,24.1,0,0,0,0.2,0.2,0.03,-0.2,-0.2
ENG-Premier League,2324,West Ham,Danny Ings,ENG,FW,31,1992,4.5,1,12,4,33.3,2.67,0.89,0.08,0.25,13.4,0,0,0,1.3,1.3,0.11,-0.3,-0.3
ENG-Premier League,2324,West Ham,Divin Mubama,ENG,FW,18,2004,0.9,0,1,0,0.0,1.13,0.0,0.0,,12.5,0,0,0,0.1,0.1,0.15,-0.1,-0.1
ENG-Premier League,2324,West Ham,Edson Álvarez,MEX,MF,25,1997,26.4,1,17,3,17.6,0.64,0.11,0.06,0.33,21.1,0,0,0,1.3,1.3,0.08,-0.3,-0.3
ENG-Premier League,2324,West Ham,Emerson Palmieri,ITA,DF,28,1994,34.9,1,19,4,21.1,0.55,0.11,0.05,0.25,17.3,0,0,0,1.5,1.5,0.08,-0.5,-0.5
ENG-Premier League,2324,West Ham,George Earthy,ENG,FW,18,2004,0.4,1,1,1,100.0,2.65,2.65,1.0,1.0,3.8,0,0,0,0.3,0.3,0.31,0.7,0.7
ENG-Premier League,2324,West Ham,James Ward-Prowse,ENG,MF,28,1994,33.3,7,42,16,38.1,1.26,0.48,0.12,0.31,22.8,16,2,2,6.0,4.4,0.11,1.0,0.6
ENG-Premier League,2324,West Ham,Jarrod Bowen,ENG,FW,26,1996,33.5,16,84,37,44.0,2.5,1.1,0.19,0.43,14.2,0,0,0,11.6,11.6,0.14,4.4,4.4
ENG-Premier League,2324,West Ham,Kaelan Casey,ENG,DF,18,2004,0.0,0,0,0,,0.0,0.0,,,,0,0,0,0.0,0.0,,0.0,0.0
ENG-Premier League,2324,West Ham,Kalvin Phillips,ENG,MF,27,1995,3.4,0,3,2,66.7,0.87,0.58,0.0,0.0,25.8,0,0,0,0.1,0.1,0.03,-0.1,-0.1
ENG-Premier League,2324,West Ham,Konstantinos Mavropanos,GRE,DF,25,1997,16.7,1,12,2,16.7,0.72,0.12,0.08,0.5,9.3,0,0,0,1.2,1.2,0.1,-0.2,-0.2
ENG-Premier League,2324,West Ham,Kurt Zouma,FRA,DF,28,1994,31.5,3,16,7,43.8,0.51,0.22,0.19,0.43,9.1,0,0,0,1.8,1.8,0.12,1.2,1.2
ENG-Premier League,2324,West Ham,Lucas Paquetá,BRA,"FW,MF",25,1997,29.1,4,40,8,20.0,1.37,0.27,0.05,0.25,17.8,1,2,2,5.4,3.8,0.1,-1.4,-1.8
ENG-Premier League,2324,West Ham,Maxwel Cornet,CIV,"MF,FW",26,1996,1.2,1,4,1,25.0,3.21,0.8,0.25,1.0,12.5,0,0,0,0.4,0.4,0.1,0.6,0.6
ENG-Premier League,2324,West Ham,Michail Antonio,JAM,FW,33,1990,18.8,6,30,14,46.7,1.59,0.74,0.2,0.43,13.1,0,0,0,5.8,5.8,0.19,0.2,0.2
ENG-Premier League,2324,West Ham,Mohammed Kudus,GHA,"FW,MF",22,2000,27.6,8,67,17,25.4,2.43,0.62,0.12,0.47,18.6,0,0,0,5.1,5.1,0.08,2.9,2.9
ENG-Premier League,2324,West Ham,Nayef Aguerd,MAR,DF,27,1996,20.6,1,14,3,21.4,0.68,0.15,0.07,0.33,10.8,0,0,0,1.5,1.5,0.11,-0.5,-0.5
ENG-Premier League,2324,West Ham,Pablo Fornals,ESP,"MF,FW",27,1996,4.7,0,7,3,42.9,1.48,0.63,0.0,0.0,20.1,0,0,0,0.3,0.3,0.04,-0.3,-0.3
ENG-Premier League,2324,West Ham,Saïd Benrahma,ALG,"FW,MF",27,1995,6.9,0,18,5,27.8,2.61,0.73,0.0,0.0,19.8,0,0,1,1.8,1.0,0.06,-1.8,-1.0
ENG-Premier League,2324,West Ham,Thilo Kehrer,GER,"DF,MF",26,1996,0.2,0,0,0,,0.0,0.0,,,,0,0,0,0.0,0.0,,0.0,0.0
ENG-Premier League,2324,West Ham,Tomáš Souček,CZE,MF,28,1995,31.9,7,43,15,34.9,1.35,0.47,0.16,0.47,11.0,0,0,0,6.7,6.7,0.16,0.3,0.3
ENG-Premier League,2324,West Ham,Vladimír Coufal,CZE,DF,30,1992,34.8,0,8,2,25.0,0.23,0.06,0.0,0.0,22.6,0,0,0,0.3,0.3,0.04,-0.3,-0.3
ENG-Premier League,2324,West Ham,Łukasz Fabiański,POL,GK,38,1985,8.0,0,0,0,,0.0,0.0,,,,0,0,0,0.0,0.0,,0.0,0.0
ENG-Premier League,2324,Wolves,Boubacar Traoré,MLI,MF,21,2001,9.1,0,11,1,9.1,1.21,0.11,0.0,0.0,27.9,0,0,0,0.3,0.3,0.03,-0.3,-0.3
ENG-Premier League,2324,Wolves,Craig Dawson,ENG,DF,33,1990,24.5,1,16,5,31.3,0.65,0.2,0.06,0.2,11.2,0,0,0,1.5,1.5,0.09,-0.5,-0.5
ENG-Premier League,2324,Wolves,Daniel Bentley,ENG,GK,30,1993,4.3,0,0,0,,0.0,0.0,,,,0,0,0,0.0,0.0,,0.0,0.0
ENG-Premier League,2324,Wolves,Enso Gonzalez,PAR,"MF,DF",18,2005,0.0,0,0,0,,0.0,0.0,,,,0,0,0,0.0,0.0,,0.0,0.0
ENG-Premier League,2324,Wolves,Fábio Silva,POR,FW,21,2002,2.9,0,7,3,42.9,2.39,1.02,0.0,0.0,13.8,0,0,0,1.0,1.0,0.15,-1.0,-1.0
ENG-Premier League,2324,Wolves,Hugo Bueno,ESP,"DF,MF",20,2002,8.2,0,5,0,0.0,0.61,0.0,0.0,,18.4,0,0,0,0.3,0.3,0.06,-0.3,-0.3
ENG-Premier League,2324,Wolves,Hwang Hee-chan,KOR,"FW,MF",27,1996,23.5,12,44,17,38.6,1.87,0.72,0.25,0.65,12.2,0,1,1,7.7,6.9,0.16,4.3,4.1
ENG-Premier League,2324,Wolves,Jean-Ricner Bellegarde,HAI,"MF,FW",25,1998,10.6,2,15,5,33.3,1.41,0.47,0.13,0.4,16.5,0,0,0,1.6,1.6,0.1,0.4,0.4
ENG-Premier League,2324,Wolves,Jonny Castro,ESP,MF,29,1994,0.1,0,0,0,,0.0,0.0,,,,0,0,0,0.0,0.0,,0.0,0.0
ENG-Premier League,2324,Wolves,José Sá,POR,GK,30,1993,33.7,0,0,0,,0.0,0.0,,,,0,0,0,0.0,0.0,,0.0,0.0
ENG-Premier League,2324,Wolves,João Gomes,BRA,MF,22,2001,29.4,2,26,7,26.9,0.88,0.24,0.08,0.29,18.5,0,0,0,1.7,1.7,0.07,0.3,0.3
ENG-Premier League,2324,Wolves,Leon Chiwome,ENG,FW,17,2006,1.9,0,2,0,0.0,1.03,0.0,0.0,,11.2,0,0,0,0.1,0.1,0.05,-0.1,-0.1
ENG-Premier League,2324,Wolves,Mario Lemina,GAB,MF,29,1993,33.0,4,48,18,37.5,1.46,0.55,0.08,0.22,16.6,0,0,0,4.6,4.6,0.1,-0.6,-0.6
ENG-Premier League,2324,Wolves,Matheus Cunha,BRA,"FW,MF",24,1999,27.1,12,72,36,50.0,2.66,1.33,0.15,0.31,18.0,0,1,1,9.5,8.7,0.12,2.5,2.3
ENG-Premier League,2324,Wolves,Matheus Nunes,POR,MF,24,1998,2.0,0,1,0,0.0,0.5,0.0,0.0,,15.4,0,0,0,0.1,0.1,0.08,-0.1,-0.1
ENG-Premier League,2324,Wolves,Matt Doherty,IRL,"DF,MF",31,1992,12.8,1,9,3,33.3,0.7,0.23,0.11,0.33,10.8,0,0,0,0.8,0.8,0.09,0.2,0.2
ENG-Premier League,2324,Wolves,Max Kilman,ENG,DF,26,1997,38.0,2,14,5,35.7,0.37,0.13,0.14,0.4,9.8,0,0,0,1.8,1.8,0.13,0.2,0.2
ENG-Premier League,2324,Wolves,Nathan Fraser,IRL,FW,18,2005,2.1,0,3,2,66.7,1.45,0.97,0.0,0.0,16.6,0,0,0,0.3,0.3,0.11,-0.3,-0.3
ENG-Premier League,2324,Wolves,Nélson Semedo,POR,"DF,MF",29,1993,34.3,0,17,4,23.5,0.5,0.12,0.0,0.0,19.7,0,0,0,1.3,1.3,0.07,-1.3,-1.3
ENG-Premier League,2324,Wolves,Pablo Sarabia,ESP,"MF,FW",31,1992,19.4,4,44,16,36.4,2.27,0.83,0.05,0.13,19.1,7,2,2,5.5,3.9,0.09,-1.5,-1.9
ENG-Premier League,2324,Wolves,Pedro Neto,POR,"FW,MF",23,2000,16.8,2,36,12,33.3,2.14,0.71,0.06,0.17,16.8,3,0,0,3.5,3.5,0.1,-1.5,-1.5
ENG-Premier League,2324,Wolves,Rayan Aït-Nouri,ALG,"DF,MF",22,2001,25.9,2,24,8,33.3,0.93,0.31,0.08,0.25,16.8,0,0,0,3.3,3.3,0.14,-1.3,-1.3
ENG-Premier League,2324,Wolves,Santiago Bueno,URU,DF,24,1998,9.1,0,0,0,,0.0,0.0,,,,0,0,0,0.0,0.0,,0.0,0.0
ENG-Premier League,2324,Wolves,Sasa Kalajdzic,AUT,FW,26,1997,1.8,2,4,2,50.0,2.17,1.08,0.5,1.0,11.2,0,0,0,1.1,1.1,0.26,0.9,0.9
ENG-Premier League,2324,Wolves,Tawanda Chirewa,ZIM,"MF,FW",19,2003,1.6,0,3,1,33.3,1.86,0.62,0.0,0.0,21.0,0,0,0,0.2,0.2,0.05,-0.2,-0.2
ENG-Premier League,2324,Wolves,Tommy Doyle,ENG,MF,21,2001,13.6,0,14,3,21.4,1.03,0.22,0.0,0.0,26.2,2,0,0,0.4,0.4,0.03,-0.4,-0.4
ENG-Premier League,2324,Wolves,Toti Gomes,POR,DF,24,1999,30.8,1,10,5,50.0,0.32,0.16,0.1,0.2,9.9,0,0,0,1.6,1.6,0.16,-0.6,-0.6
