league,season,game,week,day,date,time,home_team,home_xg,score,away_xg,away_team,attendance,venue,referee,match_report,notes,game_id
ENG-Premier League,2223,2022-08-05 Crystal Palace-Arsenal,1,Fri,2022-08-05,20:00,Crystal Palace,1.2,0–2,1.0,Arsenal,25286,Selhurst Park,Anthony Taylor,/en/matches/e62f6e78/Crystal-Palace-Arsenal-August-5-2022-Premier-League,,e62f6e78
ENG-Premier League,2223,2022-08-06 Bournemouth-Aston Villa,1,Sat,2022-08-06,15:00,Bournemouth,0.6,2–0,0.7,Aston Villa,11013,Vitality Stadium,Peter Bankes,/en/matches/877e3193/Bournemouth-Aston-Villa-August-6-2022-Premier-League,,877e3193
ENG-Premier League,2223,2022-08-06 Everton-Chelsea,1,Sat,2022-08-06,17:30,Everton,0.7,0–1,1.5,Chelsea,39254,Goodison Park,Craig Pawson,/en/matches/3a917cee/Everton-Chelsea-August-6-2022-Premier-League,,3a917cee
ENG-Premier League,2223,2022-08-06 Fulham-Liverpool,1,Sat,2022-08-06,12:30,Fulham,1.2,2–2,1.2,Liverpool,22207,Craven Cottage,Andy Madley,/en/matches/6713c1dc/Fulham-Liverpool-August-6-2022-Premier-League,,6713c1dc
ENG-Premier League,2223,2022-08-06 Leeds United-Wolves,1,Sat,2022-08-06,15:00,Leeds United,0.8,2–1,1.3,Wolves,36347,Elland Road,Robert Jones,/en/matches/82702941/Leeds-United-Wolverhampton-Wanderers-August-6-2022-Premier-League,,82702941
ENG-Premier League,2223,2022-08-06 Newcastle Utd-Nott'ham Forest,1,Sat,2022-08-06,15:00,Newcastle Utd,1.7,2–0,0.3,Nott'ham Forest,52245,St James' Park,Simon Hooper,/en/matches/1ac96eb4/Newcastle-United-Nottingham-Forest-August-6-2022-Premier-League,,1ac96eb4
ENG-Premier League,2223,2022-08-06 Tottenham-Southampton,1,Sat,2022-08-06,15:00,Tottenham,1.5,4–1,0.5,Southampton,61732,Tottenham Hotspur Stadium,Andre Marriner,/en/matches/09d8a999/Tottenham-Hotspur-Southampton-August-6-2022-Premier-League,,09d8a999
ENG-Premier League,2223,2022-08-07 Leicester City-Brentford,1,Sun,2022-08-07,14:00,Leicester City,0.6,2–2,0.8,Brentford,31794,King Power Stadium,Jarred Gillett,/en/matches/3249ba27/Leicester-City-Brentford-August-7-2022-Premier-League,,3249ba27
ENG-Premier League,2223,2022-08-07 Manchester Utd-Brighton,1,Sun,2022-08-07,14:00,Manchester Utd,1.4,1–2,1.5,Brighton,73711,Old Trafford,Paul Tierney,/en/matches/8251694e/Manchester-United-Brighton-and-Hove-Albion-August-7-2022-Premier-League,,8251694e
ENG-Premier League,2223,2022-08-07 West Ham-Manchester City,1,Sun,2022-08-07,16:30,West Ham,0.5,0–2,2.2,Manchester City,62443,London Stadium,Michael Oliver,/en/matches/ece62baf/West-Ham-United-Manchester-City-August-7-2022-Premier-League,,ece62baf
ENG-Premier League,2223,2022-08-13 Arsenal-Leicester City,2,Sat,2022-08-13,15:00,Arsenal,2.7,4–2,0.5,Leicester City,60033,Emirates Stadium,Darren England,/en/matches/7483b97f/Arsenal-Leicester-City-August-13-2022-Premier-League,,7483b97f
ENG-Premier League,2223,2022-08-13 Aston Villa-Everton,2,Sat,2022-08-13,12:30,Aston Villa,2.3,2–1,1.6,Everton,41883,Villa Park,Michael Oliver,/en/matches/8cd71c65/Aston-Villa-Everton-August-13-2022-Premier-League,,8cd71c65
ENG-Premier League,2223,2022-08-13 Brentford-Manchester Utd,2,Sat,2022-08-13,17:30,Brentford,1.6,4–0,0.9,Manchester Utd,17051,Brentford Community Stadium,Stuart Attwell,/en/matches/04712d4e/Brentford-Manchester-United-August-13-2022-Premier-League,,04712d4e
ENG-Premier League,2223,2022-08-13 Brighton-Newcastle Utd,2,Sat,2022-08-13,15:00,Brighton,1.5,0–0,0.2,Newcastle Utd,31552,The American Express Community Stadium,Graham Scott,/en/matches/c916a5f6/Brighton-and-Hove-Albion-Newcastle-United-August-13-2022-Premier-League,,c916a5f6
ENG-Premier League,2223,2022-08-13 Manchester City-Bournemouth,2,Sat,2022-08-13,15:00,Manchester City,1.7,4–0,0.1,Bournemouth,53453,Etihad Stadium,David Coote,/en/matches/311d705c/Manchester-City-Bournemouth-August-13-2022-Premier-League,,311d705c
ENG-Premier League,2223,2022-08-13 Southampton-Leeds United,2,Sat,2022-08-13,15:00,Southampton,1.2,2–2,1.8,Leeds United,30815,St. Mary's Stadium,Tony Harrington,/en/matches/54b33a13/Southampton-Leeds-United-August-13-2022-Premier-League,,54b33a13
ENG-Premier League,2223,2022-08-13 Wolves-Fulham,2,Sat,2022-08-13,15:00,Wolves,0.9,0–0,1.5,Fulham,31178,Molineux Stadium,John Brooks,/en/matches/669b1665/Wolverhampton-Wanderers-Fulham-August-13-2022-Premier-League,,669b1665
ENG-Premier League,2223,2022-08-14 Chelsea-Tottenham,2,Sun,2022-08-14,16:30,Chelsea,1.6,2–2,1.0,Tottenham,39946,Stamford Bridge,Anthony Taylor,/en/matches/01e57bf5/Chelsea-Tottenham-Hotspur-August-14-2022-Premier-League,,01e57bf5
ENG-Premier League,2223,2022-08-14 Nott'ham Forest-West Ham,2,Sun,2022-08-14,14:00,Nott'ham Forest,1.3,1–0,2.1,West Ham,29281,The City Ground,Robert Jones,/en/matches/b1ebeda5/Nottingham-Forest-West-Ham-United-August-14-2022-Premier-League,,b1ebeda5
ENG-Premier League,2223,2022-08-15 Liverpool-Crystal Palace,2,Mon,2022-08-15,20:00,Liverpool,2.0,1–1,1.0,Crystal Palace,52970,Anfield,Paul Tierney,/en/matches/b3c6f709/Liverpool-Crystal-Palace-August-15-2022-Premier-League,,b3c6f709
ENG-Premier League,2223,2022-08-20 Bournemouth-Arsenal,3,Sat,2022-08-20,17:30,Bournemouth,0.3,0–3,1.3,Arsenal,10423,Vitality Stadium,Craig Pawson,/en/matches/7f11dd9e/Bournemouth-Arsenal-August-20-2022-Premier-League,,7f11dd9e
ENG-Premier League,2223,2022-08-20 Crystal Palace-Aston Villa,3,Sat,2022-08-20,15:00,Crystal Palace,2.6,3–1,0.9,Aston Villa,22012,Selhurst Park,Andy Madley,/en/matches/3f89bccf/Crystal-Palace-Aston-Villa-August-20-2022-Premier-League,,3f89bccf
ENG-Premier League,2223,2022-08-20 Everton-Nott'ham Forest,3,Sat,2022-08-20,15:00,Everton,1.5,1–1,1.0,Nott'ham Forest,39271,Goodison Park,Andre Marriner,/en/matches/3c3cc86f/Everton-Nottingham-Forest-August-20-2022-Premier-League,,3c3cc86f
ENG-Premier League,2223,2022-08-20 Fulham-Brentford,3,Sat,2022-08-20,15:00,Fulham,2.4,3–2,1.8,Brentford,21798,Craven Cottage,Peter Bankes,/en/matches/a107c037/Fulham-Brentford-August-20-2022-Premier-League,,a107c037
ENG-Premier League,2223,2022-08-20 Leicester City-Southampton,3,Sat,2022-08-20,15:00,Leicester City,0.3,1–2,0.9,Southampton,30850,King Power Stadium,Michael Salisbury,/en/matches/02efd4d1/Leicester-City-Southampton-August-20-2022-Premier-League,,02efd4d1
ENG-Premier League,2223,2022-08-20 Tottenham-Wolves,3,Sat,2022-08-20,12:30,Tottenham,1.7,1–0,0.7,Wolves,61298,Tottenham Hotspur Stadium,Simon Hooper,/en/matches/5cc3bd0e/Tottenham-Hotspur-Wolverhampton-Wanderers-August-20-2022-Premier-League,,5cc3bd0e
ENG-Premier League,2223,2022-08-21 Leeds United-Chelsea,3,Sun,2022-08-21,14:00,Leeds United,2.1,3–0,0.9,Chelsea,36372,Elland Road,Stuart Attwell,/en/matches/a5632124/Leeds-United-Chelsea-August-21-2022-Premier-League,,a5632124
ENG-Premier League,2223,2022-08-21 Newcastle Utd-Manchester City,3,Sun,2022-08-21,16:30,Newcastle Utd,1.8,3–3,2.1,Manchester City,52258,St James' Park,Jarred Gillett,/en/matches/b513d9fe/Newcastle-United-Manchester-City-August-21-2022-Premier-League,,b513d9fe
ENG-Premier League,2223,2022-08-21 West Ham-Brighton,3,Sun,2022-08-21,14:00,West Ham,0.8,0–2,1.7,Brighton,62449,London Stadium,Anthony Taylor,/en/matches/aa2a3517/West-Ham-United-Brighton-and-Hove-Albion-August-21-2022-Premier-League,,aa2a3517
ENG-Premier League,2223,2022-08-22 Manchester Utd-Liverpool,3,Mon,2022-08-22,20:00,Manchester Utd,1.8,2–1,1.3,Liverpool,74147,Old Trafford,Michael Oliver,/en/matches/3c9a8f71/North-West-Derby-Manchester-United-Liverpool-August-22-2022-Premier-League,,3c9a8f71
ENG-Premier League,2223,2022-08-27 Arsenal-Fulham,4,Sat,2022-08-27,17:30,Arsenal,2.6,2–1,0.8,Fulham,60164,Emirates Stadium,Jarred Gillett,/en/matches/8b69fd2d/Arsenal-Fulham-August-27-2022-Premier-League,,8b69fd2d
ENG-Premier League,2223,2022-08-27 Brentford-Everton,4,Sat,2022-08-27,15:00,Brentford,2.1,1–1,1.1,Everton,17009,Brentford Community Stadium,John Brooks,/en/matches/db59fc65/Brentford-Everton-August-27-2022-Premier-League,,db59fc65
ENG-Premier League,2223,2022-08-27 Brighton-Leeds United,4,Sat,2022-08-27,15:00,Brighton,2.0,1–0,1.8,Leeds United,30953,The American Express Community Stadium,Michael Salisbury,/en/matches/77c70160/Brighton-and-Hove-Albion-Leeds-United-August-27-2022-Premier-League,,77c70160
ENG-Premier League,2223,2022-08-27 Chelsea-Leicester City,4,Sat,2022-08-27,15:00,Chelsea,1.8,2–1,2.5,Leicester City,39953,Stamford Bridge,Paul Tierney,/en/matches/b737a3a7/Chelsea-Leicester-City-August-27-2022-Premier-League,,b737a3a7
ENG-Premier League,2223,2022-08-27 Liverpool-Bournemouth,4,Sat,2022-08-27,15:00,Liverpool,3.3,9–0,0.3,Bournemouth,53328,Anfield,Stuart Attwell,/en/matches/de515487/Liverpool-Bournemouth-August-27-2022-Premier-League,,de515487
ENG-Premier League,2223,2022-08-27 Manchester City-Crystal Palace,4,Sat,2022-08-27,15:00,Manchester City,2.2,4–2,0.1,Crystal Palace,53112,Etihad Stadium,Darren England,/en/matches/3b9bbac7/Manchester-City-Crystal-Palace-August-27-2022-Premier-League,,3b9bbac7
ENG-Premier League,2223,2022-08-27 Southampton-Manchester Utd,4,Sat,2022-08-27,12:30,Southampton,1.4,0–1,1.1,Manchester Utd,31196,St. Mary's Stadium,Andy Madley,/en/matches/dff99b20/Southampton-Manchester-United-August-27-2022-Premier-League,,dff99b20
ENG-Premier League,2223,2022-08-28 Aston Villa-West Ham,4,Sun,2022-08-28,14:00,Aston Villa,0.5,0–1,0.6,West Ham,41796,Villa Park,David Coote,/en/matches/659b9113/Aston-Villa-West-Ham-United-August-28-2022-Premier-League,,659b9113
ENG-Premier League,2223,2022-08-28 Nott'ham Forest-Tottenham,4,Sun,2022-08-28,16:30,Nott'ham Forest,0.9,0–2,2.4,Tottenham,29296,The City Ground,Craig Pawson,/en/matches/3c364307/Nottingham-Forest-Tottenham-Hotspur-August-28-2022-Premier-League,,3c364307
ENG-Premier League,2223,2022-08-28 Wolves-Newcastle Utd,4,Sun,2022-08-28,14:00,Wolves,0.7,1–1,1.7,Newcastle Utd,31311,Molineux Stadium,Peter Bankes,/en/matches/15d62d04/Wolverhampton-Wanderers-Newcastle-United-August-28-2022-Premier-League,,15d62d04
ENG-Premier League,2223,2022-08-30 Crystal Palace-Brentford,5,Tue,2022-08-30,19:30,Crystal Palace,1.0,1–1,1.4,Brentford,25043,Selhurst Park,Simon Hooper,/en/matches/e1d6440f/Crystal-Palace-Brentford-August-30-2022-Premier-League,,e1d6440f
ENG-Premier League,2223,2022-08-30 Fulham-Brighton,5,Tue,2022-08-30,19:30,Fulham,0.7,2–1,1.4,Brighton,22224,Craven Cottage,Thomas Bramall,/en/matches/361f4461/Fulham-Brighton-and-Hove-Albion-August-30-2022-Premier-League,,361f4461
ENG-Premier League,2223,2022-08-30 Leeds United-Everton,5,Tue,2022-08-30,20:00,Leeds United,1.0,1–1,1.0,Everton,36338,Elland Road,Darren England,/en/matches/42d294e5/Leeds-United-Everton-August-30-2022-Premier-League,,42d294e5
ENG-Premier League,2223,2022-08-30 Southampton-Chelsea,5,Tue,2022-08-30,19:45,Southampton,1.1,2–1,1.1,Chelsea,31542,St. Mary's Stadium,Michael Oliver,/en/matches/afd303a8/Southampton-Chelsea-August-30-2022-Premier-League,,afd303a8
ENG-Premier League,2223,2022-08-31 Arsenal-Aston Villa,5,Wed,2022-08-31,19:30,Arsenal,2.4,2–1,0.4,Aston Villa,60012,Emirates Stadium,Robert Jones,/en/matches/cc235aad/Arsenal-Aston-Villa-August-31-2022-Premier-League,,cc235aad
ENG-Premier League,2223,2022-08-31 Bournemouth-Wolves,5,Wed,2022-08-31,19:30,Bournemouth,0.4,0–0,1.5,Wolves,10113,Vitality Stadium,Anthony Taylor,/en/matches/91b239d8/Bournemouth-Wolverhampton-Wanderers-August-31-2022-Premier-League,,91b239d8
ENG-Premier League,2223,2022-08-31 Liverpool-Newcastle Utd,5,Wed,2022-08-31,20:00,Liverpool,1.5,2–1,0.7,Newcastle Utd,53316,Anfield,Andre Marriner,/en/matches/ac6047cf/Liverpool-Newcastle-United-August-31-2022-Premier-League,,ac6047cf
ENG-Premier League,2223,2022-08-31 Manchester City-Nott'ham Forest,5,Wed,2022-08-31,19:30,Manchester City,3.3,6–0,0.7,Nott'ham Forest,53409,Etihad Stadium,Paul Tierney,/en/matches/9760b466/Manchester-City-Nottingham-Forest-August-31-2022-Premier-League,,9760b466
ENG-Premier League,2223,2022-08-31 West Ham-Tottenham,5,Wed,2022-08-31,19:45,West Ham,1.2,1–1,0.6,Tottenham,62450,London Stadium,Peter Bankes,/en/matches/9f221621/West-Ham-United-Tottenham-Hotspur-August-31-2022-Premier-League,,9f221621
ENG-Premier League,2223,2022-09-01 Leicester City-Manchester Utd,5,Thu,2022-09-01,20:00,Leicester City,0.7,0–1,1.5,Manchester Utd,32226,King Power Stadium,Craig Pawson,/en/matches/c1f25d02/Leicester-City-Manchester-United-September-1-2022-Premier-League,,c1f25d02
ENG-Premier League,2223,2022-09-03 Aston Villa-Manchester City,6,Sat,2022-09-03,17:30,Aston Villa,0.3,1–1,2.1,Manchester City,41830,Villa Park,Simon Hooper,/en/matches/3091f0b8/Aston-Villa-Manchester-City-September-3-2022-Premier-League,,3091f0b8
ENG-Premier League,2223,2022-09-03 Brentford-Leeds United,6,Sat,2022-09-03,15:00,Brentford,2.3,5–2,1.7,Leeds United,17092,Brentford Community Stadium,Robert Jones,/en/matches/88f9aad9/Brentford-Leeds-United-September-3-2022-Premier-League,,88f9aad9
ENG-Premier League,2223,2022-09-03 Chelsea-West Ham,6,Sat,2022-09-03,15:00,Chelsea,0.9,2–1,1.1,West Ham,39923,Stamford Bridge,Andy Madley,/en/matches/d7642197/Chelsea-West-Ham-United-September-3-2022-Premier-League,,d7642197
ENG-Premier League,2223,2022-09-03 Everton-Liverpool,6,Sat,2022-09-03,12:30,Everton,1.7,0–0,2.1,Liverpool,39240,Goodison Park,Anthony Taylor,/en/matches/073227b6/Merseyside-Derby-Everton-Liverpool-September-3-2022-Premier-League,,073227b6
ENG-Premier League,2223,2022-09-03 Newcastle Utd-Crystal Palace,6,Sat,2022-09-03,15:00,Newcastle Utd,2.8,0–0,1.0,Crystal Palace,51863,St James' Park,Michael Salisbury,/en/matches/4ca4efa3/Newcastle-United-Crystal-Palace-September-3-2022-Premier-League,,4ca4efa3
ENG-Premier League,2223,2022-09-03 Nott'ham Forest-Bournemouth,6,Sat,2022-09-03,15:00,Nott'ham Forest,1.9,2–3,0.8,Bournemouth,28720,The City Ground,Michael Oliver,/en/matches/05f32555/Nottingham-Forest-Bournemouth-September-3-2022-Premier-League,,05f32555
ENG-Premier League,2223,2022-09-03 Tottenham-Fulham,6,Sat,2022-09-03,15:00,Tottenham,2.9,2–1,0.7,Fulham,61641,Tottenham Hotspur Stadium,Stuart Attwell,/en/matches/a497b725/Tottenham-Hotspur-Fulham-September-3-2022-Premier-League,,a497b725
ENG-Premier League,2223,2022-09-03 Wolves-Southampton,6,Sat,2022-09-03,15:00,Wolves,0.8,1–0,1.2,Southampton,30546,Molineux Stadium,John Brooks,/en/matches/13f50518/Wolverhampton-Wanderers-Southampton-September-3-2022-Premier-League,,13f50518
ENG-Premier League,2223,2022-09-04 Brighton-Leicester City,6,Sun,2022-09-04,14:00,Brighton,2.6,5–2,1.4,Leicester City,31185,The American Express Community Stadium,Tony Harrington,/en/matches/42d5b3b1/Brighton-and-Hove-Albion-Leicester-City-September-4-2022-Premier-League,,42d5b3b1
ENG-Premier League,2223,2022-09-04 Manchester Utd-Arsenal,6,Sun,2022-09-04,16:30,Manchester Utd,1.5,3–1,1.3,Arsenal,73431,Old Trafford,Paul Tierney,/en/matches/61ddafa5/Manchester-United-Arsenal-September-4-2022-Premier-League,,61ddafa5
ENG-Premier League,2223,2022-09-16 Aston Villa-Southampton,8,Fri,2022-09-16,20:00,Aston Villa,1.5,1–0,0.3,Southampton,40758,Villa Park,Tony Harrington,/en/matches/1219daa1/Aston-Villa-Southampton-September-16-2022-Premier-League,,1219daa1
ENG-Premier League,2223,2022-09-16 Nott'ham Forest-Fulham,8,Fri,2022-09-16,20:00,Nott'ham Forest,1.4,2–3,0.9,Fulham,28654,The City Ground,Jarred Gillett,/en/matches/d0d07e66/Nottingham-Forest-Fulham-September-16-2022-Premier-League,,d0d07e66
ENG-Premier League,2223,2022-09-17 Newcastle Utd-Bournemouth,8,Sat,2022-09-17,15:00,Newcastle Utd,1.9,1–1,0.7,Bournemouth,52238,St James' Park,Craig Pawson,/en/matches/177da679/Newcastle-United-Bournemouth-September-17-2022-Premier-League,,177da679
ENG-Premier League,2223,2022-09-17 Tottenham-Leicester City,8,Sat,2022-09-17,17:30,Tottenham,2.2,6–2,1.8,Leicester City,61450,Tottenham Hotspur Stadium,Simon Hooper,/en/matches/99e44c16/Tottenham-Hotspur-Leicester-City-September-17-2022-Premier-League,,99e44c16
ENG-Premier League,2223,2022-09-17 Wolves-Manchester City,8,Sat,2022-09-17,12:30,Wolves,0.4,0–3,1.1,Manchester City,31578,Molineux Stadium,Anthony Taylor,/en/matches/96b5cc15/Wolverhampton-Wanderers-Manchester-City-September-17-2022-Premier-League,,96b5cc15
ENG-Premier League,2223,2022-09-18 Brentford-Arsenal,8,Sun,2022-09-18,12:00,Brentford,0.5,0–3,1.5,Arsenal,17122,Brentford Community Stadium,David Coote,/en/matches/fd5626e6/Brentford-Arsenal-September-18-2022-Premier-League,,fd5626e6
ENG-Premier League,2223,2022-09-18 Everton-West Ham,8,Sun,2022-09-18,14:15,Everton,0.4,1–0,1.0,West Ham,39298,Goodison Park,Michael Oliver,/en/matches/96e9dc0f/Everton-West-Ham-United-September-18-2022-Premier-League,,96e9dc0f
ENG-Premier League,2223,2022-10-01 Arsenal-Tottenham,9,Sat,2022-10-01,12:30,Arsenal,2.4,3–1,1.6,Tottenham,60278,Emirates Stadium,Anthony Taylor,/en/matches/aefe3b90/North-London-Derby-Arsenal-Tottenham-Hotspur-October-1-2022-Premier-League,,aefe3b90
ENG-Premier League,2223,2022-10-01 Bournemouth-Brentford,9,Sat,2022-10-01,15:00,Bournemouth,0.4,0–0,0.9,Brentford,10126,Vitality Stadium,Thomas Bramall,/en/matches/f2e86b27/Bournemouth-Brentford-October-1-2022-Premier-League,,f2e86b27
ENG-Premier League,2223,2022-10-01 Crystal Palace-Chelsea,9,Sat,2022-10-01,15:00,Crystal Palace,0.4,1–2,1.1,Chelsea,25198,Selhurst Park,Chris Kavanagh,/en/matches/372249f3/Crystal-Palace-Chelsea-October-1-2022-Premier-League,,372249f3
ENG-Premier League,2223,2022-10-01 Fulham-Newcastle Utd,9,Sat,2022-10-01,15:00,Fulham,0.5,1–4,3.3,Newcastle Utd,22913,Craven Cottage,Darren England,/en/matches/dcde1172/Fulham-Newcastle-United-October-1-2022-Premier-League,,dcde1172
ENG-Premier League,2223,2022-10-01 Liverpool-Brighton,9,Sat,2022-10-01,15:00,Liverpool,1.5,3–3,1.4,Brighton,53320,Anfield,Andy Madley,/en/matches/aadd2e80/Liverpool-Brighton-and-Hove-Albion-October-1-2022-Premier-League,,aadd2e80
ENG-Premier League,2223,2022-10-01 Southampton-Everton,9,Sat,2022-10-01,15:00,Southampton,1.7,1–2,2.0,Everton,30510,St. Mary's Stadium,Andre Marriner,/en/matches/06d00bcb/Southampton-Everton-October-1-2022-Premier-League,,06d00bcb
ENG-Premier League,2223,2022-10-01 West Ham-Wolves,9,Sat,2022-10-01,17:30,West Ham,0.9,2–0,0.7,Wolves,62444,London Stadium,Paul Tierney,/en/matches/89ff6cd8/West-Ham-United-Wolverhampton-Wanderers-October-1-2022-Premier-League,,89ff6cd8
ENG-Premier League,2223,2022-10-02 Leeds United-Aston Villa,9,Sun,2022-10-02,16:30,Leeds United,0.4,0–0,2.2,Aston Villa,36582,Elland Road,Stuart Attwell,/en/matches/627d2279/Leeds-United-Aston-Villa-October-2-2022-Premier-League,,627d2279
ENG-Premier League,2223,2022-10-02 Manchester City-Manchester Utd,9,Sun,2022-10-02,14:00,Manchester City,3.2,6–3,1.7,Manchester Utd,53475,Etihad Stadium,Michael Oliver,/en/matches/886e6108/Manchester-Derby-Manchester-City-Manchester-United-October-2-2022-Premier-League,,886e6108
ENG-Premier League,2223,2022-10-03 Leicester City-Nott'ham Forest,9,Mon,2022-10-03,20:00,Leicester City,1.3,4–0,1.1,Nott'ham Forest,32202,King Power Stadium,Robert Jones,/en/matches/a7976021/Leicester-City-Nottingham-Forest-October-3-2022-Premier-League,,a7976021
ENG-Premier League,2223,2022-10-08 Bournemouth-Leicester City,10,Sat,2022-10-08,15:00,Bournemouth,1.1,2–1,1.0,Leicester City,10272,Vitality Stadium,Michael Salisbury,/en/matches/7db2a40a/Bournemouth-Leicester-City-October-8-2022-Premier-League,,7db2a40a
ENG-Premier League,2223,2022-10-08 Brighton-Tottenham,10,Sat,2022-10-08,17:30,Brighton,0.7,0–1,0.8,Tottenham,31498,The American Express Community Stadium,Tony Harrington,/en/matches/3eeefbc5/Brighton-and-Hove-Albion-Tottenham-Hotspur-October-8-2022-Premier-League,,3eeefbc5
ENG-Premier League,2223,2022-10-08 Chelsea-Wolves,10,Sat,2022-10-08,15:00,Chelsea,1.9,3–0,1.1,Wolves,39940,Stamford Bridge,Simon Hooper,/en/matches/c83cb314/Chelsea-Wolverhampton-Wanderers-October-8-2022-Premier-League,,c83cb314
ENG-Premier League,2223,2022-10-08 Manchester City-Southampton,10,Sat,2022-10-08,15:00,Manchester City,2.4,4–0,0.2,Southampton,53365,Etihad Stadium,Andy Madley,/en/matches/864294c0/Manchester-City-Southampton-October-8-2022-Premier-League,,864294c0
ENG-Premier League,2223,2022-10-08 Newcastle Utd-Brentford,10,Sat,2022-10-08,15:00,Newcastle Utd,1.5,5–1,1.2,Brentford,52067,St James' Park,John Brooks,/en/matches/7dd42d3f/Newcastle-United-Brentford-October-8-2022-Premier-League,,7dd42d3f
ENG-Premier League,2223,2022-10-09 Arsenal-Liverpool,10,Sun,2022-10-09,16:30,Arsenal,2.7,3–2,1.1,Liverpool,60059,Emirates Stadium,Michael Oliver,/en/matches/84a48413/Arsenal-Liverpool-October-9-2022-Premier-League,,84a48413
ENG-Premier League,2223,2022-10-09 Crystal Palace-Leeds United,10,Sun,2022-10-09,14:00,Crystal Palace,1.1,2–1,1.0,Leeds United,25042,Selhurst Park,Paul Tierney,/en/matches/f9563020/Crystal-Palace-Leeds-United-October-9-2022-Premier-League,,f9563020
ENG-Premier League,2223,2022-10-09 Everton-Manchester Utd,10,Sun,2022-10-09,19:00,Everton,0.6,1–2,1.4,Manchester Utd,39258,Goodison Park,David Coote,/en/matches/5d426690/Everton-Manchester-United-October-9-2022-Premier-League,,5d426690
ENG-Premier League,2223,2022-10-09 West Ham-Fulham,10,Sun,2022-10-09,14:00,West Ham,2.4,3–1,0.7,Fulham,62407,London Stadium,Chris Kavanagh,/en/matches/42e38f9d/West-Ham-United-Fulham-October-9-2022-Premier-League,,42e38f9d
ENG-Premier League,2223,2022-10-10 Nott'ham Forest-Aston Villa,10,Mon,2022-10-10,20:00,Nott'ham Forest,0.3,1–1,0.7,Aston Villa,29208,The City Ground,Anthony Taylor,/en/matches/fb99ddf9/Nottingham-Forest-Aston-Villa-October-10-2022-Premier-League,,fb99ddf9
ENG-Premier League,2223,2022-10-14 Brentford-Brighton,11,Fri,2022-10-14,20:00,Brentford,1.5,2–0,1.9,Brighton,17016,Brentford Community Stadium,Michael Salisbury,/en/matches/69409682/Brentford-Brighton-and-Hove-Albion-October-14-2022-Premier-League,,69409682
ENG-Premier League,2223,2022-10-15 Fulham-Bournemouth,11,Sat,2022-10-15,15:00,Fulham,2.1,2–2,1.0,Bournemouth,22541,Craven Cottage,Graham Scott,/en/matches/ab7f61dd/Fulham-Bournemouth-October-15-2022-Premier-League,,ab7f61dd
ENG-Premier League,2223,2022-10-15 Leicester City-Crystal Palace,11,Sat,2022-10-15,12:30,Leicester City,1.0,0–0,0.4,Crystal Palace,31298,King Power Stadium,Andy Madley,/en/matches/37677e58/Leicester-City-Crystal-Palace-October-15-2022-Premier-League,,37677e58
ENG-Premier League,2223,2022-10-15 Tottenham-Everton,11,Sat,2022-10-15,17:30,Tottenham,2.2,2–0,0.4,Everton,61812,Tottenham Hotspur Stadium,Paul Tierney,/en/matches/e42493f9/Tottenham-Hotspur-Everton-October-15-2022-Premier-League,,e42493f9
ENG-Premier League,2223,2022-10-15 Wolves-Nott'ham Forest,11,Sat,2022-10-15,15:00,Wolves,1.3,1–0,1.5,Nott'ham Forest,31554,Molineux Stadium,Thomas Bramall,/en/matches/c9f8e7e9/Wolverhampton-Wanderers-Nottingham-Forest-October-15-2022-Premier-League,,c9f8e7e9
ENG-Premier League,2223,2022-10-16 Aston Villa-Chelsea,11,Sun,2022-10-16,14:00,Aston Villa,1.8,0–2,0.9,Chelsea,41754,Villa Park,Robert Jones,/en/matches/7113ce7f/Aston-Villa-Chelsea-October-16-2022-Premier-League,,7113ce7f
ENG-Premier League,2223,2022-10-16 Leeds United-Arsenal,11,Sun,2022-10-16,14:00,Leeds United,1.8,0–1,0.5,Arsenal,36700,Elland Road,Chris Kavanagh,/en/matches/92885cfc/Leeds-United-Arsenal-October-16-2022-Premier-League,,92885cfc
ENG-Premier League,2223,2022-10-16 Liverpool-Manchester City,11,Sun,2022-10-16,16:30,Liverpool,2.1,1–0,1.0,Manchester City,53286,Anfield,Anthony Taylor,/en/matches/2ed4b79f/Liverpool-Manchester-City-October-16-2022-Premier-League,,2ed4b79f
ENG-Premier League,2223,2022-10-16 Manchester Utd-Newcastle Utd,11,Sun,2022-10-16,14:00,Manchester Utd,0.8,0–0,0.8,Newcastle Utd,73726,Old Trafford,Craig Pawson,/en/matches/e0b9c72c/Manchester-United-Newcastle-United-October-16-2022-Premier-League,,e0b9c72c
ENG-Premier League,2223,2022-10-16 Southampton-West Ham,11,Sun,2022-10-16,14:00,Southampton,0.5,1–1,1.7,West Ham,29159,St. Mary's Stadium,Peter Bankes,/en/matches/2f5adfad/Southampton-West-Ham-United-October-16-2022-Premier-League,,2f5adfad
ENG-Premier League,2223,2022-10-18 Brighton-Nott'ham Forest,12,Tue,2022-10-18,19:30,Brighton,1.7,0–0,0.1,Nott'ham Forest,31463,The American Express Community Stadium,Darren England,/en/matches/4f876daa/Brighton-and-Hove-Albion-Nottingham-Forest-October-18-2022-Premier-League,,4f876daa
ENG-Premier League,2223,2022-10-18 Crystal Palace-Wolves,12,Tue,2022-10-18,20:15,Crystal Palace,1.2,2–1,0.8,Wolves,25125,Selhurst Park,David Coote,/en/matches/60705c6d/Crystal-Palace-Wolverhampton-Wanderers-October-18-2022-Premier-League,,60705c6d
ENG-Premier League,2223,2022-10-19 Bournemouth-Southampton,12,Wed,2022-10-19,19:30,Bournemouth,1.0,0–1,1.0,Southampton,10405,Vitality Stadium,John Brooks,/en/matches/8a2bb3b6/Bournemouth-Southampton-October-19-2022-Premier-League,,8a2bb3b6
ENG-Premier League,2223,2022-10-19 Brentford-Chelsea,12,Wed,2022-10-19,19:30,Brentford,1.3,0–0,0.9,Chelsea,17118,Brentford Community Stadium,Jarred Gillett,/en/matches/b7a32aeb/Brentford-Chelsea-October-19-2022-Premier-League,,b7a32aeb
ENG-Premier League,2223,2022-10-19 Liverpool-West Ham,12,Wed,2022-10-19,19:30,Liverpool,1.7,1–0,1.7,West Ham,52982,Anfield,Stuart Attwell,/en/matches/dba5c5ec/Liverpool-West-Ham-United-October-19-2022-Premier-League,,dba5c5ec
ENG-Premier League,2223,2022-10-19 Manchester Utd-Tottenham,12,Wed,2022-10-19,20:15,Manchester Utd,1.5,2–0,0.6,Tottenham,73677,Old Trafford,Simon Hooper,/en/matches/eebe78c1/Manchester-United-Tottenham-Hotspur-October-19-2022-Premier-League,,eebe78c1
ENG-Premier League,2223,2022-10-19 Newcastle Utd-Everton,12,Wed,2022-10-19,19:30,Newcastle Utd,1.5,1–0,0.2,Everton,52247,St James' Park,Tony Harrington,/en/matches/e6674f8d/Newcastle-United-Everton-October-19-2022-Premier-League,,e6674f8d
ENG-Premier League,2223,2022-10-20 Fulham-Aston Villa,12,Thu,2022-10-20,19:30,Fulham,2.1,3–0,1.2,Aston Villa,23508,Craven Cottage,Michael Oliver,/en/matches/e6102606/Fulham-Aston-Villa-October-20-2022-Premier-League,,e6102606
ENG-Premier League,2223,2022-10-20 Leicester City-Leeds United,12,Thu,2022-10-20,20:15,Leicester City,0.8,2–0,1.3,Leeds United,30814,King Power Stadium,Peter Bankes,/en/matches/6356af5a/Leicester-City-Leeds-United-October-20-2022-Premier-League,,6356af5a
ENG-Premier League,2223,2022-10-22 Chelsea-Manchester Utd,13,Sat,2022-10-22,17:30,Chelsea,1.1,1–1,0.8,Manchester Utd,39503,Stamford Bridge,Stuart Attwell,/en/matches/7ad85c8a/Chelsea-Manchester-United-October-22-2022-Premier-League,,7ad85c8a
ENG-Premier League,2223,2022-10-22 Everton-Crystal Palace,13,Sat,2022-10-22,15:00,Everton,1.4,3–0,0.9,Crystal Palace,38939,Goodison Park,Simon Hooper,/en/matches/24d23a55/Everton-Crystal-Palace-October-22-2022-Premier-League,,24d23a55
ENG-Premier League,2223,2022-10-22 Manchester City-Brighton,13,Sat,2022-10-22,15:00,Manchester City,1.6,3–1,0.5,Brighton,53223,Etihad Stadium,Craig Pawson,/en/matches/cd5cd3f0/Manchester-City-Brighton-and-Hove-Albion-October-22-2022-Premier-League,,cd5cd3f0
ENG-Premier League,2223,2022-10-22 Nott'ham Forest-Liverpool,13,Sat,2022-10-22,12:30,Nott'ham Forest,1.9,1–0,1.6,Liverpool,29245,The City Ground,Paul Tierney,/en/matches/f92b67c2/Nottingham-Forest-Liverpool-October-22-2022-Premier-League,,f92b67c2
ENG-Premier League,2223,2022-10-23 Aston Villa-Brentford,13,Sun,2022-10-23,14:00,Aston Villa,2.8,4–0,0.9,Brentford,41693,Villa Park,Darren England,/en/matches/7764ca02/Aston-Villa-Brentford-October-23-2022-Premier-League,,7764ca02
ENG-Premier League,2223,2022-10-23 Leeds United-Fulham,13,Sun,2022-10-23,14:00,Leeds United,1.6,2–3,1.8,Fulham,36447,Elland Road,Anthony Taylor,/en/matches/d7b30e2b/Leeds-United-Fulham-October-23-2022-Premier-League,,d7b30e2b
ENG-Premier League,2223,2022-10-23 Southampton-Arsenal,13,Sun,2022-10-23,14:00,Southampton,0.7,1–1,1.0,Arsenal,31145,St. Mary's Stadium,Robert Jones,/en/matches/d8138438/Southampton-Arsenal-October-23-2022-Premier-League,,d8138438
ENG-Premier League,2223,2022-10-23 Tottenham-Newcastle Utd,13,Sun,2022-10-23,16:30,Tottenham,1.6,1–2,1.2,Newcastle Utd,61726,Tottenham Hotspur Stadium,Jarred Gillett,/en/matches/ae21490f/Tottenham-Hotspur-Newcastle-United-October-23-2022-Premier-League,,ae21490f
ENG-Premier League,2223,2022-10-23 Wolves-Leicester City,13,Sun,2022-10-23,14:00,Wolves,2.1,0–4,0.9,Leicester City,31425,Molineux Stadium,Michael Oliver,/en/matches/8774e664/Wolverhampton-Wanderers-Leicester-City-October-23-2022-Premier-League,,8774e664
ENG-Premier League,2223,2022-10-24 West Ham-Bournemouth,13,Mon,2022-10-24,20:00,West Ham,1.9,2–0,0.4,Bournemouth,62447,London Stadium,David Coote,/en/matches/e9d1a18b/West-Ham-United-Bournemouth-October-24-2022-Premier-League,,e9d1a18b
ENG-Premier League,2223,2022-10-29 Bournemouth-Tottenham,14,Sat,2022-10-29,15:00,Bournemouth,0.5,2–3,2.0,Tottenham,10430,Vitality Stadium,Anthony Taylor,/en/matches/dcb3b971/Bournemouth-Tottenham-Hotspur-October-29-2022-Premier-League,,dcb3b971
ENG-Premier League,2223,2022-10-29 Brentford-Wolves,14,Sat,2022-10-29,15:00,Brentford,1.4,1–1,0.6,Wolves,17051,Brentford Community Stadium,Robert Madley,/en/matches/41e403d3/Brentford-Wolverhampton-Wanderers-October-29-2022-Premier-League,,41e403d3
ENG-Premier League,2223,2022-10-29 Brighton-Chelsea,14,Sat,2022-10-29,15:00,Brighton,2.4,4–1,1.4,Chelsea,31746,The American Express Community Stadium,Andy Madley,/en/matches/ac6abad1/Brighton-and-Hove-Albion-Chelsea-October-29-2022-Premier-League,,ac6abad1
ENG-Premier League,2223,2022-10-29 Crystal Palace-Southampton,14,Sat,2022-10-29,15:00,Crystal Palace,0.9,1–0,1.3,Southampton,25130,Selhurst Park,Michael Salisbury,/en/matches/4be07239/Crystal-Palace-Southampton-October-29-2022-Premier-League,,4be07239
ENG-Premier League,2223,2022-10-29 Fulham-Everton,14,Sat,2022-10-29,17:30,Fulham,1.9,0–0,0.9,Everton,23534,Craven Cottage,John Brooks,/en/matches/9c4402e1/Fulham-Everton-October-29-2022-Premier-League,,9c4402e1
ENG-Premier League,2223,2022-10-29 Leicester City-Manchester City,14,Sat,2022-10-29,12:30,Leicester City,0.7,0–1,1.0,Manchester City,32223,King Power Stadium,Robert Jones,/en/matches/96b9ae4e/Leicester-City-Manchester-City-October-29-2022-Premier-League,,96b9ae4e
ENG-Premier League,2223,2022-10-29 Liverpool-Leeds United,14,Sat,2022-10-29,19:45,Liverpool,1.7,1–2,1.8,Leeds United,53274,Anfield,Michael Oliver,/en/matches/b5b1e744/Liverpool-Leeds-United-October-29-2022-Premier-League,,b5b1e744
ENG-Premier League,2223,2022-10-29 Newcastle Utd-Aston Villa,14,Sat,2022-10-29,15:00,Newcastle Utd,3.4,4–0,0.4,Aston Villa,52233,St James' Park,Paul Tierney,/en/matches/96f5ee84/Newcastle-United-Aston-Villa-October-29-2022-Premier-League,,96f5ee84
ENG-Premier League,2223,2022-10-30 Arsenal-Nott'ham Forest,14,Sun,2022-10-30,14:00,Arsenal,2.3,5–0,0.4,Nott'ham Forest,60263,Emirates Stadium,Simon Hooper,/en/matches/1b496cc1/Arsenal-Nottingham-Forest-October-30-2022-Premier-League,,1b496cc1
ENG-Premier League,2223,2022-10-30 Manchester Utd-West Ham,14,Sun,2022-10-30,16:15,Manchester Utd,1.2,1–0,1.1,West Ham,73682,Old Trafford,Chris Kavanagh,/en/matches/cd0f59f6/Manchester-United-West-Ham-United-October-30-2022-Premier-League,,cd0f59f6
ENG-Premier League,2223,2022-11-05 Everton-Leicester City,15,Sat,2022-11-05,17:30,Everton,1.2,0–2,2.3,Leicester City,39206,Goodison Park,David Coote,/en/matches/831c73fc/Everton-Leicester-City-November-5-2022-Premier-League,,831c73fc
ENG-Premier League,2223,2022-11-05 Leeds United-Bournemouth,15,Sat,2022-11-05,15:00,Leeds United,2.2,4–3,1.5,Bournemouth,36304,Elland Road,Tony Harrington,/en/matches/63975c3e/Leeds-United-Bournemouth-November-5-2022-Premier-League,,63975c3e
ENG-Premier League,2223,2022-11-05 Manchester City-Fulham,15,Sat,2022-11-05,15:00,Manchester City,2.1,2–1,1.0,Fulham,52395,Etihad Stadium,Darren England,/en/matches/6ef27b3c/Manchester-City-Fulham-November-5-2022-Premier-League,,6ef27b3c
ENG-Premier League,2223,2022-11-05 Nott'ham Forest-Brentford,15,Sat,2022-11-05,15:00,Nott'ham Forest,1.5,2–2,1.5,Brentford,28869,The City Ground,Andre Marriner,/en/matches/12251835/Nottingham-Forest-Brentford-November-5-2022-Premier-League,,12251835
ENG-Premier League,2223,2022-11-05 Wolves-Brighton,15,Sat,2022-11-05,15:00,Wolves,1.2,2–3,1.5,Brighton,30732,Molineux Stadium,Graham Scott,/en/matches/982d16a2/Wolverhampton-Wanderers-Brighton-and-Hove-Albion-November-5-2022-Premier-League,,982d16a2
ENG-Premier League,2223,2022-11-06 Aston Villa-Manchester Utd,15,Sun,2022-11-06,14:00,Aston Villa,0.6,3–1,0.5,Manchester Utd,42058,Villa Park,Anthony Taylor,/en/matches/6638574f/Aston-Villa-Manchester-United-November-6-2022-Premier-League,,6638574f
ENG-Premier League,2223,2022-11-06 Chelsea-Arsenal,15,Sun,2022-11-06,12:00,Chelsea,0.3,0–1,2.1,Arsenal,40142,Stamford Bridge,Michael Oliver,/en/matches/af9dc838/North-West-London-Derby-Chelsea-Arsenal-November-6-2022-Premier-League,,af9dc838
ENG-Premier League,2223,2022-11-06 Southampton-Newcastle Utd,15,Sun,2022-11-06,14:00,Southampton,1.7,1–4,0.9,Newcastle Utd,30402,St. Mary's Stadium,Stuart Attwell,/en/matches/57f9bcc9/Southampton-Newcastle-United-November-6-2022-Premier-League,,57f9bcc9
ENG-Premier League,2223,2022-11-06 Tottenham-Liverpool,15,Sun,2022-11-06,16:30,Tottenham,1.2,1–2,1.2,Liverpool,62008,Tottenham Hotspur Stadium,Andy Madley,/en/matches/2954504d/Tottenham-Hotspur-Liverpool-November-6-2022-Premier-League,,2954504d
ENG-Premier League,2223,2022-11-06 West Ham-Crystal Palace,15,Sun,2022-11-06,14:00,West Ham,0.3,1–2,1.0,Crystal Palace,62451,London Stadium,Paul Tierney,/en/matches/2586fb04/West-Ham-United-Crystal-Palace-November-6-2022-Premier-League,,2586fb04
ENG-Premier League,2223,2022-11-12 Bournemouth-Everton,16,Sat,2022-11-12,15:00,Bournemouth,2.4,3–0,0.8,Everton,10382,Vitality Stadium,Craig Pawson,/en/matches/54f23f03/Bournemouth-Everton-November-12-2022-Premier-League,,54f23f03
ENG-Premier League,2223,2022-11-12 Liverpool-Southampton,16,Sat,2022-11-12,15:00,Liverpool,1.9,3–1,1.1,Southampton,53331,Anfield,Simon Hooper,/en/matches/1579d34b/Liverpool-Southampton-November-12-2022-Premier-League,,1579d34b
ENG-Premier League,2223,2022-11-12 Manchester City-Brentford,16,Sat,2022-11-12,12:30,Manchester City,1.6,1–2,1.3,Brentford,52786,Etihad Stadium,Peter Bankes,/en/matches/28b60c1b/Manchester-City-Brentford-November-12-2022-Premier-League,,28b60c1b
ENG-Premier League,2223,2022-11-12 Newcastle Utd-Chelsea,16,Sat,2022-11-12,17:30,Newcastle Utd,1.0,1–0,0.3,Chelsea,52264,St James' Park,Robert Jones,/en/matches/e1b3eb1b/Newcastle-United-Chelsea-November-12-2022-Premier-League,,e1b3eb1b
ENG-Premier League,2223,2022-11-12 Nott'ham Forest-Crystal Palace,16,Sat,2022-11-12,15:00,Nott'ham Forest,1.1,1–0,1.2,Crystal Palace,29045,The City Ground,John Brooks,/en/matches/ee827a60/Nottingham-Forest-Crystal-Palace-November-12-2022-Premier-League,,ee827a60
ENG-Premier League,2223,2022-11-12 Tottenham-Leeds United,16,Sat,2022-11-12,15:00,Tottenham,1.8,4–3,1.1,Leeds United,61667,Tottenham Hotspur Stadium,Michael Salisbury,/en/matches/0030e686/Tottenham-Hotspur-Leeds-United-November-12-2022-Premier-League,,0030e686
ENG-Premier League,2223,2022-11-12 West Ham-Leicester City,16,Sat,2022-11-12,15:00,West Ham,1.4,0–2,1.8,Leicester City,62459,London Stadium,Jarred Gillett,/en/matches/6e89557a/West-Ham-United-Leicester-City-November-12-2022-Premier-League,,6e89557a
ENG-Premier League,2223,2022-11-12 Wolves-Arsenal,16,Sat,2022-11-12,19:45,Wolves,0.7,0–2,2.1,Arsenal,34624,Molineux Stadium,Stuart Attwell,/en/matches/863d7a8f/Wolverhampton-Wanderers-Arsenal-November-12-2022-Premier-League,,863d7a8f
ENG-Premier League,2223,2022-11-13 Brighton-Aston Villa,16,Sun,2022-11-13,14:00,Brighton,0.6,1–2,1.5,Aston Villa,31581,The American Express Community Stadium,Chris Kavanagh,/en/matches/a7031cbd/Brighton-and-Hove-Albion-Aston-Villa-November-13-2022-Premier-League,,a7031cbd
ENG-Premier League,2223,2022-11-13 Fulham-Manchester Utd,16,Sun,2022-11-13,16:30,Fulham,1.4,1–2,2.5,Manchester Utd,24246,Craven Cottage,Paul Tierney,/en/matches/af75b6b0/Fulham-Manchester-United-November-13-2022-Premier-League,,af75b6b0
ENG-Premier League,2223,2022-12-26 Arsenal-West Ham,17,Mon,2022-12-26,20:00,Arsenal,2.1,3–1,1.0,West Ham,60125,Emirates Stadium,Michael Oliver,/en/matches/3be32b8b/Arsenal-West-Ham-United-December-26-2022-Premier-League,,3be32b8b
ENG-Premier League,2223,2022-12-26 Aston Villa-Liverpool,17,Mon,2022-12-26,17:30,Aston Villa,1.4,1–3,2.7,Liverpool,42085,Villa Park,Paul Tierney,/en/matches/ab7d4465/Aston-Villa-Liverpool-December-26-2022-Premier-League,,ab7d4465
ENG-Premier League,2223,2022-12-26 Brentford-Tottenham,17,Mon,2022-12-26,12:30,Brentford,2.0,2–2,1.1,Tottenham,17137,Brentford Community Stadium,David Coote,/en/matches/14e4f648/Brentford-Tottenham-Hotspur-December-26-2022-Premier-League,,14e4f648
ENG-Premier League,2223,2022-12-26 Crystal Palace-Fulham,17,Mon,2022-12-26,15:00,Crystal Palace,0.4,0–3,2.5,Fulham,25176,Selhurst Park,Andy Madley,/en/matches/bbb301a6/Crystal-Palace-Fulham-December-26-2022-Premier-League,,bbb301a6
ENG-Premier League,2223,2022-12-26 Everton-Wolves,17,Mon,2022-12-26,15:00,Everton,1.7,1–2,0.8,Wolves,39252,Goodison Park,Craig Pawson,/en/matches/ef424180/Everton-Wolverhampton-Wanderers-December-26-2022-Premier-League,,ef424180
ENG-Premier League,2223,2022-12-26 Leicester City-Newcastle Utd,17,Mon,2022-12-26,15:00,Leicester City,0.5,0–3,1.9,Newcastle Utd,32185,King Power Stadium,Jarred Gillett,/en/matches/8e186153/Leicester-City-Newcastle-United-December-26-2022-Premier-League,,8e186153
ENG-Premier League,2223,2022-12-26 Southampton-Brighton,17,Mon,2022-12-26,15:00,Southampton,1.9,1–3,0.6,Brighton,31010,St. Mary's Stadium,Robert Jones,/en/matches/3527c390/Southampton-Brighton-and-Hove-Albion-December-26-2022-Premier-League,,3527c390
ENG-Premier League,2223,2022-12-27 Chelsea-Bournemouth,17,Tue,2022-12-27,17:30,Chelsea,1.8,2–0,0.5,Bournemouth,40046,Stamford Bridge,Simon Hooper,/en/matches/d55b9033/Chelsea-Bournemouth-December-27-2022-Premier-League,,d55b9033
ENG-Premier League,2223,2022-12-27 Manchester Utd-Nott'ham Forest,17,Tue,2022-12-27,20:00,Manchester Utd,2.4,3–0,0.7,Nott'ham Forest,73608,Old Trafford,Anthony Taylor,/en/matches/b860f634/Manchester-United-Nottingham-Forest-December-27-2022-Premier-League,,b860f634
ENG-Premier League,2223,2022-12-28 Leeds United-Manchester City,17,Wed,2022-12-28,20:00,Leeds United,0.6,1–3,4.3,Manchester City,36889,Elland Road,Stuart Attwell,/en/matches/a85ef749/Leeds-United-Manchester-City-December-28-2022-Premier-League,,a85ef749
ENG-Premier League,2223,2022-12-30 Liverpool-Leicester City,18,Fri,2022-12-30,20:00,Liverpool,2.2,2–1,1.0,Leicester City,53343,Anfield,Craig Pawson,/en/matches/c5e4ccf5/Liverpool-Leicester-City-December-30-2022-Premier-League,,c5e4ccf5
ENG-Premier League,2223,2022-12-30 West Ham-Brentford,18,Fri,2022-12-30,19:45,West Ham,1.3,0–2,1.6,Brentford,62467,London Stadium,Darren England,/en/matches/56acbbbe/West-Ham-United-Brentford-December-30-2022-Premier-League,,56acbbbe
ENG-Premier League,2223,2022-12-31 Bournemouth-Crystal Palace,18,Sat,2022-12-31,15:00,Bournemouth,0.6,0–2,1.6,Crystal Palace,9972,Vitality Stadium,Andre Marriner,/en/matches/dab2ed3a/Bournemouth-Crystal-Palace-December-31-2022-Premier-League,,dab2ed3a
ENG-Premier League,2223,2022-12-31 Brighton-Arsenal,18,Sat,2022-12-31,17:30,Brighton,1.2,2–4,2.9,Arsenal,31647,The American Express Community Stadium,Anthony Taylor,/en/matches/dd50a429/Brighton-and-Hove-Albion-Arsenal-December-31-2022-Premier-League,,dd50a429
ENG-Premier League,2223,2022-12-31 Fulham-Southampton,18,Sat,2022-12-31,15:00,Fulham,1.5,2–1,0.8,Southampton,24344,Craven Cottage,Graham Scott,/en/matches/a15bf99e/Fulham-Southampton-December-31-2022-Premier-League,,a15bf99e
ENG-Premier League,2223,2022-12-31 Manchester City-Everton,18,Sat,2022-12-31,15:00,Manchester City,1.7,1–1,0.1,Everton,53444,Etihad Stadium,Andy Madley,/en/matches/bcfb66ff/Manchester-City-Everton-December-31-2022-Premier-League,,bcfb66ff
ENG-Premier League,2223,2022-12-31 Newcastle Utd-Leeds United,18,Sat,2022-12-31,15:00,Newcastle Utd,2.2,0–0,0.4,Leeds United,52211,St James' Park,Simon Hooper,/en/matches/0facecde/Newcastle-United-Leeds-United-December-31-2022-Premier-League,,0facecde
ENG-Premier League,2223,2022-12-31 Wolves-Manchester Utd,18,Sat,2022-12-31,12:30,Wolves,0.7,0–1,2.0,Manchester Utd,31658,Molineux Stadium,Robert Jones,/en/matches/8ef80305/Wolverhampton-Wanderers-Manchester-United-December-31-2022-Premier-League,,8ef80305
ENG-Premier League,2223,2023-01-01 Nott'ham Forest-Chelsea,18,Sun,2023-01-01,16:30,Nott'ham Forest,1.4,1–1,0.9,Chelsea,29229,The City Ground,Peter Bankes,/en/matches/c31cf944/Nottingham-Forest-Chelsea-January-1-2023-Premier-League,,c31cf944
ENG-Premier League,2223,2023-01-01 Tottenham-Aston Villa,18,Sun,2023-01-01,14:00,Tottenham,0.7,0–2,1.0,Aston Villa,61651,Tottenham Hotspur Stadium,John Brooks,/en/matches/63e8eaf8/Tottenham-Hotspur-Aston-Villa-January-1-2023-Premier-League,,63e8eaf8
ENG-Premier League,2223,2023-01-02 Brentford-Liverpool,19,Mon,2023-01-02,17:30,Brentford,1.6,3–1,0.9,Liverpool,17163,Brentford Community Stadium,Stuart Attwell,/en/matches/af6aa183/Brentford-Liverpool-January-2-2023-Premier-League,,af6aa183
ENG-Premier League,2223,2023-01-03 Arsenal-Newcastle Utd,19,Tue,2023-01-03,19:45,Arsenal,1.1,0–0,1.0,Newcastle Utd,60319,Emirates Stadium,Andy Madley,/en/matches/ceebd643/Arsenal-Newcastle-United-January-3-2023-Premier-League,,ceebd643
ENG-Premier League,2223,2023-01-03 Everton-Brighton,19,Tue,2023-01-03,19:45,Everton,1.3,1–4,2.2,Brighton,39103,Goodison Park,Andre Marriner,/en/matches/c62d7632/Everton-Brighton-and-Hove-Albion-January-3-2023-Premier-League,,c62d7632
ENG-Premier League,2223,2023-01-03 Leicester City-Fulham,19,Tue,2023-01-03,19:45,Leicester City,1.7,0–1,1.7,Fulham,30813,King Power Stadium,Darren Bond,/en/matches/12e0894b/Leicester-City-Fulham-January-3-2023-Premier-League,,12e0894b
ENG-Premier League,2223,2023-01-03 Manchester Utd-Bournemouth,19,Tue,2023-01-03,20:00,Manchester Utd,2.2,3–0,0.6,Bournemouth,73322,Old Trafford,Michael Salisbury,/en/matches/63fc7f12/Manchester-United-Bournemouth-January-3-2023-Premier-League,,63fc7f12
ENG-Premier League,2223,2023-01-04 Aston Villa-Wolves,19,Wed,2023-01-04,20:00,Aston Villa,1.8,1–1,0.9,Wolves,39978,Villa Park,Jarred Gillett,/en/matches/895a1c1f/Aston-Villa-Wolverhampton-Wanderers-January-4-2023-Premier-League,,895a1c1f
ENG-Premier League,2223,2023-01-04 Crystal Palace-Tottenham,19,Wed,2023-01-04,20:00,Crystal Palace,0.8,0–4,1.4,Tottenham,25132,Selhurst Park,Michael Oliver,/en/matches/d8118454/Crystal-Palace-Tottenham-Hotspur-January-4-2023-Premier-League,,d8118454
ENG-Premier League,2223,2023-01-04 Leeds United-West Ham,19,Wed,2023-01-04,19:45,Leeds United,1.6,2–2,1.4,West Ham,36173,Elland Road,David Coote,/en/matches/068406dc/Leeds-United-West-Ham-United-January-4-2023-Premier-League,,068406dc
ENG-Premier League,2223,2023-01-04 Southampton-Nott'ham Forest,19,Wed,2023-01-04,19:30,Southampton,0.5,0–1,1.4,Nott'ham Forest,30150,St. Mary's Stadium,Thomas Bramall,/en/matches/cc17c735/Southampton-Nottingham-Forest-January-4-2023-Premier-League,,cc17c735
ENG-Premier League,2223,2023-01-05 Chelsea-Manchester City,19,Thu,2023-01-05,20:00,Chelsea,0.4,0–1,2.0,Manchester City,39998,Stamford Bridge,Paul Tierney,/en/matches/eacda90c/Chelsea-Manchester-City-January-5-2023-Premier-League,,eacda90c
ENG-Premier League,2223,2023-01-12 Fulham-Chelsea,7,Thu,2023-01-12,20:00,Fulham,1.0,2–1,2.1,Chelsea,24460,Craven Cottage,David Coote,/en/matches/2902a42d/Fulham-Chelsea-January-12-2023-Premier-League,,2902a42d
ENG-Premier League,2223,2023-01-13 Aston Villa-Leeds United,20,Fri,2023-01-13,20:00,Aston Villa,1.2,2–1,2.4,Leeds United,42008,Villa Park,Michael Oliver,/en/matches/ea58bf24/Aston-Villa-Leeds-United-January-13-2023-Premier-League,,ea58bf24
ENG-Premier League,2223,2023-01-14 Brentford-Bournemouth,20,Sat,2023-01-14,17:30,Brentford,1.4,2–0,0.6,Bournemouth,17031,Brentford Community Stadium,Jarred Gillett,/en/matches/3f992264/Brentford-Bournemouth-January-14-2023-Premier-League,,3f992264
ENG-Premier League,2223,2023-01-14 Brighton-Liverpool,20,Sat,2023-01-14,15:00,Brighton,1.9,3–0,1.0,Liverpool,31645,The American Express Community Stadium,Darren England,/en/matches/cfc2a193/Brighton-and-Hove-Albion-Liverpool-January-14-2023-Premier-League,,cfc2a193
ENG-Premier League,2223,2023-01-14 Everton-Southampton,20,Sat,2023-01-14,15:00,Everton,1.4,1–2,1.2,Southampton,39305,Goodison Park,John Brooks,/en/matches/11603f7f/Everton-Southampton-January-14-2023-Premier-League,,11603f7f
ENG-Premier League,2223,2023-01-14 Manchester Utd-Manchester City,20,Sat,2023-01-14,12:30,Manchester Utd,1.7,2–1,0.6,Manchester City,75546,Old Trafford,Stuart Attwell,/en/matches/f0fd7541/Manchester-Derby-Manchester-United-Manchester-City-January-14-2023-Premier-League,,f0fd7541
ENG-Premier League,2223,2023-01-14 Nott'ham Forest-Leicester City,20,Sat,2023-01-14,15:00,Nott'ham Forest,2.4,2–0,1.0,Leicester City,29301,The City Ground,Paul Tierney,/en/matches/95d3b457/Nottingham-Forest-Leicester-City-January-14-2023-Premier-League,,95d3b457
ENG-Premier League,2223,2023-01-14 Wolves-West Ham,20,Sat,2023-01-14,15:00,Wolves,0.9,1–0,1.1,West Ham,31511,Molineux Stadium,Simon Hooper,/en/matches/20fbd1a1/Wolverhampton-Wanderers-West-Ham-United-January-14-2023-Premier-League,,20fbd1a1
ENG-Premier League,2223,2023-01-15 Chelsea-Crystal Palace,20,Sun,2023-01-15,14:00,Chelsea,1.5,1–0,0.7,Crystal Palace,40075,Stamford Bridge,Peter Bankes,/en/matches/564d2893/Chelsea-Crystal-Palace-January-15-2023-Premier-League,,564d2893
ENG-Premier League,2223,2023-01-15 Newcastle Utd-Fulham,20,Sun,2023-01-15,14:00,Newcastle Utd,2.2,1–0,1.1,Fulham,52247,St James' Park,Robert Jones,/en/matches/f93d11e7/Newcastle-United-Fulham-January-15-2023-Premier-League,,f93d11e7
ENG-Premier League,2223,2023-01-15 Tottenham-Arsenal,20,Sun,2023-01-15,16:30,Tottenham,1.6,0–2,1.8,Arsenal,61870,Tottenham Hotspur Stadium,Craig Pawson,/en/matches/4fc8b7b2/North-London-Derby-Tottenham-Hotspur-Arsenal-January-15-2023-Premier-League,,4fc8b7b2
ENG-Premier League,2223,2023-01-18 Crystal Palace-Manchester Utd,7,Wed,2023-01-18,20:00,Crystal Palace,0.5,1–1,2.1,Manchester Utd,23343,Selhurst Park,Robert Jones,/en/matches/adf46096/Crystal-Palace-Manchester-United-January-18-2023-Premier-League,,adf46096
ENG-Premier League,2223,2023-01-19 Manchester City-Tottenham,7,Thu,2023-01-19,20:00,Manchester City,2.3,4–2,0.8,Tottenham,53088,Etihad Stadium,Simon Hooper,/en/matches/847f0a9c/Manchester-City-Tottenham-Hotspur-January-19-2023-Premier-League,,847f0a9c
ENG-Premier League,2223,2023-01-21 Bournemouth-Nott'ham Forest,21,Sat,2023-01-21,15:00,Bournemouth,1.4,1–1,1.9,Nott'ham Forest,10248,Vitality Stadium,Andy Madley,/en/matches/38c715b4/Bournemouth-Nottingham-Forest-January-21-2023-Premier-League,,38c715b4
ENG-Premier League,2223,2023-01-21 Crystal Palace-Newcastle Utd,21,Sat,2023-01-21,17:30,Crystal Palace,0.3,0–0,1.2,Newcastle Utd,25350,Selhurst Park,Craig Pawson,/en/matches/8468f673/Crystal-Palace-Newcastle-United-January-21-2023-Premier-League,,8468f673
ENG-Premier League,2223,2023-01-21 Leicester City-Brighton,21,Sat,2023-01-21,15:00,Leicester City,0.9,2–2,1.7,Brighton,32056,King Power Stadium,Thomas Bramall,/en/matches/bcbbc55f/Leicester-City-Brighton-and-Hove-Albion-January-21-2023-Premier-League,,bcbbc55f
ENG-Premier League,2223,2023-01-21 Liverpool-Chelsea,21,Sat,2023-01-21,12:30,Liverpool,1.4,0–0,1.6,Chelsea,53126,Anfield,Michael Oliver,/en/matches/7febc290/Liverpool-Chelsea-January-21-2023-Premier-League,,7febc290
ENG-Premier League,2223,2023-01-21 Southampton-Aston Villa,21,Sat,2023-01-21,15:00,Southampton,0.6,0–1,1.4,Aston Villa,30158,St. Mary's Stadium,Michael Salisbury,/en/matches/91d49468/Southampton-Aston-Villa-January-21-2023-Premier-League,,91d49468
ENG-Premier League,2223,2023-01-21 West Ham-Everton,21,Sat,2023-01-21,15:00,West Ham,2.2,2–0,0.5,Everton,62470,London Stadium,Stuart Attwell,/en/matches/db9cdba8/West-Ham-United-Everton-January-21-2023-Premier-League,,db9cdba8
ENG-Premier League,2223,2023-01-22 Arsenal-Manchester Utd,21,Sun,2023-01-22,16:30,Arsenal,3.1,3–2,0.4,Manchester Utd,60325,Emirates Stadium,Anthony Taylor,/en/matches/1b35bc71/Arsenal-Manchester-United-January-22-2023-Premier-League,,1b35bc71
ENG-Premier League,2223,2023-01-22 Leeds United-Brentford,21,Sun,2023-01-22,14:00,Leeds United,0.5,0–0,0.4,Brentford,36260,Elland Road,Peter Bankes,/en/matches/f0e7d8a8/Leeds-United-Brentford-January-22-2023-Premier-League,,f0e7d8a8
ENG-Premier League,2223,2023-01-22 Manchester City-Wolves,21,Sun,2023-01-22,14:00,Manchester City,2.8,3–0,0.8,Wolves,53282,Etihad Stadium,David Coote,/en/matches/7337f90a/Manchester-City-Wolverhampton-Wanderers-January-22-2023-Premier-League,,7337f90a
ENG-Premier League,2223,2023-01-23 Fulham-Tottenham,21,Mon,2023-01-23,20:00,Fulham,1.0,0–1,0.9,Tottenham,24190,Craven Cottage,Paul Tierney,/en/matches/098cd338/Fulham-Tottenham-Hotspur-January-23-2023-Premier-League,,098cd338
ENG-Premier League,2223,2023-02-03 Chelsea-Fulham,22,Fri,2023-02-03,20:00,Chelsea,1.3,0–0,0.6,Fulham,40041,Stamford Bridge,Stuart Attwell,/en/matches/c3cf244b/Chelsea-Fulham-February-3-2023-Premier-League,,c3cf244b
ENG-Premier League,2223,2023-02-04 Aston Villa-Leicester City,22,Sat,2023-02-04,15:00,Aston Villa,1.7,2–4,2.6,Leicester City,42055,Villa Park,Darren England,/en/matches/76a2a22c/Aston-Villa-Leicester-City-February-4-2023-Premier-League,,76a2a22c
ENG-Premier League,2223,2023-02-04 Brentford-Southampton,22,Sat,2023-02-04,15:00,Brentford,2.0,3–0,0.7,Southampton,17051,Brentford Community Stadium,Darren Bond,/en/matches/ef31dad5/Brentford-Southampton-February-4-2023-Premier-League,,ef31dad5
ENG-Premier League,2223,2023-02-04 Brighton-Bournemouth,22,Sat,2023-02-04,15:00,Brighton,2.2,1–0,1.1,Bournemouth,31600,The American Express Community Stadium,Craig Pawson,/en/matches/dccc53ae/Brighton-and-Hove-Albion-Bournemouth-February-4-2023-Premier-League,,dccc53ae
ENG-Premier League,2223,2023-02-04 Everton-Arsenal,22,Sat,2023-02-04,12:30,Everton,1.7,1–0,0.9,Arsenal,39314,Goodison Park,David Coote,/en/matches/07fc721a/Everton-Arsenal-February-4-2023-Premier-League,,07fc721a
ENG-Premier League,2223,2023-02-04 Manchester Utd-Crystal Palace,22,Sat,2023-02-04,15:00,Manchester Utd,2.0,2–1,1.3,Crystal Palace,73420,Old Trafford,Andre Marriner,/en/matches/dca5ea6c/Manchester-United-Crystal-Palace-February-4-2023-Premier-League,,dca5ea6c
ENG-Premier League,2223,2023-02-04 Newcastle Utd-West Ham,22,Sat,2023-02-04,17:30,Newcastle Utd,1.0,1–1,1.0,West Ham,52256,St James' Park,Peter Bankes,/en/matches/34e9160c/Newcastle-United-West-Ham-United-February-4-2023-Premier-League,,34e9160c
ENG-Premier League,2223,2023-02-04 Wolves-Liverpool,22,Sat,2023-02-04,15:00,Wolves,2.0,3–0,1.8,Liverpool,31664,Molineux Stadium,Paul Tierney,/en/matches/d67a16c8/Wolverhampton-Wanderers-Liverpool-February-4-2023-Premier-League,,d67a16c8
ENG-Premier League,2223,2023-02-05 Nott'ham Forest-Leeds United,22,Sun,2023-02-05,14:00,Nott'ham Forest,0.4,1–0,0.9,Leeds United,29363,The City Ground,Robert Jones,/en/matches/7c47cb5e/Nottingham-Forest-Leeds-United-February-5-2023-Premier-League,,7c47cb5e
ENG-Premier League,2223,2023-02-05 Tottenham-Manchester City,22,Sun,2023-02-05,16:30,Tottenham,1.4,1–0,1.3,Manchester City,61747,Tottenham Hotspur Stadium,Andy Madley,/en/matches/8a923619/Tottenham-Hotspur-Manchester-City-February-5-2023-Premier-League,,8a923619
ENG-Premier League,2223,2023-02-08 Manchester Utd-Leeds United,8,Wed,2023-02-08,20:00,Manchester Utd,2.0,2–2,0.6,Leeds United,73456,Old Trafford,Simon Hooper,/en/matches/80532a54/Manchester-United-Leeds-United-February-8-2023-Premier-League,,80532a54
ENG-Premier League,2223,2023-02-11 Arsenal-Brentford,23,Sat,2023-02-11,15:00,Arsenal,1.6,1–1,2.0,Brentford,60254,Emirates Stadium,Peter Bankes,/en/matches/7caa56bc/Arsenal-Brentford-February-11-2023-Premier-League,,7caa56bc
ENG-Premier League,2223,2023-02-11 Bournemouth-Newcastle Utd,23,Sat,2023-02-11,17:30,Bournemouth,1.5,1–1,1.3,Newcastle Utd,10419,Vitality Stadium,Stuart Attwell,/en/matches/d9339e30/Bournemouth-Newcastle-United-February-11-2023-Premier-League,,d9339e30
ENG-Premier League,2223,2023-02-11 Crystal Palace-Brighton,23,Sat,2023-02-11,15:00,Crystal Palace,1.1,1–1,2.5,Brighton,24827,Selhurst Park,Michael Oliver,/en/matches/5d5deba7/Crystal-Palace-Brighton-and-Hove-Albion-February-11-2023-Premier-League,,5d5deba7
ENG-Premier League,2223,2023-02-11 Fulham-Nott'ham Forest,23,Sat,2023-02-11,15:00,Fulham,1.5,2–0,0.7,Nott'ham Forest,24244,Craven Cottage,Andy Madley,/en/matches/ee86dc99/Fulham-Nottingham-Forest-February-11-2023-Premier-League,,ee86dc99
ENG-Premier League,2223,2023-02-11 Leicester City-Tottenham,23,Sat,2023-02-11,15:00,Leicester City,1.7,4–1,1.3,Tottenham,32184,King Power Stadium,Michael Salisbury,/en/matches/390c7b85/Leicester-City-Tottenham-Hotspur-February-11-2023-Premier-League,,390c7b85
ENG-Premier League,2223,2023-02-11 Southampton-Wolves,23,Sat,2023-02-11,15:00,Southampton,1.1,1–2,0.8,Wolves,29751,St. Mary's Stadium,Jarred Gillett,/en/matches/8c7913ed/Southampton-Wolverhampton-Wanderers-February-11-2023-Premier-League,,8c7913ed
ENG-Premier League,2223,2023-02-11 West Ham-Chelsea,23,Sat,2023-02-11,12:30,West Ham,1.3,1–1,1.1,Chelsea,62471,London Stadium,Craig Pawson,/en/matches/18dea268/West-Ham-United-Chelsea-February-11-2023-Premier-League,,18dea268
ENG-Premier League,2223,2023-02-12 Leeds United-Manchester Utd,23,Sun,2023-02-12,14:00,Leeds United,1.8,0–2,1.1,Manchester Utd,36919,Elland Road,Paul Tierney,/en/matches/3386146f/Leeds-United-Manchester-United-February-12-2023-Premier-League,,3386146f
ENG-Premier League,2223,2023-02-12 Manchester City-Aston Villa,23,Sun,2023-02-12,16:30,Manchester City,3.3,3–1,0.3,Aston Villa,53392,Etihad Stadium,Robert Jones,/en/matches/18fcd595/Manchester-City-Aston-Villa-February-12-2023-Premier-League,,18fcd595
ENG-Premier League,2223,2023-02-13 Liverpool-Everton,23,Mon,2023-02-13,20:00,Liverpool,2.3,2–0,0.4,Everton,53027,Anfield,Simon Hooper,/en/matches/a895ec23/Merseyside-Derby-Liverpool-Everton-February-13-2023-Premier-League,,a895ec23
ENG-Premier League,2223,2023-02-15 Arsenal-Manchester City,12,Wed,2023-02-15,19:30,Arsenal,1.6,1–3,1.8,Manchester City,60276,Emirates Stadium,Anthony Taylor,/en/matches/b9da01e6/Arsenal-Manchester-City-February-15-2023-Premier-League,,b9da01e6
ENG-Premier League,2223,2023-02-18 Aston Villa-Arsenal,24,Sat,2023-02-18,12:30,Aston Villa,0.5,2–4,3.2,Arsenal,42066,Villa Park,Simon Hooper,/en/matches/e50bfcf8/Aston-Villa-Arsenal-February-18-2023-Premier-League,,e50bfcf8
ENG-Premier League,2223,2023-02-18 Brentford-Crystal Palace,24,Sat,2023-02-18,15:00,Brentford,0.9,1–1,1.1,Crystal Palace,17122,Brentford Community Stadium,Paul Tierney,/en/matches/f6370484/Brentford-Crystal-Palace-February-18-2023-Premier-League,,f6370484
ENG-Premier League,2223,2023-02-18 Brighton-Fulham,24,Sat,2023-02-18,15:00,Brighton,2.2,0–1,0.3,Fulham,31619,The American Express Community Stadium,Darren England,/en/matches/67a7aee6/Brighton-and-Hove-Albion-Fulham-February-18-2023-Premier-League,,67a7aee6
ENG-Premier League,2223,2023-02-18 Chelsea-Southampton,24,Sat,2023-02-18,15:00,Chelsea,1.6,0–1,0.6,Southampton,40152,Stamford Bridge,David Coote,/en/matches/8d750d5d/Chelsea-Southampton-February-18-2023-Premier-League,,8d750d5d
ENG-Premier League,2223,2023-02-18 Everton-Leeds United,24,Sat,2023-02-18,15:00,Everton,1.4,1–0,0.5,Leeds United,39232,Goodison Park,Andy Madley,/en/matches/d5f67d2e/Everton-Leeds-United-February-18-2023-Premier-League,,d5f67d2e
ENG-Premier League,2223,2023-02-18 Newcastle Utd-Liverpool,24,Sat,2023-02-18,17:30,Newcastle Utd,2.0,0–2,1.9,Liverpool,52758,St James' Park,Anthony Taylor,/en/matches/2f909763/Newcastle-United-Liverpool-February-18-2023-Premier-League,,2f909763
ENG-Premier League,2223,2023-02-18 Nott'ham Forest-Manchester City,24,Sat,2023-02-18,15:00,Nott'ham Forest,0.9,1–1,2.4,Manchester City,29365,The City Ground,Graham Scott,/en/matches/7f12d9aa/Nottingham-Forest-Manchester-City-February-18-2023-Premier-League,,7f12d9aa
ENG-Premier League,2223,2023-02-18 Wolves-Bournemouth,24,Sat,2023-02-18,15:00,Wolves,1.3,0–1,1.1,Bournemouth,31222,Molineux Stadium,Michael Salisbury,/en/matches/eaf37ab4/Wolverhampton-Wanderers-Bournemouth-February-18-2023-Premier-League,,eaf37ab4
ENG-Premier League,2223,2023-02-19 Manchester Utd-Leicester City,24,Sun,2023-02-19,14:00,Manchester Utd,4.4,3–0,1.6,Leicester City,73578,Old Trafford,Stuart Attwell,/en/matches/d6e88163/Manchester-United-Leicester-City-February-19-2023-Premier-League,,d6e88163
ENG-Premier League,2223,2023-02-19 Tottenham-West Ham,24,Sun,2023-02-19,16:30,Tottenham,1.5,2–0,0.5,West Ham,61476,Tottenham Hotspur Stadium,Michael Oliver,/en/matches/aae66d3d/Tottenham-Hotspur-West-Ham-United-February-19-2023-Premier-League,,aae66d3d
ENG-Premier League,2223,2023-02-24 Fulham-Wolves,25,Fri,2023-02-24,20:00,Fulham,0.5,1–1,0.8,Wolves,24399,Craven Cottage,Michael Oliver,/en/matches/b452508e/Fulham-Wolverhampton-Wanderers-February-24-2023-Premier-League,,b452508e
ENG-Premier League,2223,2023-02-25 Bournemouth-Manchester City,25,Sat,2023-02-25,17:30,Bournemouth,1.0,1–4,2.4,Manchester City,10481,Vitality Stadium,Paul Tierney,/en/matches/e731c1dd/Bournemouth-Manchester-City-February-25-2023-Premier-League,,e731c1dd
ENG-Premier League,2223,2023-02-25 Crystal Palace-Liverpool,25,Sat,2023-02-25,19:45,Crystal Palace,0.7,0–0,0.9,Liverpool,25842,Selhurst Park,Darren England,/en/matches/8a59c49c/Crystal-Palace-Liverpool-February-25-2023-Premier-League,,8a59c49c
ENG-Premier League,2223,2023-02-25 Everton-Aston Villa,25,Sat,2023-02-25,15:00,Everton,1.6,0–2,1.9,Aston Villa,39309,Goodison Park,Anthony Taylor,/en/matches/25436a3b/Everton-Aston-Villa-February-25-2023-Premier-League,,25436a3b
ENG-Premier League,2223,2023-02-25 Leeds United-Southampton,25,Sat,2023-02-25,15:00,Leeds United,0.9,1–0,0.4,Southampton,36641,Elland Road,Peter Bankes,/en/matches/9edb32a3/Leeds-United-Southampton-February-25-2023-Premier-League,,9edb32a3
ENG-Premier League,2223,2023-02-25 Leicester City-Arsenal,25,Sat,2023-02-25,15:00,Leicester City,0.0,0–1,0.7,Arsenal,32227,King Power Stadium,Craig Pawson,/en/matches/145cc0a5/Leicester-City-Arsenal-February-25-2023-Premier-League,,145cc0a5
ENG-Premier League,2223,2023-02-25 West Ham-Nott'ham Forest,25,Sat,2023-02-25,15:00,West Ham,2.7,4–0,0.4,Nott'ham Forest,62469,London Stadium,Jarred Gillett,/en/matches/767981c6/West-Ham-United-Nottingham-Forest-February-25-2023-Premier-League,,767981c6
ENG-Premier League,2223,2023-02-26 Tottenham-Chelsea,25,Sun,2023-02-26,13:30,Tottenham,0.8,2–0,0.4,Chelsea,61613,Tottenham Hotspur Stadium,Stuart Attwell,/en/matches/8eff71b5/Tottenham-Hotspur-Chelsea-February-26-2023-Premier-League,,8eff71b5
ENG-Premier League,2223,2023-03-01 Arsenal-Everton,7,Wed,2023-03-01,19:45,Arsenal,2.4,4–0,1.2,Everton,60213,Emirates Stadium,Michael Oliver,/en/matches/705a2f3c/Arsenal-Everton-March-1-2023-Premier-League,,705a2f3c
ENG-Premier League,2223,2023-03-01 Liverpool-Wolves,7,Wed,2023-03-01,20:00,Liverpool,2.6,2–0,0.8,Wolves,53259,Anfield,Paul Tierney,/en/matches/5e05f5f4/Liverpool-Wolverhampton-Wanderers-March-1-2023-Premier-League,,5e05f5f4
ENG-Premier League,2223,2023-03-04 Arsenal-Bournemouth,26,Sat,2023-03-04,15:00,Arsenal,2.1,3–2,1.3,Bournemouth,60222,Emirates Stadium,Chris Kavanagh,/en/matches/3e9a33fc/Arsenal-Bournemouth-March-4-2023-Premier-League,,3e9a33fc
ENG-Premier League,2223,2023-03-04 Aston Villa-Crystal Palace,26,Sat,2023-03-04,15:00,Aston Villa,1.2,1–0,0.2,Crystal Palace,41893,Villa Park,Craig Pawson,/en/matches/433a4487/Aston-Villa-Crystal-Palace-March-4-2023-Premier-League,,433a4487
ENG-Premier League,2223,2023-03-04 Brighton-West Ham,26,Sat,2023-03-04,15:00,Brighton,3.5,4–0,0.3,West Ham,31523,The American Express Community Stadium,Stuart Attwell,/en/matches/bee059c4/Brighton-and-Hove-Albion-West-Ham-United-March-4-2023-Premier-League,,bee059c4
ENG-Premier League,2223,2023-03-04 Chelsea-Leeds United,26,Sat,2023-03-04,15:00,Chelsea,1.5,1–0,1.0,Leeds United,39905,Stamford Bridge,Michael Oliver,/en/matches/59f9a78f/Chelsea-Leeds-United-March-4-2023-Premier-League,,59f9a78f
ENG-Premier League,2223,2023-03-04 Manchester City-Newcastle Utd,26,Sat,2023-03-04,12:30,Manchester City,1.3,2–0,0.4,Newcastle Utd,53419,Etihad Stadium,Simon Hooper,/en/matches/b33bcb97/Manchester-City-Newcastle-United-March-4-2023-Premier-League,,b33bcb97
ENG-Premier League,2223,2023-03-04 Southampton-Leicester City,26,Sat,2023-03-04,17:30,Southampton,1.4,1–0,1.9,Leicester City,30139,St. Mary's Stadium,Robert Jones,/en/matches/4d14422c/Southampton-Leicester-City-March-4-2023-Premier-League,,4d14422c
ENG-Premier League,2223,2023-03-04 Wolves-Tottenham,26,Sat,2023-03-04,15:00,Wolves,0.5,1–0,1.2,Tottenham,31585,Molineux Stadium,Tim Robinson,/en/matches/bf4ac62d/Wolverhampton-Wanderers-Tottenham-Hotspur-March-4-2023-Premier-League,,bf4ac62d
ENG-Premier League,2223,2023-03-05 Liverpool-Manchester Utd,26,Sun,2023-03-05,16:30,Liverpool,2.8,7–0,0.8,Manchester Utd,53001,Anfield,Andy Madley,/en/matches/756e8036/North-West-Derby-Liverpool-Manchester-United-March-5-2023-Premier-League,,756e8036
ENG-Premier League,2223,2023-03-05 Nott'ham Forest-Everton,26,Sun,2023-03-05,14:00,Nott'ham Forest,0.8,2–2,1.7,Everton,29353,The City Ground,John Brooks,/en/matches/ec770341/Nottingham-Forest-Everton-March-5-2023-Premier-League,,ec770341
ENG-Premier League,2223,2023-03-06 Brentford-Fulham,26,Mon,2023-03-06,20:00,Brentford,2.1,3–2,1.4,Fulham,17025,Brentford Community Stadium,Anthony Taylor,/en/matches/3dce3a24/Brentford-Fulham-March-6-2023-Premier-League,,3dce3a24
ENG-Premier League,2223,2023-03-11 Bournemouth-Liverpool,27,Sat,2023-03-11,12:30,Bournemouth,0.9,1–0,1.7,Liverpool,10536,Vitality Stadium,John Brooks,/en/matches/d376dff8/Bournemouth-Liverpool-March-11-2023-Premier-League,,d376dff8
ENG-Premier League,2223,2023-03-11 Crystal Palace-Manchester City,27,Sat,2023-03-11,17:30,Crystal Palace,0.2,0–1,2.1,Manchester City,25844,Selhurst Park,Robert Jones,/en/matches/d29fe1d9/Crystal-Palace-Manchester-City-March-11-2023-Premier-League,,d29fe1d9
ENG-Premier League,2223,2023-03-11 Everton-Brentford,27,Sat,2023-03-11,15:00,Everton,1.0,1–0,2.0,Brentford,39274,Goodison Park,Simon Hooper,/en/matches/980f57d4/Everton-Brentford-March-11-2023-Premier-League,,980f57d4
ENG-Premier League,2223,2023-03-11 Leeds United-Brighton,27,Sat,2023-03-11,15:00,Leeds United,0.9,2–2,2.7,Brighton,36471,Elland Road,Paul Tierney,/en/matches/3f653d6f/Leeds-United-Brighton-and-Hove-Albion-March-11-2023-Premier-League,,3f653d6f
ENG-Premier League,2223,2023-03-11 Leicester City-Chelsea,27,Sat,2023-03-11,15:00,Leicester City,2.4,1–3,1.6,Chelsea,32170,King Power Stadium,Andre Marriner,/en/matches/bd5571a1/Leicester-City-Chelsea-March-11-2023-Premier-League,,bd5571a1
ENG-Premier League,2223,2023-03-11 Tottenham-Nott'ham Forest,27,Sat,2023-03-11,15:00,Tottenham,2.0,3–1,1.5,Nott'ham Forest,61460,Tottenham Hotspur Stadium,Craig Pawson,/en/matches/d065f9cd/Tottenham-Hotspur-Nottingham-Forest-March-11-2023-Premier-League,,d065f9cd
ENG-Premier League,2223,2023-03-12 Fulham-Arsenal,27,Sun,2023-03-12,14:00,Fulham,0.8,0–3,2.3,Arsenal,24426,Craven Cottage,David Coote,/en/matches/d238973c/Fulham-Arsenal-March-12-2023-Premier-League,,d238973c
ENG-Premier League,2223,2023-03-12 Manchester Utd-Southampton,27,Sun,2023-03-12,14:00,Manchester Utd,0.8,0–0,1.0,Southampton,73439,Old Trafford,Anthony Taylor,/en/matches/9cd3ca2c/Manchester-United-Southampton-March-12-2023-Premier-League,,9cd3ca2c
ENG-Premier League,2223,2023-03-12 Newcastle Utd-Wolves,27,Sun,2023-03-12,16:30,Newcastle Utd,1.8,2–1,1.1,Wolves,52240,St James' Park,Andy Madley,/en/matches/c416a3de/Newcastle-United-Wolverhampton-Wanderers-March-12-2023-Premier-League,,c416a3de
ENG-Premier League,2223,2023-03-12 West Ham-Aston Villa,27,Sun,2023-03-12,14:00,West Ham,2.1,1–1,1.5,Aston Villa,62472,London Stadium,Chris Kavanagh,/en/matches/df6f054e/West-Ham-United-Aston-Villa-March-12-2023-Premier-League,,df6f054e
ENG-Premier League,2223,2023-03-15 Brighton-Crystal Palace,8,Wed,2023-03-15,19:30,Brighton,0.6,1–0,1.1,Crystal Palace,30933,The American Express Community Stadium,Peter Bankes,/en/matches/d23a30cc/Brighton-and-Hove-Albion-Crystal-Palace-March-15-2023-Premier-League,,d23a30cc
ENG-Premier League,2223,2023-03-15 Southampton-Brentford,7,Wed,2023-03-15,19:30,Southampton,0.5,0–2,1.9,Brentford,30438,St. Mary's Stadium,Michael Salisbury,/en/matches/a4202b5b/Southampton-Brentford-March-15-2023-Premier-League,,a4202b5b
ENG-Premier League,2223,2023-03-17 Nott'ham Forest-Newcastle Utd,28,Fri,2023-03-17,20:00,Nott'ham Forest,0.4,1–2,2.4,Newcastle Utd,29362,The City Ground,Paul Tierney,/en/matches/5345049a/Nottingham-Forest-Newcastle-United-March-17-2023-Premier-League,,5345049a
ENG-Premier League,2223,2023-03-18 Aston Villa-Bournemouth,28,Sat,2023-03-18,15:00,Aston Villa,3.5,3–0,1.3,Bournemouth,41021,Villa Park,Robert Jones,/en/matches/88981274/Aston-Villa-Bournemouth-March-18-2023-Premier-League,,88981274
ENG-Premier League,2223,2023-03-18 Brentford-Leicester City,28,Sat,2023-03-18,15:00,Brentford,0.6,1–1,1.3,Leicester City,17006,Brentford Community Stadium,Darren Bond,/en/matches/7647948e/Brentford-Leicester-City-March-18-2023-Premier-League,,7647948e
ENG-Premier League,2223,2023-03-18 Chelsea-Everton,28,Sat,2023-03-18,17:30,Chelsea,2.3,2–2,1.2,Everton,40025,Stamford Bridge,Darren England,/en/matches/9453dba7/Chelsea-Everton-March-18-2023-Premier-League,,9453dba7
ENG-Premier League,2223,2023-03-18 Southampton-Tottenham,28,Sat,2023-03-18,15:00,Southampton,2.4,3–3,2.3,Tottenham,30157,St. Mary's Stadium,Simon Hooper,/en/matches/bd9ec55d/Southampton-Tottenham-Hotspur-March-18-2023-Premier-League,,bd9ec55d
ENG-Premier League,2223,2023-03-18 Wolves-Leeds United,28,Sat,2023-03-18,15:00,Wolves,2.7,2–4,1.6,Leeds United,31570,Molineux Stadium,Michael Salisbury,/en/matches/3cb714a4/Wolverhampton-Wanderers-Leeds-United-March-18-2023-Premier-League,,3cb714a4
ENG-Premier League,2223,2023-03-19 Arsenal-Crystal Palace,28,Sun,2023-03-19,14:00,Arsenal,1.6,4–1,0.8,Crystal Palace,60247,Emirates Stadium,Stuart Attwell,/en/matches/98e0de00/Arsenal-Crystal-Palace-March-19-2023-Premier-League,,98e0de00
ENG-Premier League,2223,2023-04-01 Arsenal-Leeds United,29,Sat,2023-04-01,15:00,Arsenal,3.8,4–1,0.7,Leeds United,60283,Emirates Stadium,Darren England,/en/matches/2e4383ca/Arsenal-Leeds-United-April-1-2023-Premier-League,,2e4383ca
ENG-Premier League,2223,2023-04-01 Bournemouth-Fulham,29,Sat,2023-04-01,15:00,Bournemouth,2.6,2–1,0.8,Fulham,10305,Vitality Stadium,Peter Bankes,/en/matches/f64320c3/Bournemouth-Fulham-April-1-2023-Premier-League,,f64320c3
ENG-Premier League,2223,2023-04-01 Brighton-Brentford,29,Sat,2023-04-01,15:00,Brighton,4.2,3–3,1.6,Brentford,31493,The American Express Community Stadium,Michael Oliver,/en/matches/ead2251e/Brighton-and-Hove-Albion-Brentford-April-1-2023-Premier-League,,ead2251e
ENG-Premier League,2223,2023-04-01 Chelsea-Aston Villa,29,Sat,2023-04-01,17:30,Chelsea,2.1,0–2,0.9,Aston Villa,40082,Stamford Bridge,Andy Madley,/en/matches/870fa8c9/Chelsea-Aston-Villa-April-1-2023-Premier-League,,870fa8c9
ENG-Premier League,2223,2023-04-01 Crystal Palace-Leicester City,29,Sat,2023-04-01,15:00,Crystal Palace,2.3,2–1,0.2,Leicester City,25147,Selhurst Park,Tim Robinson,/en/matches/ee1878a0/Crystal-Palace-Leicester-City-April-1-2023-Premier-League,,ee1878a0
ENG-Premier League,2223,2023-04-01 Manchester City-Liverpool,29,Sat,2023-04-01,12:30,Manchester City,2.9,4–1,0.3,Liverpool,52877,Etihad Stadium,Simon Hooper,/en/matches/40966f45/Manchester-City-Liverpool-April-1-2023-Premier-League,,40966f45
ENG-Premier League,2223,2023-04-01 Nott'ham Forest-Wolves,29,Sat,2023-04-01,15:00,Nott'ham Forest,1.3,1–1,0.5,Wolves,29368,The City Ground,Chris Kavanagh,/en/matches/c14b278c/Nottingham-Forest-Wolverhampton-Wanderers-April-1-2023-Premier-League,,c14b278c
ENG-Premier League,2223,2023-04-02 Newcastle Utd-Manchester Utd,29,Sun,2023-04-02,16:30,Newcastle Utd,3.7,2–0,0.4,Manchester Utd,52268,St James' Park,Stuart Attwell,/en/matches/1ed948f6/Newcastle-United-Manchester-United-April-2-2023-Premier-League,,1ed948f6
ENG-Premier League,2223,2023-04-02 West Ham-Southampton,29,Sun,2023-04-02,14:00,West Ham,1.4,1–0,0.3,Southampton,62498,London Stadium,Paul Tierney,/en/matches/42e1f38d/West-Ham-United-Southampton-April-2-2023-Premier-League,,42e1f38d
ENG-Premier League,2223,2023-04-03 Everton-Tottenham,29,Mon,2023-04-03,20:00,Everton,0.9,1–1,1.4,Tottenham,39294,Goodison Park,David Coote,/en/matches/c00d9a22/Everton-Tottenham-Hotspur-April-3-2023-Premier-League,,c00d9a22
ENG-Premier League,2223,2023-04-04 Bournemouth-Brighton,7,Tue,2023-04-04,19:45,Bournemouth,1.7,0–2,2.7,Brighton,10266,Vitality Stadium,Darren Bond,/en/matches/95a97dc6/Bournemouth-Brighton-and-Hove-Albion-April-4-2023-Premier-League,,95a97dc6
ENG-Premier League,2223,2023-04-04 Chelsea-Liverpool,8,Tue,2023-04-04,20:00,Chelsea,2.2,0–0,0.3,Liverpool,40093,Stamford Bridge,Anthony Taylor,/en/matches/1028e683/Chelsea-Liverpool-April-4-2023-Premier-League,,1028e683
ENG-Premier League,2223,2023-04-04 Leeds United-Nott'ham Forest,7,Tue,2023-04-04,19:45,Leeds United,1.8,2–1,0.8,Nott'ham Forest,36740,Elland Road,Robert Jones,/en/matches/1251d1c0/Leeds-United-Nottingham-Forest-April-4-2023-Premier-League,,1251d1c0
ENG-Premier League,2223,2023-04-04 Leicester City-Aston Villa,7,Tue,2023-04-04,19:45,Leicester City,0.5,1–2,1.0,Aston Villa,32087,King Power Stadium,Graham Scott,/en/matches/f213214b/Leicester-City-Aston-Villa-April-4-2023-Premier-League,,f213214b
ENG-Premier League,2223,2023-04-05 Manchester Utd-Brentford,25,Wed,2023-04-05,20:00,Manchester Utd,1.2,1–0,0.7,Brentford,73309,Old Trafford,John Brooks,/en/matches/f3e6e475/Manchester-United-Brentford-April-5-2023-Premier-League,,f3e6e475
ENG-Premier League,2223,2023-04-05 West Ham-Newcastle Utd,7,Wed,2023-04-05,20:00,West Ham,1.0,1–5,3.3,Newcastle Utd,62481,London Stadium,Craig Pawson,/en/matches/4a87012d/West-Ham-United-Newcastle-United-April-5-2023-Premier-League,,4a87012d
ENG-Premier League,2223,2023-04-08 Aston Villa-Nott'ham Forest,30,Sat,2023-04-08,15:00,Aston Villa,1.3,2–0,0.2,Nott'ham Forest,42076,Villa Park,Anthony Taylor,/en/matches/68cd68fd/Aston-Villa-Nottingham-Forest-April-8-2023-Premier-League,,68cd68fd
ENG-Premier League,2223,2023-04-08 Brentford-Newcastle Utd,30,Sat,2023-04-08,15:00,Brentford,2.6,1–2,1.3,Newcastle Utd,17107,Brentford Community Stadium,Chris Kavanagh,/en/matches/a5e78e89/Brentford-Newcastle-United-April-8-2023-Premier-League,,a5e78e89
ENG-Premier League,2223,2023-04-08 Fulham-West Ham,30,Sat,2023-04-08,15:00,Fulham,0.7,0–1,1.1,West Ham,24491,Craven Cottage,Jarred Gillett,/en/matches/0ba42648/Fulham-West-Ham-United-April-8-2023-Premier-League,,0ba42648
ENG-Premier League,2223,2023-04-08 Leicester City-Bournemouth,30,Sat,2023-04-08,15:00,Leicester City,0.6,0–1,1.9,Bournemouth,32094,King Power Stadium,David Coote,/en/matches/72ca7930/Leicester-City-Bournemouth-April-8-2023-Premier-League,,72ca7930
ENG-Premier League,2223,2023-04-08 Manchester Utd-Everton,30,Sat,2023-04-08,12:30,Manchester Utd,3.4,2–0,1.0,Everton,73509,Old Trafford,Michael Oliver,/en/matches/e217ed2c/Manchester-United-Everton-April-8-2023-Premier-League,,e217ed2c
ENG-Premier League,2223,2023-04-08 Southampton-Manchester City,30,Sat,2023-04-08,17:30,Southampton,0.4,1–4,2.9,Manchester City,30963,St. Mary's Stadium,Robert Jones,/en/matches/fb045117/Southampton-Manchester-City-April-8-2023-Premier-League,,fb045117
ENG-Premier League,2223,2023-04-08 Tottenham-Brighton,30,Sat,2023-04-08,15:00,Tottenham,0.8,2–1,1.4,Brighton,61405,Tottenham Hotspur Stadium,Stuart Attwell,/en/matches/b3ad7bd4/Tottenham-Hotspur-Brighton-and-Hove-Albion-April-8-2023-Premier-League,,b3ad7bd4
ENG-Premier League,2223,2023-04-08 Wolves-Chelsea,30,Sat,2023-04-08,15:00,Wolves,0.6,1–0,1.1,Chelsea,31614,Molineux Stadium,Peter Bankes,/en/matches/aa1fa8dc/Wolverhampton-Wanderers-Chelsea-April-8-2023-Premier-League,,aa1fa8dc
ENG-Premier League,2223,2023-04-09 Leeds United-Crystal Palace,30,Sun,2023-04-09,14:00,Leeds United,0.9,1–5,3.0,Crystal Palace,36427,Elland Road,Simon Hooper,/en/matches/a1c39217/Leeds-United-Crystal-Palace-April-9-2023-Premier-League,,a1c39217
ENG-Premier League,2223,2023-04-09 Liverpool-Arsenal,30,Sun,2023-04-09,16:30,Liverpool,3.9,2–2,1.4,Arsenal,53267,Anfield,Paul Tierney,/en/matches/f3774baa/Liverpool-Arsenal-April-9-2023-Premier-League,,f3774baa
ENG-Premier League,2223,2023-04-15 Aston Villa-Newcastle Utd,31,Sat,2023-04-15,12:30,Aston Villa,1.9,3–0,0.5,Newcastle Utd,42055,Villa Park,John Brooks,/en/matches/7bbac622/Aston-Villa-Newcastle-United-April-15-2023-Premier-League,,7bbac622
ENG-Premier League,2223,2023-04-15 Chelsea-Brighton,31,Sat,2023-04-15,15:00,Chelsea,0.5,1–2,2.9,Brighton,40126,Stamford Bridge,Robert Jones,/en/matches/18e7d354/Chelsea-Brighton-and-Hove-Albion-April-15-2023-Premier-League,,18e7d354
ENG-Premier League,2223,2023-04-15 Everton-Fulham,31,Sat,2023-04-15,15:00,Everton,1.4,1–3,1.8,Fulham,39241,Goodison Park,Anthony Taylor,/en/matches/ecae749b/Everton-Fulham-April-15-2023-Premier-League,,ecae749b
ENG-Premier League,2223,2023-04-15 Manchester City-Leicester City,31,Sat,2023-04-15,17:30,Manchester City,1.6,3–1,2.3,Leicester City,53329,Etihad Stadium,Darren England,/en/matches/ce8df388/Manchester-City-Leicester-City-April-15-2023-Premier-League,,ce8df388
ENG-Premier League,2223,2023-04-15 Southampton-Crystal Palace,31,Sat,2023-04-15,15:00,Southampton,0.8,0–2,0.9,Crystal Palace,30309,St. Mary's Stadium,Michael Oliver,/en/matches/67f47a1b/Southampton-Crystal-Palace-April-15-2023-Premier-League,,67f47a1b
ENG-Premier League,2223,2023-04-15 Tottenham-Bournemouth,31,Sat,2023-04-15,15:00,Tottenham,2.2,2–3,1.3,Bournemouth,61369,Tottenham Hotspur Stadium,Andy Madley,/en/matches/bfc49d95/Tottenham-Hotspur-Bournemouth-April-15-2023-Premier-League,,bfc49d95
ENG-Premier League,2223,2023-04-15 Wolves-Brentford,31,Sat,2023-04-15,15:00,Wolves,0.8,2–0,1.1,Brentford,30769,Molineux Stadium,Paul Tierney,/en/matches/b2402736/Wolverhampton-Wanderers-Brentford-April-15-2023-Premier-League,,b2402736
ENG-Premier League,2223,2023-04-16 Nott'ham Forest-Manchester Utd,31,Sun,2023-04-16,16:30,Nott'ham Forest,0.7,0–2,3.5,Manchester Utd,29435,The City Ground,Simon Hooper,/en/matches/4ca8f9f6/Nottingham-Forest-Manchester-United-April-16-2023-Premier-League,,4ca8f9f6
ENG-Premier League,2223,2023-04-16 West Ham-Arsenal,31,Sun,2023-04-16,14:00,West Ham,1.8,2–2,2.7,Arsenal,62481,London Stadium,David Coote,/en/matches/3120ba0d/West-Ham-United-Arsenal-April-16-2023-Premier-League,,3120ba0d
ENG-Premier League,2223,2023-04-17 Leeds United-Liverpool,31,Mon,2023-04-17,20:00,Leeds United,1.4,1–6,2.7,Liverpool,36657,Elland Road,Craig Pawson,/en/matches/fd3d05f5/Leeds-United-Liverpool-April-17-2023-Premier-League,,fd3d05f5
ENG-Premier League,2223,2023-04-21 Arsenal-Southampton,32,Fri,2023-04-21,20:00,Arsenal,2.4,3–3,1.3,Southampton,60175,Emirates Stadium,Simon Hooper,/en/matches/12efc7dd/Arsenal-Southampton-April-21-2023-Premier-League,,12efc7dd
ENG-Premier League,2223,2023-04-22 Brentford-Aston Villa,32,Sat,2023-04-22,15:00,Brentford,2.7,1–1,1.5,Aston Villa,17098,Brentford Community Stadium,Michael Salisbury,/en/matches/2b51686a/Brentford-Aston-Villa-April-22-2023-Premier-League,,2b51686a
ENG-Premier League,2223,2023-04-22 Crystal Palace-Everton,32,Sat,2023-04-22,15:00,Crystal Palace,0.5,0–0,0.4,Everton,25202,Selhurst Park,John Brooks,/en/matches/25f6dcd1/Crystal-Palace-Everton-April-22-2023-Premier-League,,25f6dcd1
ENG-Premier League,2223,2023-04-22 Fulham-Leeds United,32,Sat,2023-04-22,12:30,Fulham,1.7,2–1,0.8,Leeds United,24356,Craven Cottage,Peter Bankes,/en/matches/f2d8700d/Fulham-Leeds-United-April-22-2023-Premier-League,,f2d8700d
ENG-Premier League,2223,2023-04-22 Leicester City-Wolves,32,Sat,2023-04-22,15:00,Leicester City,2.4,2–1,0.9,Wolves,32053,King Power Stadium,Andy Madley,/en/matches/b87e66b4/Leicester-City-Wolverhampton-Wanderers-April-22-2023-Premier-League,,b87e66b4
ENG-Premier League,2223,2023-04-22 Liverpool-Nott'ham Forest,32,Sat,2023-04-22,15:00,Liverpool,2.8,3–2,0.9,Nott'ham Forest,53254,Anfield,Michael Oliver,/en/matches/99bfc321/Liverpool-Nottingham-Forest-April-22-2023-Premier-League,,99bfc321
ENG-Premier League,2223,2023-04-23 Bournemouth-West Ham,32,Sun,2023-04-23,14:00,Bournemouth,1.5,0–4,2.4,West Ham,10465,Vitality Stadium,Anthony Taylor,/en/matches/3306d30f/Bournemouth-West-Ham-United-April-23-2023-Premier-League,,3306d30f
ENG-Premier League,2223,2023-04-23 Newcastle Utd-Tottenham,32,Sun,2023-04-23,14:00,Newcastle Utd,3.7,6–1,1.0,Tottenham,52252,St James' Park,David Coote,/en/matches/dff22d13/Newcastle-United-Tottenham-Hotspur-April-23-2023-Premier-League,,dff22d13
ENG-Premier League,2223,2023-04-25 Aston Villa-Fulham,33,Tue,2023-04-25,19:45,Aston Villa,1.0,1–0,0.1,Fulham,41046,Villa Park,Thomas Bramall,/en/matches/8b295a84/Aston-Villa-Fulham-April-25-2023-Premier-League,,8b295a84
ENG-Premier League,2223,2023-04-25 Leeds United-Leicester City,33,Tue,2023-04-25,20:00,Leeds United,1.5,1–1,2.1,Leicester City,36666,Elland Road,Paul Tierney,/en/matches/56c70cf7/Leeds-United-Leicester-City-April-25-2023-Premier-League,,56c70cf7
ENG-Premier League,2223,2023-04-25 Wolves-Crystal Palace,33,Tue,2023-04-25,19:30,Wolves,1.4,2–0,0.8,Crystal Palace,30294,Molineux Stadium,Robert Jones,/en/matches/825c78f1/Wolverhampton-Wanderers-Crystal-Palace-April-25-2023-Premier-League,,825c78f1
ENG-Premier League,2223,2023-04-26 Chelsea-Brentford,33,Wed,2023-04-26,19:45,Chelsea,1.3,0–2,1.1,Brentford,39929,Stamford Bridge,Andy Madley,/en/matches/071b5820/Chelsea-Brentford-April-26-2023-Premier-League,,071b5820
ENG-Premier League,2223,2023-04-26 Manchester City-Arsenal,33,Wed,2023-04-26,20:00,Manchester City,2.5,4–1,0.5,Arsenal,53482,Etihad Stadium,Michael Oliver,/en/matches/00a73645/Manchester-City-Arsenal-April-26-2023-Premier-League,,00a73645
ENG-Premier League,2223,2023-04-26 Nott'ham Forest-Brighton,33,Wed,2023-04-26,19:30,Nott'ham Forest,2.4,3–1,2.3,Brighton,28808,The City Ground,Jarred Gillett,/en/matches/76db2de1/Nottingham-Forest-Brighton-and-Hove-Albion-April-26-2023-Premier-League,,76db2de1
ENG-Premier League,2223,2023-04-26 West Ham-Liverpool,33,Wed,2023-04-26,19:45,West Ham,0.8,1–2,1.9,Liverpool,62473,London Stadium,Chris Kavanagh,/en/matches/f2f795ae/West-Ham-United-Liverpool-April-26-2023-Premier-League,,f2f795ae
ENG-Premier League,2223,2023-04-27 Everton-Newcastle Utd,33,Thu,2023-04-27,19:45,Everton,0.9,1–4,2.4,Newcastle Utd,39248,Goodison Park,Andre Marriner,/en/matches/37a741a7/Everton-Newcastle-United-April-27-2023-Premier-League,,37a741a7
ENG-Premier League,2223,2023-04-27 Southampton-Bournemouth,33,Thu,2023-04-27,19:45,Southampton,0.5,0–1,0.9,Bournemouth,30414,St. Mary's Stadium,Darren England,/en/matches/ccabe10f/Southampton-Bournemouth-April-27-2023-Premier-League,,ccabe10f
ENG-Premier League,2223,2023-04-27 Tottenham-Manchester Utd,33,Thu,2023-04-27,20:15,Tottenham,2.5,2–2,2.0,Manchester Utd,61586,Tottenham Hotspur Stadium,Anthony Taylor,/en/matches/8c9a5c5c/Tottenham-Hotspur-Manchester-United-April-27-2023-Premier-League,,8c9a5c5c
ENG-Premier League,2223,2023-04-29 Brentford-Nott'ham Forest,34,Sat,2023-04-29,15:00,Brentford,1.6,2–1,0.7,Nott'ham Forest,17080,Brentford Community Stadium,Peter Bankes,/en/matches/3aeacbaa/Brentford-Nottingham-Forest-April-29-2023-Premier-League,,3aeacbaa
ENG-Premier League,2223,2023-04-29 Brighton-Wolves,34,Sat,2023-04-29,15:00,Brighton,3.3,6–0,0.8,Wolves,31584,The American Express Community Stadium,David Coote,/en/matches/21f920e0/Brighton-and-Hove-Albion-Wolverhampton-Wanderers-April-29-2023-Premier-League,,21f920e0
ENG-Premier League,2223,2023-04-29 Crystal Palace-West Ham,34,Sat,2023-04-29,12:30,Crystal Palace,2.1,4–3,1.7,West Ham,25148,Selhurst Park,Craig Pawson,/en/matches/4ec72d3b/Crystal-Palace-West-Ham-United-April-29-2023-Premier-League,,4ec72d3b
ENG-Premier League,2223,2023-04-30 Bournemouth-Leeds United,34,Sun,2023-04-30,14:00,Bournemouth,1.9,4–1,1.6,Leeds United,10434,Vitality Stadium,Chris Kavanagh,/en/matches/0b0733ce/Bournemouth-Leeds-United-April-30-2023-Premier-League,,0b0733ce
ENG-Premier League,2223,2023-04-30 Fulham-Manchester City,34,Sun,2023-04-30,14:00,Fulham,0.2,1–2,2.5,Manchester City,24498,Craven Cottage,Simon Hooper,/en/matches/d4d0cb2a/Fulham-Manchester-City-April-30-2023-Premier-League,,d4d0cb2a
ENG-Premier League,2223,2023-04-30 Liverpool-Tottenham,34,Sun,2023-04-30,16:30,Liverpool,2.2,4–3,2.0,Tottenham,53275,Anfield,Paul Tierney,/en/matches/e07267b3/Liverpool-Tottenham-Hotspur-April-30-2023-Premier-League,,e07267b3
ENG-Premier League,2223,2023-04-30 Manchester Utd-Aston Villa,34,Sun,2023-04-30,14:00,Manchester Utd,1.2,1–0,0.6,Aston Villa,73592,Old Trafford,Jarred Gillett,/en/matches/08607696/Manchester-United-Aston-Villa-April-30-2023-Premier-League,,08607696
ENG-Premier League,2223,2023-04-30 Newcastle Utd-Southampton,34,Sun,2023-04-30,14:00,Newcastle Utd,4.3,3–1,0.8,Southampton,52234,St James' Park,Anthony Taylor,/en/matches/b16063b6/Newcastle-United-Southampton-April-30-2023-Premier-League,,b16063b6
ENG-Premier League,2223,2023-05-01 Leicester City-Everton,34,Mon,2023-05-01,20:00,Leicester City,3.4,2–2,3.1,Everton,32173,King Power Stadium,Michael Oliver,/en/matches/95d2cc61/Leicester-City-Everton-May-1-2023-Premier-League,,95d2cc61
ENG-Premier League,2223,2023-05-02 Arsenal-Chelsea,34,Tue,2023-05-02,20:00,Arsenal,1.7,3–1,0.8,Chelsea,60144,Emirates Stadium,Robert Jones,/en/matches/2d551ff5/North-West-London-Derby-Arsenal-Chelsea-May-2-2023-Premier-League,,2d551ff5
ENG-Premier League,2223,2023-05-03 Liverpool-Fulham,28,Wed,2023-05-03,20:00,Liverpool,1.8,1–0,0.9,Fulham,52602,Anfield,Stuart Attwell,/en/matches/24fb8eca/Liverpool-Fulham-May-3-2023-Premier-League,,24fb8eca
ENG-Premier League,2223,2023-05-03 Manchester City-West Ham,28,Wed,2023-05-03,20:00,Manchester City,2.3,3–0,0.4,West Ham,53305,Etihad Stadium,John Brooks,/en/matches/fccab6ff/Manchester-City-West-Ham-United-May-3-2023-Premier-League,,fccab6ff
ENG-Premier League,2223,2023-05-04 Brighton-Manchester Utd,28,Thu,2023-05-04,20:00,Brighton,2.3,1–0,1.4,Manchester Utd,31577,The American Express Community Stadium,Andre Marriner,/en/matches/16209587/Brighton-and-Hove-Albion-Manchester-United-May-4-2023-Premier-League,,16209587
ENG-Premier League,2223,2023-05-06 Bournemouth-Chelsea,35,Sat,2023-05-06,15:00,Bournemouth,1.2,1–3,1.3,Chelsea,10357,Vitality Stadium,John Brooks,/en/matches/6116824f/Bournemouth-Chelsea-May-6-2023-Premier-League,,6116824f
ENG-Premier League,2223,2023-05-06 Liverpool-Brentford,35,Sat,2023-05-06,17:30,Liverpool,2.2,1–0,0.2,Brentford,52838,Anfield,Anthony Taylor,/en/matches/6e2d1c8c/Liverpool-Brentford-May-6-2023-Premier-League,,6e2d1c8c
ENG-Premier League,2223,2023-05-06 Manchester City-Leeds United,35,Sat,2023-05-06,15:00,Manchester City,2.6,2–1,0.2,Leeds United,53406,Etihad Stadium,Andy Madley,/en/matches/7ee695ea/Manchester-City-Leeds-United-May-6-2023-Premier-League,,7ee695ea
ENG-Premier League,2223,2023-05-06 Tottenham-Crystal Palace,35,Sat,2023-05-06,15:00,Tottenham,0.9,1–0,0.4,Crystal Palace,61093,Tottenham Hotspur Stadium,Darren England,/en/matches/0f1e1478/Tottenham-Hotspur-Crystal-Palace-May-6-2023-Premier-League,,0f1e1478
ENG-Premier League,2223,2023-05-06 Wolves-Aston Villa,35,Sat,2023-05-06,15:00,Wolves,0.8,1–0,1.5,Aston Villa,31641,Molineux Stadium,Stuart Attwell,/en/matches/217a7faf/Wolverhampton-Wanderers-Aston-Villa-May-6-2023-Premier-League,,217a7faf
ENG-Premier League,2223,2023-05-07 Newcastle Utd-Arsenal,35,Sun,2023-05-07,16:30,Newcastle Utd,1.3,0–2,1.3,Arsenal,50267,St James' Park,Chris Kavanagh,/en/matches/9bb3a778/Newcastle-United-Arsenal-May-7-2023-Premier-League,,9bb3a778
ENG-Premier League,2223,2023-05-07 West Ham-Manchester Utd,35,Sun,2023-05-07,19:00,West Ham,1.3,1–0,1.2,Manchester Utd,62477,London Stadium,Peter Bankes,/en/matches/98f0c145/West-Ham-United-Manchester-United-May-7-2023-Premier-League,,98f0c145
ENG-Premier League,2223,2023-05-08 Brighton-Everton,35,Mon,2023-05-08,17:30,Brighton,3.2,1–5,2.3,Everton,31567,The American Express Community Stadium,Simon Hooper,/en/matches/bf8d9047/Brighton-and-Hove-Albion-Everton-May-8-2023-Premier-League,,bf8d9047
ENG-Premier League,2223,2023-05-08 Fulham-Leicester City,35,Mon,2023-05-08,15:00,Fulham,1.6,5–3,2.8,Leicester City,24442,Craven Cottage,Robert Jones,/en/matches/9a5efecc/Fulham-Leicester-City-May-8-2023-Premier-League,,9a5efecc
ENG-Premier League,2223,2023-05-08 Nott'ham Forest-Southampton,35,Mon,2023-05-08,20:00,Nott'ham Forest,1.8,4–3,3.1,Southampton,29154,The City Ground,Michael Oliver,/en/matches/23e7953f/Nottingham-Forest-Southampton-May-8-2023-Premier-League,,23e7953f
ENG-Premier League,2223,2023-05-13 Aston Villa-Tottenham,36,Sat,2023-05-13,15:00,Aston Villa,1.2,2–1,1.4,Tottenham,42164,Villa Park,Peter Bankes,/en/matches/362514ee/Aston-Villa-Tottenham-Hotspur-May-13-2023-Premier-League,,362514ee
ENG-Premier League,2223,2023-05-13 Chelsea-Nott'ham Forest,36,Sat,2023-05-13,15:00,Chelsea,1.2,2–2,1.3,Nott'ham Forest,40030,Stamford Bridge,Paul Tierney,/en/matches/96ab0b45/Chelsea-Nottingham-Forest-May-13-2023-Premier-League,,96ab0b45
ENG-Premier League,2223,2023-05-13 Crystal Palace-Bournemouth,36,Sat,2023-05-13,15:00,Crystal Palace,1.5,2–0,0.3,Bournemouth,25034,Selhurst Park,Michael Salisbury,/en/matches/a4ffd11f/Crystal-Palace-Bournemouth-May-13-2023-Premier-League,,a4ffd11f
ENG-Premier League,2223,2023-05-13 Leeds United-Newcastle Utd,36,Sat,2023-05-13,12:30,Leeds United,2.0,2–2,2.3,Newcastle Utd,36955,Elland Road,Simon Hooper,/en/matches/d63581e0/Leeds-United-Newcastle-United-May-13-2023-Premier-League,,d63581e0
ENG-Premier League,2223,2023-05-13 Manchester Utd-Wolves,36,Sat,2023-05-13,15:00,Manchester Utd,3.2,2–0,0.3,Wolves,73570,Old Trafford,John Brooks,/en/matches/f5d61382/Manchester-United-Wolverhampton-Wanderers-May-13-2023-Premier-League,,f5d61382
ENG-Premier League,2223,2023-05-13 Southampton-Fulham,36,Sat,2023-05-13,15:00,Southampton,0.4,0–2,1.4,Fulham,28978,St. Mary's Stadium,Thomas Bramall,/en/matches/e05f67be/Southampton-Fulham-May-13-2023-Premier-League,,e05f67be
ENG-Premier League,2223,2023-05-14 Arsenal-Brighton,36,Sun,2023-05-14,16:30,Arsenal,0.9,0–3,1.7,Brighton,60139,Emirates Stadium,Andy Madley,/en/matches/dc6fb985/Arsenal-Brighton-and-Hove-Albion-May-14-2023-Premier-League,,dc6fb985
ENG-Premier League,2223,2023-05-14 Brentford-West Ham,36,Sun,2023-05-14,14:00,Brentford,3.4,2–0,0.2,West Ham,17075,Brentford Community Stadium,Michael Oliver,/en/matches/9a41c925/Brentford-West-Ham-United-May-14-2023-Premier-League,,9a41c925
ENG-Premier League,2223,2023-05-14 Everton-Manchester City,36,Sun,2023-05-14,14:00,Everton,1.6,0–3,0.8,Manchester City,39376,Goodison Park,Anthony Taylor,/en/matches/704aa0f3/Everton-Manchester-City-May-14-2023-Premier-League,,704aa0f3
ENG-Premier League,2223,2023-05-15 Leicester City-Liverpool,36,Mon,2023-05-15,20:00,Leicester City,0.4,0–3,2.2,Liverpool,32225,King Power Stadium,Craig Pawson,/en/matches/7dd0fbd7/Leicester-City-Liverpool-May-15-2023-Premier-League,,7dd0fbd7
ENG-Premier League,2223,2023-05-18 Newcastle Utd-Brighton,25,Thu,2023-05-18,19:30,Newcastle Utd,3.6,4–1,0.5,Brighton,52122,St James' Park,Robert Jones,/en/matches/e265430e/Newcastle-United-Brighton-and-Hove-Albion-May-18-2023-Premier-League,,e265430e
ENG-Premier League,2223,2023-05-20 Bournemouth-Manchester Utd,37,Sat,2023-05-20,15:00,Bournemouth,1.0,0–1,1.4,Manchester Utd,10240,Vitality Stadium,Chris Kavanagh,/en/matches/ec496eca/Bournemouth-Manchester-United-May-20-2023-Premier-League,,ec496eca
ENG-Premier League,2223,2023-05-20 Fulham-Crystal Palace,37,Sat,2023-05-20,15:00,Fulham,1.7,2–2,1.6,Crystal Palace,24356,Craven Cottage,Joshua Smith,/en/matches/844f2c37/Fulham-Crystal-Palace-May-20-2023-Premier-League,,844f2c37
ENG-Premier League,2223,2023-05-20 Liverpool-Aston Villa,37,Sat,2023-05-20,15:00,Liverpool,0.7,1–1,1.3,Aston Villa,53306,Anfield,John Brooks,/en/matches/72646bde/Liverpool-Aston-Villa-May-20-2023-Premier-League,,72646bde
ENG-Premier League,2223,2023-05-20 Nott'ham Forest-Arsenal,37,Sat,2023-05-20,17:30,Nott'ham Forest,0.6,1–0,0.6,Arsenal,29514,The City Ground,Anthony Taylor,/en/matches/9a2ea2b3/Nottingham-Forest-Arsenal-May-20-2023-Premier-League,,9a2ea2b3
ENG-Premier League,2223,2023-05-20 Tottenham-Brentford,37,Sat,2023-05-20,12:30,Tottenham,1.7,1–3,1.2,Brentford,61514,Tottenham Hotspur Stadium,Jarred Gillett,/en/matches/28ebbaf2/Tottenham-Hotspur-Brentford-May-20-2023-Premier-League,,28ebbaf2
ENG-Premier League,2223,2023-05-20 Wolves-Everton,37,Sat,2023-05-20,15:00,Wolves,1.6,1–1,2.0,Everton,31684,Molineux Stadium,David Coote,/en/matches/ff2b58c3/Wolverhampton-Wanderers-Everton-May-20-2023-Premier-League,,ff2b58c3
ENG-Premier League,2223,2023-05-21 Brighton-Southampton,37,Sun,2023-05-21,14:00,Brighton,2.5,3–1,0.6,Southampton,31507,The American Express Community Stadium,Paul Tierney,/en/matches/017addef/Brighton-and-Hove-Albion-Southampton-May-21-2023-Premier-League,,017addef
ENG-Premier League,2223,2023-05-21 Manchester City-Chelsea,37,Sun,2023-05-21,16:00,Manchester City,1.2,1–0,1.2,Chelsea,53490,Etihad Stadium,Michael Oliver,/en/matches/589e447b/Manchester-City-Chelsea-May-21-2023-Premier-League,,589e447b
ENG-Premier League,2223,2023-05-21 West Ham-Leeds United,37,Sun,2023-05-21,13:30,West Ham,2.1,3–1,0.9,Leeds United,62478,London Stadium,Peter Bankes,/en/matches/0359c7d5/West-Ham-United-Leeds-United-May-21-2023-Premier-League,,0359c7d5
ENG-Premier League,2223,2023-05-22 Newcastle Utd-Leicester City,37,Mon,2023-05-22,20:00,Newcastle Utd,2.1,0–0,0.1,Leicester City,52152,St James' Park,Andre Marriner,/en/matches/807863d8/Newcastle-United-Leicester-City-May-22-2023-Premier-League,,807863d8
ENG-Premier League,2223,2023-05-24 Brighton-Manchester City,32,Wed,2023-05-24,20:00,Brighton,2.2,1–1,1.8,Manchester City,31388,The American Express Community Stadium,Simon Hooper,/en/matches/d4bee10d/Brighton-and-Hove-Albion-Manchester-City-May-24-2023-Premier-League,,d4bee10d
ENG-Premier League,2223,2023-05-25 Manchester Utd-Chelsea,32,Thu,2023-05-25,20:00,Manchester Utd,5.2,4–1,1.9,Chelsea,73561,Old Trafford,Stuart Attwell,/en/matches/d2f2263d/Manchester-United-Chelsea-May-25-2023-Premier-League,,d2f2263d
ENG-Premier League,2223,2023-05-28 Arsenal-Wolves,38,Sun,2023-05-28,16:30,Arsenal,2.8,5–0,0.5,Wolves,60095,Emirates Stadium,Andre Marriner,/en/matches/71d5bd41/Arsenal-Wolverhampton-Wanderers-May-28-2023-Premier-League,,71d5bd41
ENG-Premier League,2223,2023-05-28 Aston Villa-Brighton,38,Sun,2023-05-28,16:30,Aston Villa,2.8,2–1,1.4,Brighton,,Villa Park,David Coote,/en/matches/ac0e65e2/Aston-Villa-Brighton-and-Hove-Albion-May-28-2023-Premier-League,,ac0e65e2
ENG-Premier League,2223,2023-05-28 Brentford-Manchester City,38,Sun,2023-05-28,16:30,Brentford,1.3,1–0,1.6,Manchester City,17120,Brentford Community Stadium,John Brooks,/en/matches/e7e969e9/Brentford-Manchester-City-May-28-2023-Premier-League,,e7e969e9
ENG-Premier League,2223,2023-05-28 Chelsea-Newcastle Utd,38,Sun,2023-05-28,16:30,Chelsea,2.2,1–1,1.7,Newcastle Utd,40130,Stamford Bridge,Jarred Gillett,/en/matches/4f7b1a0d/Chelsea-Newcastle-United-May-28-2023-Premier-League,,4f7b1a0d
ENG-Premier League,2223,2023-05-28 Crystal Palace-Nott'ham Forest,38,Sun,2023-05-28,16:30,Crystal Palace,1.4,1–1,0.5,Nott'ham Forest,25198,Selhurst Park,Thomas Bramall,/en/matches/181fd119/Crystal-Palace-Nottingham-Forest-May-28-2023-Premier-League,,181fd119
ENG-Premier League,2223,2023-05-28 Everton-Bournemouth,38,Sun,2023-05-28,16:30,Everton,1.0,1–0,0.5,Bournemouth,39201,Goodison Park,Stuart Attwell,/en/matches/94de848f/Everton-Bournemouth-May-28-2023-Premier-League,,94de848f
ENG-Premier League,2223,2023-05-28 Leeds United-Tottenham,38,Sun,2023-05-28,16:30,Leeds United,1.5,1–4,2.2,Tottenham,36871,Elland Road,Anthony Taylor,/en/matches/c9c73ddd/Leeds-United-Tottenham-Hotspur-May-28-2023-Premier-League,,c9c73ddd
ENG-Premier League,2223,2023-05-28 Leicester City-West Ham,38,Sun,2023-05-28,16:30,Leicester City,1.4,2–1,1.4,West Ham,32183,King Power Stadium,Simon Hooper,/en/matches/a96c9915/Leicester-City-West-Ham-United-May-28-2023-Premier-League,,a96c9915
ENG-Premier League,2223,2023-05-28 Manchester Utd-Fulham,38,Sun,2023-05-28,16:30,Manchester Utd,2.9,2–1,1.8,Fulham,73465,Old Trafford,Robert Jones,/en/matches/64823dc9/Manchester-United-Fulham-May-28-2023-Premier-League,,64823dc9
ENG-Premier League,2223,2023-05-28 Southampton-Liverpool,38,Sun,2023-05-28,16:30,Southampton,1.8,4–4,4.0,Liverpool,31129,St. Mary's Stadium,Darren England,/en/matches/8e5c6ea7/Southampton-Liverpool-May-28-2023-Premier-League,,8e5c6ea7
