,,,,nation,pos,age,born,Playing Time,Playing Time,Playing Time,Playing Time,Performance,Performance,Performance,Performance,Performance,Performance,Performance,Performance,Expected,Expected,Expected,Expected,Progression,Progression,Progression,Per 90 Minutes,Per 90 Minutes,Per 90 Minutes,Per 90 Minutes,Per 90 Minutes,Per 90 Minutes,Per 90 Minutes,Per 90 Minutes,Per 90 Minutes,Per 90 Minutes
,,,,,,,,MP,Starts,Min,90s,Gls,Ast,G+A,G-PK,PK,PKatt,CrdY,CrdR,xG,npxG,xAG,npxG+xAG,PrgC,PrgP,PrgR,Gls,Ast,G+A,G-PK,G+A-PK,xG,xAG,xG+xAG,npxG,npxG+xAG
league,season,team,player,,,,,,,,,,,,,,,,,,,,,,,,,,,,,,,,,
FRA-Ligue 1,2324,Brest,Achraf Dari,MAR,"DF,FW",24,1999,4,1,121,1.3,0,0,0,0,0,0,0,0,0.0,0.0,0.0,0.0,0,8,0,0.0,0.0,0.0,0.0,0.0,0.04,0.0,0.04,0.04,0.04
FRA-Ligue 1,2324,Brest,Adrien Lebeau,FRA,"MF,FW",24,1999,7,0,54,0.6,0,1,1,0,0,0,0,0,0.1,0.1,0.5,0.5,1,0,5,0.0,1.67,1.67,0.0,1.67,0.1,0.77,0.87,0.1,0.87
FRA-Ligue 1,2324,Brest,Axel Camblan,FRA,FW,19,2003,7,0,90,1.0,0,0,0,0,0,0,2,0,0.2,0.2,0.0,0.3,5,1,8,0.0,0.0,0.0,0.0,0.0,0.25,0.05,0.29,0.25,0.29
FRA-Ligue 1,2324,Brest,Bilal Brahimi,ALG,"FW,MF",23,2000,18,1,221,2.5,0,0,0,0,0,0,1,1,0.1,0.1,0.3,0.4,15,9,39,0.0,0.0,0.0,0.0,0.0,0.04,0.1,0.15,0.04,0.15
FRA-Ligue 1,2324,Brest,Bradley Locko,FRA,DF,21,2002,33,33,2959,32.9,0,3,3,0,0,0,5,0,0.3,0.3,1.6,1.9,83,129,162,0.0,0.09,0.09,0.0,0.09,0.01,0.05,0.06,0.01,0.06
FRA-Ligue 1,2324,Brest,Brendan Chardonnet,FRA,DF,28,1994,33,33,2970,33.0,1,1,2,1,0,0,4,0,1.5,1.5,1.6,3.1,25,115,8,0.03,0.03,0.06,0.03,0.06,0.04,0.05,0.09,0.04,0.09
FRA-Ligue 1,2324,Brest,Grégoire Coudert,FRA,GK,24,1999,3,2,181,2.0,0,0,0,0,0,0,0,0,0.0,0.0,0.0,0.0,0,0,0,0.0,0.0,0.0,0.0,0.0,0.0,0.0,0.0,0.0,0.0
FRA-Ligue 1,2324,Brest,Hianga Mananga Mbock,FRA,"MF,FW",23,1999,2,0,9,0.1,0,0,0,0,0,0,0,0,0.1,0.1,0.2,0.2,1,2,0,0.0,0.0,0.0,0.0,0.0,0.55,1.62,2.17,0.55,2.17
FRA-Ligue 1,2324,Brest,Hugo Magnetti,FRA,MF,25,1998,33,30,2340,26.0,2,0,2,2,0,0,6,0,2.4,2.4,1.8,4.3,36,101,61,0.08,0.0,0.08,0.08,0.08,0.09,0.07,0.16,0.09,0.16
FRA-Ligue 1,2324,Brest,Jonas Martin,FRA,MF,33,1990,31,9,1208,13.4,0,1,1,0,0,0,5,0,1.2,1.2,0.9,2.1,28,105,32,0.0,0.07,0.07,0.0,0.07,0.09,0.07,0.15,0.09,0.15
FRA-Ligue 1,2324,Brest,Jordan Amavi,FRA,DF,29,1994,2,1,91,1.0,1,0,1,1,0,0,1,0,0.1,0.1,0.0,0.1,0,2,1,0.99,0.0,0.99,0.99,0.99,0.1,0.0,0.1,0.1,0.1
FRA-Ligue 1,2324,Brest,Julien Le Cardinal,FRA,DF,25,1997,12,5,473,5.3,0,0,0,0,0,0,3,0,0.3,0.3,0.1,0.4,3,24,4,0.0,0.0,0.0,0.0,0.0,0.05,0.02,0.08,0.05,0.08
FRA-Ligue 1,2324,Brest,Jérémy Le Douaron,FRA,FW,25,1998,33,19,1618,18.0,4,0,4,4,0,0,3,0,6.2,6.2,1.0,7.2,48,21,130,0.22,0.0,0.22,0.22,0.22,0.34,0.06,0.4,0.34,0.4
FRA-Ligue 1,2324,Brest,Kamory Doumbia,MLI,MF,20,2003,25,7,879,9.8,6,5,11,6,0,0,1,0,4.2,4.2,0.9,5.0,22,48,43,0.61,0.51,1.13,0.61,1.13,0.43,0.09,0.52,0.43,0.52
FRA-Ligue 1,2324,Brest,Karamoko Dembélé,ENG,"MF,FW",20,2003,1,0,16,0.2,0,0,0,0,0,0,0,0,0.0,0.0,0.0,0.0,0,1,3,0.0,0.0,0.0,0.0,0.0,0.0,0.0,0.0,0.0,0.0
FRA-Ligue 1,2324,Brest,Kenny Lala,MAD,DF,31,1991,33,33,2970,33.0,2,3,5,2,0,0,7,0,0.5,0.5,3.3,3.8,45,200,98,0.06,0.09,0.15,0.06,0.15,0.01,0.1,0.12,0.01,0.12
FRA-Ligue 1,2324,Brest,Lilian Brassier,FRA,DF,23,1999,30,30,2677,29.7,3,0,3,3,0,0,11,1,1.1,1.1,0.6,1.6,20,121,5,0.1,0.0,0.1,0.1,0.1,0.04,0.02,0.06,0.04,0.06
FRA-Ligue 1,2324,Brest,Luck Zogbé,CIV,DF,18,2005,1,0,11,0.1,0,0,0,0,0,0,0,0,0.0,0.0,0.0,0.0,0,0,0,0.0,0.0,0.0,0.0,0.0,0.0,0.0,0.0,0.0,0.0
FRA-Ligue 1,2324,Brest,Mahdi Camara,FRA,MF,25,1998,32,26,2020,22.4,7,3,10,6,1,1,7,0,4.9,4.1,3.1,7.1,37,81,129,0.31,0.13,0.45,0.27,0.4,0.22,0.14,0.35,0.18,0.32
FRA-Ligue 1,2324,Brest,Marco Bizot,NED,GK,32,1991,32,32,2876,32.0,0,0,0,0,0,0,3,1,0.0,0.0,0.1,0.1,0,1,0,0.0,0.0,0.0,0.0,0.0,0.0,0.0,0.0,0.0,0.0
FRA-Ligue 1,2324,Brest,Martin Satriano,URU,FW,22,2001,33,21,1864,20.7,4,4,8,4,0,0,4,0,6.1,6.1,2.9,9.0,28,37,121,0.19,0.19,0.39,0.19,0.39,0.29,0.14,0.43,0.29,0.43
FRA-Ligue 1,2324,Brest,Mathias Pereira Lage,POR,"FW,MF",26,1996,30,12,1187,13.2,3,2,5,3,0,0,3,0,3.5,3.5,1.7,5.2,19,23,95,0.23,0.15,0.38,0.23,0.38,0.27,0.13,0.4,0.27,0.4
FRA-Ligue 1,2324,Brest,Pierre Lees-Melou,FRA,MF,30,1993,29,29,2517,28.0,4,0,4,4,0,0,12,1,2.4,2.4,2.4,4.8,51,193,43,0.14,0.0,0.14,0.14,0.14,0.09,0.08,0.17,0.09,0.17
FRA-Ligue 1,2324,Brest,Romain Del Castillo,FRA,FW,27,1996,33,30,2497,27.7,8,8,16,5,3,3,4,0,5.2,2.9,9.9,12.8,101,155,287,0.29,0.29,0.58,0.18,0.47,0.19,0.36,0.55,0.1,0.46
FRA-Ligue 1,2324,Brest,Steve Mounié,BEN,FW,28,1994,32,20,1769,19.7,6,2,8,6,0,0,2,1,8.9,8.9,2.1,11.0,22,25,111,0.31,0.1,0.41,0.31,0.41,0.45,0.11,0.56,0.45,0.56
FRA-Ligue 1,2324,Clermont Foot,Abdellah Baallal,MAR,MF,18,2004,1,0,4,0.0,0,0,0,0,0,0,0,0,0.0,0.0,0.0,0.0,0,0,0,0.0,0.0,0.0,0.0,0.0,0.0,0.0,0.0,0.0,0.0
FRA-Ligue 1,2324,Clermont Foot,Alan Virginius,FRA,FW,20,2003,14,12,934,10.4,0,2,2,0,0,0,0,0,1.3,1.3,1.5,2.8,22,21,64,0.0,0.19,0.19,0.0,0.19,0.13,0.15,0.27,0.13,0.27
FRA-Ligue 1,2324,Clermont Foot,Alidu Seidu,GHA,DF,23,2000,14,13,1131,12.6,0,1,1,0,0,0,5,1,0.1,0.1,0.7,0.7,16,33,3,0.0,0.08,0.08,0.0,0.08,0.01,0.05,0.06,0.01,0.06
FRA-Ligue 1,2324,Clermont Foot,Andy Pelmard,MAD,DF,23,2000,34,33,2989,33.2,0,0,0,0,0,0,1,0,0.3,0.3,0.6,1.0,39,120,7,0.0,0.0,0.0,0.0,0.0,0.01,0.02,0.03,0.01,0.03
FRA-Ligue 1,2324,Clermont Foot,Aïman Maurer,MAR,"MF,FW",18,2004,5,0,56,0.6,0,0,0,0,0,0,0,0,0.1,0.1,0.0,0.1,1,2,8,0.0,0.0,0.0,0.0,0.0,0.2,0.0,0.2,0.2,0.2
FRA-Ligue 1,2324,Clermont Foot,Bilal Boutobba,FRA,"FW,MF",24,1998,27,10,926,10.3,1,1,2,1,0,0,1,0,2.0,2.0,1.7,3.7,38,43,86,0.1,0.1,0.19,0.1,0.19,0.2,0.17,0.36,0.2,0.36
FRA-Ligue 1,2324,Clermont Foot,Cheick Konaté,MLI,DF,19,2004,19,12,1068,11.9,1,1,2,1,0,0,4,0,0.5,0.5,1.6,2.1,22,37,86,0.08,0.08,0.17,0.08,0.17,0.04,0.13,0.18,0.04,0.18
FRA-Ligue 1,2324,Clermont Foot,Chrislain Matsima,FRA,DF,21,2002,14,13,1180,13.1,1,0,1,1,0,0,2,0,0.2,0.2,0.0,0.2,13,45,1,0.08,0.0,0.08,0.08,0.08,0.01,0.0,0.01,0.01,0.01
FRA-Ligue 1,2324,Clermont Foot,Elba Rashani,KVX,"MF,FW",30,1993,24,14,1175,13.1,2,0,2,2,0,0,4,2,2.1,2.1,1.2,3.3,19,22,102,0.15,0.0,0.15,0.15,0.15,0.16,0.09,0.26,0.16,0.26
FRA-Ligue 1,2324,Clermont Foot,Florent Ogier,FRA,DF,34,1989,14,9,943,10.5,1,1,2,1,0,0,1,0,0.6,0.6,0.5,1.1,4,17,0,0.1,0.1,0.19,0.1,0.19,0.06,0.05,0.1,0.06,0.1
FRA-Ligue 1,2324,Clermont Foot,Grejohn Kyei,FRA,FW,27,1995,26,10,1026,11.4,2,1,3,1,1,1,1,0,4.9,4.1,1.2,5.3,12,30,85,0.18,0.09,0.26,0.09,0.18,0.43,0.11,0.54,0.36,0.47
FRA-Ligue 1,2324,Clermont Foot,Habib Keita,MLI,MF,21,2002,27,12,1278,14.2,1,0,1,1,0,0,4,0,0.7,0.7,0.6,1.3,9,53,23,0.07,0.0,0.07,0.07,0.07,0.05,0.05,0.09,0.05,0.09
FRA-Ligue 1,2324,Clermont Foot,Ilhan Fakili,FRA,"MF,FW",17,2006,3,1,94,1.0,0,0,0,0,0,0,0,0,0.2,0.2,0.0,0.2,2,4,7,0.0,0.0,0.0,0.0,0.0,0.17,0.03,0.2,0.17,0.2
FRA-Ligue 1,2324,Clermont Foot,Jim Allevinah,GAB,"MF,DF",28,1995,29,22,1861,20.7,2,1,3,2,0,0,1,0,2.6,2.6,1.2,3.8,87,52,120,0.1,0.05,0.15,0.1,0.15,0.12,0.06,0.18,0.12,0.18
FRA-Ligue 1,2324,Clermont Foot,Johan Gastien,FRA,MF,35,1988,28,28,2260,25.1,0,0,0,0,0,0,7,0,0.3,0.3,2.4,2.7,21,168,21,0.0,0.0,0.0,0.0,0.0,0.01,0.1,0.11,0.01,0.11
FRA-Ligue 1,2324,Clermont Foot,Joshua M'Bahia,CIV,MF,18,2005,1,0,14,0.2,0,0,0,0,0,0,1,0,0.0,0.0,0.0,0.0,0,1,2,0.0,0.0,0.0,0.0,0.0,0.0,0.21,0.21,0.0,0.21
FRA-Ligue 1,2324,Clermont Foot,Jérémie Bela,ANG,"MF,FW",30,1993,12,1,203,2.3,0,0,0,0,0,0,0,0,0.2,0.2,0.1,0.3,14,10,33,0.0,0.0,0.0,0.0,0.0,0.1,0.05,0.15,0.1,0.15
FRA-Ligue 1,2324,Clermont Foot,Jérémy Jacquet,FRA,DF,18,2005,6,2,253,2.8,0,1,1,0,0,0,0,0,0.2,0.2,0.3,0.5,5,15,4,0.0,0.36,0.36,0.0,0.36,0.08,0.12,0.19,0.08,0.19
FRA-Ligue 1,2324,Clermont Foot,Komnen Andrić,SRB,FW,28,1995,7,1,169,1.9,0,0,0,0,0,0,0,0,0.1,0.1,0.2,0.2,0,5,24,0.0,0.0,0.0,0.0,0.0,0.03,0.1,0.12,0.03,0.12
FRA-Ligue 1,2324,Clermont Foot,Massamba Ndiaye,SEN,GK,21,2001,4,4,360,4.0,0,0,0,0,0,0,0,0,0.0,0.0,0.0,0.0,0,1,0,0.0,0.0,0.0,0.0,0.0,0.0,0.0,0.0,0.0,0.0
FRA-Ligue 1,2324,Clermont Foot,Mateusz Wieteska,POL,DF,26,1997,2,2,174,1.9,1,0,1,1,0,0,0,0,0.1,0.1,0.0,0.1,0,6,1,0.52,0.0,0.52,0.52,0.52,0.05,0.0,0.05,0.05,0.05
FRA-Ligue 1,2324,Clermont Foot,Maxime Gonalons,FRA,MF,34,1989,21,17,1296,14.4,1,0,1,1,0,0,4,0,0.4,0.4,0.2,0.6,8,81,10,0.07,0.0,0.07,0.07,0.07,0.03,0.01,0.04,0.03,0.04
FRA-Ligue 1,2324,Clermont Foot,Maximiliano Caufriez,BEL,DF,26,1997,20,20,1659,18.4,0,1,1,0,0,0,6,3,0.4,0.4,0.2,0.6,24,61,11,0.0,0.05,0.05,0.0,0.05,0.02,0.01,0.03,0.02,0.03
FRA-Ligue 1,2324,Clermont Foot,Mehdi Zeffane,ALG,"DF,MF",31,1992,23,15,1231,13.7,0,0,0,0,0,0,2,0,1.4,1.4,0.4,1.8,14,53,48,0.0,0.0,0.0,0.0,0.0,0.1,0.03,0.13,0.1,0.13
FRA-Ligue 1,2324,Clermont Foot,Mohamed Bouchenna,FRA,"MF,FW",17,2006,2,0,29,0.3,0,0,0,0,0,0,1,0,0.1,0.1,0.2,0.3,0,1,3,0.0,0.0,0.0,0.0,0.0,0.19,0.65,0.85,0.19,0.85
FRA-Ligue 1,2324,Clermont Foot,Mory Diaw,SEN,GK,30,1993,30,30,2700,30.0,0,0,0,0,0,0,3,0,0.0,0.0,0.1,0.1,0,1,0,0.0,0.0,0.0,0.0,0.0,0.0,0.0,0.0,0.0,0.0
FRA-Ligue 1,2324,Clermont Foot,Muhammed Cham,AUT,"MF,FW",22,2000,33,29,2554,28.4,8,4,12,4,4,5,4,0,9.4,5.5,3.1,8.7,71,161,142,0.28,0.14,0.42,0.14,0.28,0.33,0.11,0.44,0.19,0.31
FRA-Ligue 1,2324,Clermont Foot,Neto Borges,BRA,DF,26,1996,28,28,2516,28.0,0,1,1,0,0,0,3,1,0.5,0.5,2.8,3.4,58,88,165,0.0,0.04,0.04,0.0,0.04,0.02,0.1,0.12,0.02,0.12
FRA-Ligue 1,2324,Clermont Foot,Shamar Nicholson,JAM,FW,26,1997,26,17,1484,16.5,4,3,7,3,1,2,2,0,5.9,4.4,1.1,5.4,18,33,110,0.24,0.18,0.42,0.18,0.36,0.36,0.07,0.43,0.26,0.33
FRA-Ligue 1,2324,Clermont Foot,Yohann Magnin,FRA,MF,26,1997,31,17,1687,18.7,1,0,1,1,0,0,2,0,1.6,1.6,0.7,2.3,14,71,47,0.05,0.0,0.05,0.05,0.05,0.09,0.04,0.12,0.09,0.12
FRA-Ligue 1,2324,Clermont Foot,Yoël Armougom,FRA,"DF,MF",25,1998,5,2,234,2.6,0,0,0,0,0,0,1,0,0.0,0.0,0.3,0.3,6,12,25,0.0,0.0,0.0,0.0,0.0,0.01,0.11,0.12,0.01,0.12
FRA-Ligue 1,2324,Le Havre,Abdoulaye Touré,GUI,MF,29,1994,30,27,2284,25.4,2,0,2,0,2,2,4,0,3.0,1.4,0.9,2.3,22,148,25,0.08,0.0,0.08,0.0,0.0,0.12,0.04,0.15,0.05,0.09
FRA-Ligue 1,2324,Le Havre,Alois Confais,FRA,"MF,FW",26,1996,2,0,7,0.1,0,0,0,0,0,0,0,0,0.0,0.0,0.0,0.0,0,0,0,0.0,0.0,0.0,0.0,0.0,0.0,0.0,0.0,0.0,0.0
FRA-Ligue 1,2324,Le Havre,André Ayew,GHA,FW,33,1989,19,12,1104,12.3,5,0,5,5,0,0,2,1,3.1,3.1,0.8,3.9,14,23,65,0.41,0.0,0.41,0.41,0.41,0.25,0.07,0.32,0.25,0.32
FRA-Ligue 1,2324,Le Havre,Antoine Joujou,FRA,"FW,MF",20,2003,23,6,779,8.7,0,2,2,0,0,0,1,0,1.1,1.1,0.6,1.8,35,22,82,0.0,0.23,0.23,0.0,0.23,0.13,0.07,0.2,0.13,0.2
FRA-Ligue 1,2324,Le Havre,Arouna Sangante,SEN,DF,21,2002,30,30,2687,29.9,0,0,0,0,0,0,8,0,0.9,0.9,1.2,2.1,20,107,27,0.0,0.0,0.0,0.0,0.0,0.03,0.04,0.07,0.03,0.07
FRA-Ligue 1,2324,Le Havre,Arthur Desmas,FRA,GK,29,1994,33,33,2970,33.0,0,0,0,0,0,0,2,0,0.0,0.0,0.4,0.4,0,0,0,0.0,0.0,0.0,0.0,0.0,0.0,0.01,0.01,0.0,0.01
FRA-Ligue 1,2324,Le Havre,Christopher Operi,CIV,DF,26,1997,28,28,2445,27.2,3,4,7,3,0,0,6,0,1.2,1.2,4.0,5.1,31,82,111,0.11,0.15,0.26,0.11,0.26,0.04,0.15,0.19,0.04,0.19
FRA-Ligue 1,2324,Le Havre,Daler Kuzyaev,RUS,MF,30,1993,30,24,2090,23.2,2,2,4,2,0,0,1,0,1.8,1.8,1.3,3.2,23,119,97,0.09,0.09,0.17,0.09,0.17,0.08,0.06,0.14,0.08,0.14
FRA-Ligue 1,2324,Le Havre,Elysée Logbo,FRA,FW,19,2004,10,2,248,2.8,0,0,0,0,0,0,0,0,0.3,0.3,0.1,0.5,1,2,7,0.0,0.0,0.0,0.0,0.0,0.12,0.04,0.16,0.12,0.16
FRA-Ligue 1,2324,Le Havre,Emmanuel Sabbi,USA,"FW,MF",25,1997,30,18,1584,17.6,5,1,6,3,2,2,5,0,4.1,2.5,1.4,4.0,38,36,101,0.28,0.06,0.34,0.17,0.23,0.23,0.08,0.32,0.14,0.23
FRA-Ligue 1,2324,Le Havre,Etienne Youte Kinkoue,FRA,DF,21,2002,22,22,1941,21.6,0,0,0,0,0,0,1,0,0.4,0.4,0.1,0.4,12,31,3,0.0,0.0,0.0,0.0,0.0,0.02,0.0,0.02,0.02,0.02
FRA-Ligue 1,2324,Le Havre,Gautier Lloris,FRA,DF,28,1995,31,31,2778,30.9,2,0,2,2,0,0,2,0,2.1,2.1,0.2,2.3,13,105,5,0.06,0.0,0.06,0.06,0.06,0.07,0.01,0.07,0.07,0.07
FRA-Ligue 1,2324,Le Havre,Issa Soumaré,SEN,"FW,MF",22,2000,7,3,237,2.6,0,0,0,0,0,0,0,0,0.4,0.4,0.6,1.0,4,4,18,0.0,0.0,0.0,0.0,0.0,0.14,0.24,0.39,0.14,0.39
FRA-Ligue 1,2324,Le Havre,Josué Casimir,HAI,"FW,DF",21,2001,30,25,2016,22.4,0,5,5,0,0,0,6,0,1.9,1.9,4.3,6.3,59,62,138,0.0,0.22,0.22,0.0,0.22,0.09,0.19,0.28,0.09,0.28
FRA-Ligue 1,2324,Le Havre,Loïc Nego,HUN,"DF,MF",32,1991,28,18,1561,17.3,0,3,3,0,0,0,3,0,1.3,1.3,1.0,2.3,30,64,102,0.0,0.17,0.17,0.0,0.17,0.08,0.06,0.13,0.08,0.13
FRA-Ligue 1,2324,Le Havre,Mathieu Gorgelin,FRA,GK,32,1990,1,1,90,1.0,0,0,0,0,0,0,1,0,0.0,0.0,0.0,0.0,0,0,0,0.0,0.0,0.0,0.0,0.0,0.0,0.0,0.0,0.0,0.0
FRA-Ligue 1,2324,Le Havre,Mohamed Lamine Bayo,GUI,FW,25,1998,22,16,1389,15.4,5,1,6,3,2,2,4,0,7.2,5.7,0.6,6.2,18,20,115,0.32,0.06,0.39,0.19,0.26,0.47,0.04,0.51,0.37,0.4
FRA-Ligue 1,2324,Le Havre,Nabil Alioui,FRA,"MF,FW",24,1999,18,12,1009,11.2,4,1,5,4,0,0,1,0,2.4,2.4,2.2,4.6,22,43,72,0.36,0.09,0.45,0.36,0.45,0.21,0.19,0.41,0.21,0.41
FRA-Ligue 1,2324,Le Havre,Nolan Mbemba,CGO,MF,28,1995,6,0,22,0.2,1,0,1,1,0,0,0,0,0.0,0.0,0.0,0.0,0,5,1,4.09,0.0,4.09,4.09,4.09,0.17,0.0,0.17,0.17,0.17
FRA-Ligue 1,2324,Le Havre,Oualid El Hajjam,MAR,"DF,MF",32,1991,13,4,393,4.4,0,0,0,0,0,0,1,0,0.4,0.4,0.9,1.3,7,16,27,0.0,0.0,0.0,0.0,0.0,0.09,0.2,0.29,0.09,0.29
FRA-Ligue 1,2324,Le Havre,Oussama Targhalline,MAR,MF,21,2002,14,12,1025,11.4,0,0,0,0,0,0,4,1,0.2,0.2,0.4,0.6,27,70,15,0.0,0.0,0.0,0.0,0.0,0.02,0.03,0.05,0.02,0.05
FRA-Ligue 1,2324,Le Havre,Rassoul Ndiaye,SEN,"MF,FW",21,2001,19,6,526,5.8,0,0,0,0,0,0,4,2,0.2,0.2,0.3,0.5,7,25,16,0.0,0.0,0.0,0.0,0.0,0.03,0.05,0.08,0.03,0.08
FRA-Ligue 1,2324,Le Havre,Samuel Grandsir,FRA,"MF,FW",26,1996,23,4,606,6.7,1,1,2,1,0,1,4,2,2.6,1.9,1.2,3.0,22,35,68,0.15,0.15,0.3,0.15,0.3,0.39,0.17,0.57,0.28,0.45
FRA-Ligue 1,2324,Le Havre,Simon Ebonog,CMR,MF,18,2004,4,0,20,0.2,0,0,0,0,0,0,0,0,0.0,0.0,0.0,0.0,0,1,0,0.0,0.0,0.0,0.0,0.0,0.0,0.0,0.0,0.0,0.0
FRA-Ligue 1,2324,Le Havre,Steve Ngoura,FRA,"FW,MF",18,2005,12,1,223,2.5,0,1,1,0,0,0,0,0,0.5,0.5,0.1,0.6,3,9,19,0.0,0.4,0.4,0.0,0.4,0.19,0.03,0.22,0.19,0.22
FRA-Ligue 1,2324,Le Havre,Yassine Kechta,MAR,MF,21,2002,32,21,1849,20.5,2,1,3,2,0,0,4,0,1.6,1.6,2.2,3.8,41,122,67,0.1,0.05,0.15,0.1,0.15,0.08,0.11,0.19,0.08,0.19
FRA-Ligue 1,2324,Le Havre,Yoann Salmier,GUF,DF,30,1992,20,18,1568,17.4,1,1,2,1,0,0,3,0,1.1,1.1,0.7,1.8,8,48,8,0.06,0.06,0.11,0.06,0.11,0.06,0.04,0.1,0.06,0.1
FRA-Ligue 1,2324,Lens,Abdukodir Khusanov,UZB,DF,19,2004,11,9,809,9.0,0,0,0,0,0,0,5,0,0.2,0.2,0.1,0.2,5,23,1,0.0,0.0,0.0,0.0,0.0,0.02,0.01,0.03,0.02,0.03
FRA-Ligue 1,2324,Lens,Adrien Thomasson,FRA,MF,29,1993,29,13,1193,13.3,1,2,3,1,0,0,2,1,3.8,3.8,3.9,7.7,20,68,121,0.08,0.15,0.23,0.08,0.23,0.29,0.29,0.58,0.29,0.58
FRA-Ligue 1,2324,Lens,Andy Diouf,FRA,MF,20,2003,25,16,1314,14.6,1,0,1,1,0,0,2,0,1.5,1.5,1.1,2.6,63,80,55,0.07,0.0,0.07,0.07,0.07,0.1,0.08,0.18,0.1,0.18
FRA-Ligue 1,2324,Lens,Angelo Fulgini,FRA,MF,26,1996,29,16,1376,15.3,1,2,3,1,0,0,1,0,3.2,3.2,3.2,6.4,35,74,117,0.07,0.13,0.2,0.07,0.2,0.21,0.21,0.42,0.21,0.42
FRA-Ligue 1,2324,Lens,Ayanda Sishuba,BEL,"MF,FW",18,2005,7,0,62,0.7,0,0,0,0,0,0,0,0,0.9,0.9,0.0,0.9,7,1,10,0.0,0.0,0.0,0.0,0.0,1.27,0.04,1.31,1.27,1.31
FRA-Ligue 1,2324,Lens,Brice Samba,FRA,GK,29,1994,33,33,2970,33.0,0,0,0,0,0,0,3,0,0.0,0.0,0.2,0.2,0,4,0,0.0,0.0,0.0,0.0,0.0,0.0,0.01,0.01,0.0,0.01
FRA-Ligue 1,2324,Lens,David Costa,POR,MF,22,2001,25,17,1494,16.6,4,2,6,4,0,0,3,0,3.0,3.0,3.5,6.5,53,73,101,0.24,0.12,0.36,0.24,0.36,0.18,0.21,0.39,0.18,0.39
FRA-Ligue 1,2324,Lens,Deiver Machado,COL,DF,29,1993,19,13,1124,12.5,4,0,4,4,0,0,4,0,1.7,1.7,1.3,2.9,22,26,74,0.32,0.0,0.32,0.32,0.32,0.13,0.1,0.24,0.13,0.24
FRA-Ligue 1,2324,Lens,Elye Wahi,FRA,FW,20,2003,27,20,1692,18.8,9,3,12,8,1,1,10,1,11.5,10.7,2.6,13.4,52,15,171,0.48,0.16,0.64,0.43,0.59,0.61,0.14,0.75,0.57,0.71
FRA-Ligue 1,2324,Lens,Facundo Medina,ARG,DF,24,1999,31,30,2714,30.2,1,3,4,1,0,0,11,0,1.1,1.1,1.8,2.9,51,219,20,0.03,0.1,0.13,0.03,0.13,0.04,0.06,0.1,0.04,0.1
FRA-Ligue 1,2324,Lens,Faitout Maouassa,FRA,"MF,DF",25,1998,3,1,76,0.8,0,0,0,0,0,0,0,0,0.1,0.1,0.1,0.2,2,0,2,0.0,0.0,0.0,0.0,0.0,0.09,0.12,0.21,0.09,0.21
FRA-Ligue 1,2324,Lens,Florian Sotoca,FRA,"MF,FW",32,1990,32,29,2598,28.9,7,6,13,3,4,4,4,1,9.1,5.9,6.5,12.4,56,156,253,0.24,0.21,0.45,0.1,0.31,0.32,0.22,0.54,0.21,0.43
FRA-Ligue 1,2324,Lens,Jean-Louis Leca,FRA,GK,37,1985,1,1,90,1.0,0,0,0,0,0,0,0,0,0.0,0.0,0.0,0.0,0,0,0,0.0,0.0,0.0,0.0,0.0,0.0,0.0,0.0,0.0,0.0
FRA-Ligue 1,2324,Lens,Jhoanner Chávez,ECU,DF,21,2002,8,6,481,5.3,0,0,0,0,0,0,1,0,0.3,0.3,0.5,0.8,4,15,19,0.0,0.0,0.0,0.0,0.0,0.06,0.08,0.14,0.06,0.14
FRA-Ligue 1,2324,Lens,Jonathan Gradit,FRA,DF,30,1992,26,26,2112,23.5,1,0,1,1,0,0,9,1,0.3,0.3,0.1,0.5,21,177,6,0.04,0.0,0.04,0.04,0.04,0.01,0.01,0.02,0.01,0.02
FRA-Ligue 1,2324,Lens,Julien Le Cardinal,FRA,DF,25,1997,2,0,58,0.6,0,0,0,0,0,0,0,0,0.0,0.0,0.0,0.0,1,4,2,0.0,0.0,0.0,0.0,0.0,0.0,0.0,0.0,0.0,0.0
FRA-Ligue 1,2324,Lens,Kevin Danso,AUT,DF,24,1998,30,30,2655,29.5,1,0,1,1,0,0,6,0,1.8,1.8,0.4,2.2,27,133,3,0.03,0.0,0.03,0.03,0.03,0.06,0.01,0.07,0.06,0.07
FRA-Ligue 1,2324,Lens,Massadio Haïdara,MLI,DF,30,1992,18,7,741,8.2,0,1,1,0,0,0,1,0,0.1,0.1,0.2,0.3,8,40,25,0.0,0.12,0.12,0.0,0.12,0.02,0.02,0.04,0.02,0.04
FRA-Ligue 1,2324,Lens,Morgan Guilavogui,GUI,"FW,MF",25,1998,23,2,566,6.3,2,0,2,2,0,0,1,0,1.6,1.6,1.2,2.8,16,36,75,0.32,0.0,0.32,0.32,0.32,0.25,0.2,0.44,0.25,0.44
FRA-Ligue 1,2324,Lens,Nampalys Mendy,SEN,MF,31,1992,16,13,1052,11.7,0,1,1,0,0,0,2,0,0.2,0.2,1.1,1.3,21,84,13,0.0,0.09,0.09,0.0,0.09,0.02,0.09,0.11,0.02,0.11
FRA-Ligue 1,2324,Lens,Neil El Aynaoui,MAR,MF,22,2001,25,17,1566,17.4,1,2,3,1,0,0,1,0,2.4,2.4,0.8,3.2,25,59,44,0.06,0.11,0.17,0.06,0.17,0.14,0.05,0.19,0.14,0.19
FRA-Ligue 1,2324,Lens,Oscar Cortés,COL,"FW,MF",19,2003,4,0,44,0.5,1,1,2,1,0,0,0,0,0.5,0.5,0.7,1.1,1,2,8,2.05,2.05,4.09,2.05,4.09,0.93,1.41,2.35,0.93,2.35
FRA-Ligue 1,2324,Lens,Przemysław Frankowski,POL,DF,28,1995,30,24,2192,24.4,3,2,5,2,1,2,4,0,3.7,2.1,3.8,5.9,56,112,210,0.12,0.08,0.21,0.08,0.16,0.15,0.16,0.31,0.09,0.24
FRA-Ligue 1,2324,Lens,Ruben Aguilar,FRA,DF,30,1993,25,22,1922,21.4,1,3,4,1,0,0,3,0,1.4,1.4,2.9,4.3,36,110,162,0.05,0.14,0.19,0.05,0.19,0.07,0.14,0.2,0.07,0.2
FRA-Ligue 1,2324,Lens,Salis Abdul Samed,GHA,MF,23,2000,27,17,1519,16.9,0,0,0,0,0,0,2,0,0.8,0.8,0.5,1.3,9,78,20,0.0,0.0,0.0,0.0,0.0,0.05,0.03,0.08,0.05,0.08
FRA-Ligue 1,2324,Lens,Stijn Spierings,NED,MF,27,1996,4,1,118,1.3,0,0,0,0,0,0,2,0,0.0,0.0,0.0,0.0,0,9,4,0.0,0.0,0.0,0.0,0.0,0.0,0.0,0.0,0.0,0.0
FRA-Ligue 1,2324,Lens,Wesley Saïd,FRA,"FW,MF",28,1995,27,11,1020,11.3,7,1,8,7,0,0,1,0,5.7,5.7,0.9,6.6,18,26,95,0.62,0.09,0.71,0.62,0.71,0.5,0.08,0.58,0.5,0.58
FRA-Ligue 1,2324,Lille,Aaron Malouda,FRA,FW,17,2005,1,0,1,0.0,0,0,0,0,0,0,0,0,0.0,0.0,0.0,0.0,0,0,0,0.0,0.0,0.0,0.0,0.0,0.0,0.0,0.0,0.0,0.0
FRA-Ligue 1,2324,Lille,Adam Ounas,ALG,FW,26,1996,17,3,418,4.6,1,0,1,1,0,0,0,0,0.6,0.6,1.9,2.6,20,20,40,0.22,0.0,0.22,0.22,0.22,0.14,0.41,0.55,0.14,0.55
FRA-Ligue 1,2324,Lille,Alan Virginius,FRA,FW,20,2003,2,1,71,0.8,0,0,0,0,0,0,0,0,0.0,0.0,0.0,0.0,1,2,4,0.0,0.0,0.0,0.0,0.0,0.0,0.02,0.02,0.0,0.02
FRA-Ligue 1,2324,Lille,Alexsandro Ribeiro,BRA,DF,23,1999,29,24,2220,24.7,0,0,0,0,0,0,6,1,2.0,2.0,0.5,2.6,15,82,7,0.0,0.0,0.0,0.0,0.0,0.08,0.02,0.1,0.08,0.1
FRA-Ligue 1,2324,Lille,Andrej Ilic,SRB,FW,23,2000,2,0,9,0.1,0,0,0,0,0,0,0,0,0.0,0.0,0.0,0.0,0,0,0,0.0,0.0,0.0,0.0,0.0,0.0,0.0,0.0,0.0,0.0
FRA-Ligue 1,2324,Lille,Angel Gomes,ENG,MF,22,2000,31,29,2571,28.6,0,8,8,0,0,0,5,0,2.0,2.0,6.2,8.2,49,204,71,0.0,0.28,0.28,0.0,0.28,0.07,0.22,0.29,0.07,0.29
FRA-Ligue 1,2324,Lille,Ayyoub Bouaddi,FRA,MF,15,2007,9,1,131,1.5,0,0,0,0,0,0,3,1,0.0,0.0,0.0,0.0,1,12,2,0.0,0.0,0.0,0.0,0.0,0.0,0.01,0.01,0.0,0.01
FRA-Ligue 1,2324,Lille,Bafodé Diakité,FRA,DF,22,2001,21,19,1696,18.8,5,2,7,5,0,0,4,0,2.0,2.0,1.4,3.5,15,95,16,0.27,0.11,0.37,0.27,0.37,0.11,0.08,0.19,0.11,0.19
FRA-Ligue 1,2324,Lille,Benjamin André,FRA,MF,32,1990,30,29,2570,28.6,4,0,4,4,0,0,8,0,2.6,2.6,1.3,3.9,19,180,37,0.14,0.0,0.14,0.14,0.14,0.09,0.05,0.14,0.09,0.14
FRA-Ligue 1,2324,Lille,Carlos Baleba,CMR,MF,19,2004,2,1,61,0.7,0,0,0,0,0,0,0,0,0.0,0.0,0.0,0.0,1,3,1,0.0,0.0,0.0,0.0,0.0,0.05,0.0,0.05,0.05,0.05
FRA-Ligue 1,2324,Lille,Edon Zhegrova,KVX,FW,24,1999,33,25,2288,25.4,6,6,12,6,0,0,3,1,6.2,6.2,6.2,12.4,110,90,322,0.24,0.24,0.47,0.24,0.47,0.24,0.24,0.49,0.24,0.49
FRA-Ligue 1,2324,Lille,Gabriel Gudmundsson,SWE,"DF,FW",24,1999,25,14,1267,14.1,1,0,1,1,0,0,2,0,1.1,1.1,1.2,2.2,39,37,66,0.07,0.0,0.07,0.07,0.07,0.08,0.08,0.16,0.08,0.16
FRA-Ligue 1,2324,Lille,Hákon Arnar Haraldsson,ISL,"FW,MF",20,2003,26,15,1284,14.3,2,0,2,2,0,0,5,0,0.8,0.8,1.5,2.2,25,48,90,0.14,0.0,0.14,0.14,0.14,0.05,0.1,0.16,0.05,0.16
FRA-Ligue 1,2324,Lille,Ichem Ferrah,FRA,FW,17,2005,1,0,3,0.0,0,0,0,0,0,0,0,0,0.0,0.0,0.0,0.0,0,0,2,0.0,0.0,0.0,0.0,0.0,0.0,0.0,0.0,0.0,0.0
FRA-Ligue 1,2324,Lille,Ignacio Miramon,ARG,MF,20,2003,2,1,39,0.4,0,0,0,0,0,0,0,0,0.1,0.1,0.0,0.1,1,3,0,0.0,0.0,0.0,0.0,0.0,0.12,0.0,0.12,0.12,0.12
FRA-Ligue 1,2324,Lille,Ismaily,BRA,DF,33,1990,30,28,2465,27.4,1,1,2,1,0,0,1,0,0.3,0.3,1.2,1.4,74,114,110,0.04,0.04,0.07,0.04,0.07,0.01,0.04,0.05,0.01,0.05
FRA-Ligue 1,2324,Lille,Ivan Cavaleiro,POR,FW,29,1993,17,9,770,8.6,1,1,2,1,0,0,1,0,1.3,1.3,1.2,2.5,18,23,77,0.12,0.12,0.23,0.12,0.23,0.15,0.15,0.29,0.15,0.29
FRA-Ligue 1,2324,Lille,Jonathan David,CAN,FW,23,2000,34,30,2629,29.2,19,4,23,17,2,3,4,0,17.5,15.0,3.3,18.3,47,79,198,0.65,0.14,0.79,0.58,0.72,0.6,0.11,0.71,0.51,0.63
FRA-Ligue 1,2324,Lille,Leny Yoro,FRA,DF,17,2005,32,30,2673,29.7,2,0,2,2,0,0,5,0,1.5,1.5,0.1,1.7,8,68,3,0.07,0.0,0.07,0.07,0.07,0.05,0.0,0.06,0.05,0.06
FRA-Ligue 1,2324,Lille,Lucas Chevalier,FRA,GK,21,2001,33,33,2969,33.0,0,0,0,0,0,0,1,0,0.0,0.0,0.1,0.1,0,2,0,0.0,0.0,0.0,0.0,0.0,0.0,0.0,0.0,0.0,0.0
FRA-Ligue 1,2324,Lille,Nabil Bentaleb,ALG,MF,28,1994,26,23,1967,21.9,0,3,3,0,0,0,7,0,0.4,0.4,0.9,1.2,11,136,17,0.0,0.14,0.14,0.0,0.14,0.02,0.04,0.06,0.02,0.06
FRA-Ligue 1,2324,Lille,Rémy Cabella,FRA,"FW,MF",33,1990,30,14,1477,16.4,2,2,4,2,0,0,0,0,5.2,5.2,3.3,8.5,72,106,160,0.12,0.12,0.24,0.12,0.24,0.32,0.2,0.52,0.32,0.52
FRA-Ligue 1,2324,Lille,Samuel Umtiti,FRA,DF,29,1993,6,2,185,2.1,0,0,0,0,0,0,0,0,0.0,0.0,0.0,0.0,0,8,0,0.0,0.0,0.0,0.0,0.0,0.0,0.0,0.0,0.0,0.0
FRA-Ligue 1,2324,Lille,Tiago Fonseca Morais,POR,FW,19,2003,3,0,46,0.5,0,0,0,0,0,0,0,0,0.4,0.4,0.0,0.4,3,3,2,0.0,0.0,0.0,0.0,0.0,0.7,0.0,0.7,0.7,0.7
FRA-Ligue 1,2324,Lille,Tiago Santos,POR,DF,21,2002,29,26,2365,26.3,1,2,3,1,0,0,6,0,1.4,1.4,2.3,3.6,89,105,137,0.04,0.08,0.11,0.04,0.11,0.05,0.09,0.14,0.05,0.14
FRA-Ligue 1,2324,Lille,Trévis Dago,CIV,"FW,MF",18,2005,4,0,23,0.3,0,1,1,0,0,0,1,0,0.0,0.0,0.4,0.5,1,0,1,0.0,3.91,3.91,0.0,3.91,0.16,1.63,1.78,0.16,1.78
FRA-Ligue 1,2324,Lille,Vito Mannone,ITA,GK,35,1988,2,1,91,1.0,0,0,0,0,0,0,0,0,0.0,0.0,0.0,0.0,0,0,0,0.0,0.0,0.0,0.0,0.0,0.0,0.0,0.0,0.0,0.0
FRA-Ligue 1,2324,Lille,Yusuf Yazıcı,TUR,"MF,FW",26,1997,27,16,1312,14.6,5,2,7,5,0,0,5,0,5.4,5.4,1.9,7.3,31,48,90,0.34,0.14,0.48,0.34,0.48,0.37,0.13,0.5,0.37,0.5
FRA-Ligue 1,2324,Lorient,Adrian Grbić,AUT,FW,26,1996,1,0,31,0.3,0,0,0,0,0,0,0,0,0.1,0.1,0.0,0.1,0,0,4,0.0,0.0,0.0,0.0,0.0,0.27,0.0,0.27,0.27,0.27
FRA-Ligue 1,2324,Lorient,Aurélien Pelon,FRA,DF,19,2004,1,1,90,1.0,0,0,0,0,0,0,1,0,0.0,0.0,0.0,0.0,0,1,0,0.0,0.0,0.0,0.0,0.0,0.0,0.0,0.0,0.0,0.0
FRA-Ligue 1,2324,Lorient,Ayman Kari,FRA,MF,18,2004,14,12,893,9.9,1,1,2,1,0,0,1,0,0.6,0.6,0.8,1.5,22,37,53,0.1,0.1,0.2,0.1,0.2,0.06,0.08,0.15,0.06,0.15
FRA-Ligue 1,2324,Lorient,Badredine Bouanani,ALG,MF,18,2004,11,4,443,4.9,1,0,1,1,0,0,0,0,1.4,1.4,0.9,2.3,30,32,27,0.2,0.0,0.2,0.2,0.2,0.28,0.18,0.46,0.28,0.46
FRA-Ligue 1,2324,Lorient,Bamba Dieng,SEN,FW,23,2000,16,5,549,6.1,4,1,5,4,0,0,3,0,3.2,3.2,1.6,4.8,5,4,44,0.66,0.16,0.82,0.66,0.82,0.53,0.27,0.79,0.53,0.79
FRA-Ligue 1,2324,Lorient,Bamo Meïté,CIV,DF,21,2001,2,2,146,1.6,0,0,0,0,0,0,0,0,0.0,0.0,0.0,0.0,0,1,0,0.0,0.0,0.0,0.0,0.0,0.0,0.0,0.0,0.0,0.0
FRA-Ligue 1,2324,Lorient,Bassirou Ndiaye,SEN,FW,21,2002,5,0,152,1.7,0,0,0,0,0,0,0,0,0.0,0.0,0.2,0.2,1,1,7,0.0,0.0,0.0,0.0,0.0,0.0,0.09,0.09,0.0,0.09
FRA-Ligue 1,2324,Lorient,Benjamin Mendy,FRA,DF,29,1994,15,7,711,7.9,2,1,3,2,0,0,3,0,1.1,1.1,1.9,3.0,26,34,85,0.25,0.13,0.38,0.25,0.38,0.14,0.24,0.38,0.14,0.38
FRA-Ligue 1,2324,Lorient,Bonke Innocent,NGA,MF,27,1996,4,3,210,2.3,0,0,0,0,0,0,1,0,0.0,0.0,0.1,0.1,0,13,2,0.0,0.0,0.0,0.0,0.0,0.01,0.03,0.05,0.01,0.05
FRA-Ligue 1,2324,Lorient,Darlin Yongwa,CMR,DF,22,2000,22,11,1159,12.9,1,1,2,1,0,0,3,0,0.7,0.7,1.4,2.1,39,43,81,0.08,0.08,0.16,0.08,0.16,0.06,0.1,0.16,0.06,0.16
FRA-Ligue 1,2324,Lorient,Dembo Sylla,GUI,DF,20,2002,1,0,45,0.5,0,0,0,0,0,0,0,0,0.1,0.1,0.0,0.1,0,1,6,0.0,0.0,0.0,0.0,0.0,0.21,0.0,0.21,0.21,0.21
FRA-Ligue 1,2324,Lorient,Eli Junior Kroupi,FRA,"FW,MF",17,2006,30,11,1084,12.0,5,3,8,5,0,0,1,0,3.5,3.5,1.8,5.3,10,12,63,0.42,0.25,0.66,0.42,0.66,0.29,0.15,0.44,0.29,0.44
FRA-Ligue 1,2324,Lorient,Formose Mendy,SEN,DF,22,2001,18,13,1256,14.0,0,0,0,0,0,0,6,0,0.3,0.3,0.1,0.4,14,61,13,0.0,0.0,0.0,0.0,0.0,0.02,0.0,0.03,0.02,0.03
FRA-Ligue 1,2324,Lorient,Gedeon Kalulu,COD,DF,25,1997,19,11,970,10.8,0,1,1,0,0,0,0,0,0.3,0.3,1.1,1.4,17,35,60,0.0,0.09,0.09,0.0,0.09,0.03,0.1,0.13,0.03,0.13
FRA-Ligue 1,2324,Lorient,Gino Caoki,FRA,MF,19,2004,1,0,7,0.1,0,0,0,0,0,0,0,0,0.0,0.0,0.0,0.0,1,0,0,0.0,0.0,0.0,0.0,0.0,0.0,0.0,0.0,0.0,0.0
FRA-Ligue 1,2324,Lorient,Ibrahima Koné,MLI,FW,24,1999,1,0,32,0.4,0,0,0,0,0,0,0,0,0.0,0.0,0.0,0.0,0,0,1,0.0,0.0,0.0,0.0,0.0,0.0,0.0,0.0,0.0,0.0
FRA-Ligue 1,2324,Lorient,Igor Carioca,BRA,"DF,MF",26,1996,5,2,262,2.9,0,0,0,0,0,0,2,0,0.0,0.0,0.3,0.3,6,8,16,0.0,0.0,0.0,0.0,0.0,0.01,0.09,0.1,0.01,0.1
FRA-Ligue 1,2324,Lorient,Imran Louza,MAR,MF,24,1999,14,10,863,9.6,1,3,4,1,0,0,1,0,1.1,1.1,2.5,3.6,19,83,36,0.1,0.31,0.42,0.1,0.42,0.11,0.27,0.37,0.11,0.37
FRA-Ligue 1,2324,Lorient,Jean-Victor Makengo,FRA,"MF,FW",25,1998,11,5,479,5.3,0,0,0,0,0,0,0,0,0.3,0.3,0.0,0.3,11,28,17,0.0,0.0,0.0,0.0,0.0,0.05,0.0,0.05,0.05,0.05
FRA-Ligue 1,2324,Lorient,Joel Mvuka,NOR,"DF,FW",20,2002,7,2,197,2.2,0,0,0,0,0,0,1,0,0.0,0.0,0.0,0.0,4,1,16,0.0,0.0,0.0,0.0,0.0,0.01,0.0,0.01,0.01,0.01
FRA-Ligue 1,2324,Lorient,Julien Laporte,FRA,DF,29,1993,23,20,1818,20.2,0,0,0,0,0,0,4,0,0.8,0.8,0.0,0.8,5,56,3,0.0,0.0,0.0,0.0,0.0,0.04,0.0,0.04,0.04,0.04
FRA-Ligue 1,2324,Lorient,Julien Ponceau,FRA,MF,22,2000,32,27,2244,24.9,3,2,5,3,0,0,5,0,3.3,3.3,2.7,5.9,106,154,152,0.12,0.08,0.2,0.12,0.2,0.13,0.11,0.24,0.13,0.24
FRA-Ligue 1,2324,Lorient,Laurent Abergel,FRA,MF,30,1993,33,32,2860,31.8,2,1,3,2,0,0,4,0,1.1,1.1,2.1,3.3,38,194,51,0.06,0.03,0.09,0.06,0.09,0.04,0.07,0.1,0.04,0.1
FRA-Ligue 1,2324,Lorient,Loris Mouyokolo,FRA,DF,22,2001,1,1,90,1.0,0,0,0,0,0,0,0,0,0.0,0.0,0.0,0.0,1,0,0,0.0,0.0,0.0,0.0,0.0,0.0,0.0,0.0,0.0,0.0
FRA-Ligue 1,2324,Lorient,Mohamed Bamba,CIV,FW,21,2001,16,14,1138,12.6,8,3,11,7,1,1,3,0,6.4,5.6,2.1,7.7,25,16,69,0.63,0.24,0.87,0.55,0.79,0.51,0.16,0.67,0.45,0.61
FRA-Ligue 1,2324,Lorient,Montassar Talbi,TUN,DF,25,1998,25,25,2204,24.5,0,0,0,0,0,0,2,0,0.6,0.6,0.2,0.8,15,88,7,0.0,0.0,0.0,0.0,0.0,0.02,0.01,0.03,0.02,0.03
FRA-Ligue 1,2324,Lorient,Nathaniel Adjei,GHA,DF,20,2002,15,14,1243,13.8,0,0,0,0,0,0,2,0,0.4,0.4,0.1,0.5,10,34,4,0.0,0.0,0.0,0.0,0.0,0.03,0.01,0.03,0.03,0.03
FRA-Ligue 1,2324,Lorient,Pablo Pagis,FRA,MF,20,2002,3,3,165,1.8,0,0,0,0,0,0,1,0,0.1,0.1,0.0,0.1,1,5,6,0.0,0.0,0.0,0.0,0.0,0.07,0.0,0.07,0.07,0.07
FRA-Ligue 1,2324,Lorient,Panos Katseris,GRE,DF,22,2001,15,13,1041,11.6,1,1,2,1,0,0,4,0,2.1,2.1,0.8,2.9,24,21,86,0.09,0.09,0.17,0.09,0.17,0.18,0.07,0.25,0.18,0.25
FRA-Ligue 1,2324,Lorient,Romain Faivre,FRA,"MF,FW",25,1998,17,16,1453,16.1,5,1,6,5,0,0,1,0,2.8,2.8,1.7,4.5,68,102,78,0.31,0.06,0.37,0.31,0.37,0.17,0.1,0.28,0.17,0.28
FRA-Ligue 1,2324,Lorient,Royce Openda Owaga,GAB,FW,21,2002,1,0,16,0.2,0,0,0,0,0,0,0,0,0.0,0.0,0.0,0.0,0,0,1,0.0,0.0,0.0,0.0,0.0,0.0,0.0,0.0,0.0,0.0
FRA-Ligue 1,2324,Lorient,Siriné Doucouré,MLI,FW,21,2002,11,5,423,4.7,1,3,4,1,0,0,2,0,0.9,0.9,1.3,2.2,14,5,35,0.21,0.64,0.85,0.21,0.85,0.2,0.28,0.47,0.2,0.47
FRA-Ligue 1,2324,Lorient,Souleymane Touré,FRA,DF,20,2003,24,23,2051,22.8,1,1,2,1,0,0,6,0,1.7,1.7,0.4,2.2,24,73,25,0.04,0.04,0.09,0.04,0.09,0.08,0.02,0.1,0.08,0.1
FRA-Ligue 1,2324,Lorient,Théo Le Bris,FRA,"DF,MF",20,2002,26,15,1516,16.8,0,2,2,0,0,0,2,0,1.2,1.2,1.6,2.8,56,58,117,0.0,0.12,0.12,0.0,0.12,0.07,0.1,0.17,0.07,0.17
FRA-Ligue 1,2324,Lorient,Tiemoué Bakayoko,FRA,MF,28,1994,20,15,1314,14.6,2,1,3,2,0,0,5,0,1.7,1.7,0.5,2.3,14,54,15,0.14,0.07,0.21,0.14,0.21,0.12,0.04,0.16,0.12,0.16
FRA-Ligue 1,2324,Lorient,Tosin Aiyegun,BEN,"MF,FW",25,1998,19,10,902,10.0,2,0,2,2,0,0,0,1,1.8,1.8,0.3,2.1,17,16,52,0.2,0.0,0.2,0.2,0.2,0.18,0.03,0.21,0.18,0.21
FRA-Ligue 1,2324,Lorient,Vincent Le Goff,FRA,"DF,MF",33,1989,9,8,541,6.0,1,1,2,1,0,0,1,0,0.1,0.1,0.9,1.0,9,22,51,0.17,0.17,0.33,0.17,0.33,0.02,0.15,0.17,0.02,0.17
FRA-Ligue 1,2324,Lorient,Yvon Mvogo,SUI,GK,29,1994,34,34,3060,34.0,0,0,0,0,0,0,1,0,0.0,0.0,0.0,0.0,0,0,0,0.0,0.0,0.0,0.0,0.0,0.0,0.0,0.0,0.0,0.0
FRA-Ligue 1,2324,Lyon,Adryelson,BRA,"DF,FW",25,1998,2,0,6,0.1,0,0,0,0,0,0,0,0,0.0,0.0,0.0,0.0,0,0,0,0.0,0.0,0.0,0.0,0.0,0.0,0.0,0.0,0.0,0.0
FRA-Ligue 1,2324,Lyon,Ainsley Maitland-Niles,ENG,"DF,MF",25,1997,23,16,1432,15.9,1,4,5,0,1,1,1,1,3.0,2.2,2.1,4.2,26,76,82,0.06,0.25,0.31,0.0,0.25,0.19,0.13,0.32,0.14,0.27
FRA-Ligue 1,2324,Lyon,Alexandre Lacazette,FRA,FW,32,1991,29,27,2293,25.5,19,2,21,17,2,2,3,1,11.4,9.8,1.9,11.7,22,61,144,0.75,0.08,0.82,0.67,0.75,0.45,0.07,0.52,0.39,0.46
FRA-Ligue 1,2324,Lyon,Amin Sarr,SWE,"FW,MF",22,2001,3,1,98,1.1,0,0,0,0,0,0,0,0,0.3,0.3,0.2,0.5,3,1,8,0.0,0.0,0.0,0.0,0.0,0.31,0.14,0.45,0.31,0.45
FRA-Ligue 1,2324,Lyon,Anthony Lopes,POR,GK,32,1990,31,31,2790,31.0,0,0,0,0,0,0,0,0,0.0,0.0,0.3,0.3,1,1,0,0.0,0.0,0.0,0.0,0.0,0.0,0.01,0.01,0.0,0.01
FRA-Ligue 1,2324,Lyon,Bradley Barcola,FRA,FW,20,2002,3,3,270,3.0,0,0,0,0,0,0,1,0,0.1,0.1,0.3,0.4,11,9,31,0.0,0.0,0.0,0.0,0.0,0.02,0.1,0.12,0.02,0.12
FRA-Ligue 1,2324,Lyon,Chaim El Djebali,TUN,MF,19,2004,1,0,12,0.1,0,0,0,0,0,0,0,0,0.0,0.0,0.0,0.0,1,2,0,0.0,0.0,0.0,0.0,0.0,0.0,0.0,0.0,0.0,0.0
FRA-Ligue 1,2324,Lyon,Clinton Mata,ANG,DF,30,1992,28,25,2220,24.7,0,3,3,0,0,0,6,0,0.6,0.6,2.2,2.8,32,97,60,0.0,0.12,0.12,0.0,0.12,0.02,0.09,0.11,0.02,0.11
FRA-Ligue 1,2324,Lyon,Corentin Tolisso,FRA,MF,28,1994,25,21,1741,19.3,2,1,3,1,1,1,5,0,3.2,2.4,1.8,4.2,30,153,67,0.1,0.05,0.16,0.05,0.1,0.17,0.09,0.26,0.13,0.22
FRA-Ligue 1,2324,Lyon,Dejan Lovren,CRO,DF,34,1989,10,8,718,8.0,0,0,0,0,0,0,2,1,0.4,0.4,0.0,0.5,5,20,1,0.0,0.0,0.0,0.0,0.0,0.06,0.0,0.06,0.06,0.06
FRA-Ligue 1,2324,Lyon,Diego Moreira,BEL,"FW,MF",18,2004,7,4,270,3.0,0,0,0,0,0,0,1,0,0.7,0.7,0.3,1.0,10,12,23,0.0,0.0,0.0,0.0,0.0,0.24,0.11,0.35,0.24,0.35
FRA-Ligue 1,2324,Lyon,Duje Ćaleta-Car,CRO,DF,26,1996,24,22,1993,22.1,0,0,0,0,0,0,2,1,0.5,0.5,1.0,1.5,5,61,1,0.0,0.0,0.0,0.0,0.0,0.02,0.05,0.07,0.02,0.07
FRA-Ligue 1,2324,Lyon,Ernest Nuamah,GHA,"FW,MF",19,2003,29,21,1838,20.4,3,2,5,3,0,0,4,0,4.0,4.0,3.8,7.8,105,74,237,0.15,0.1,0.24,0.15,0.24,0.2,0.19,0.38,0.2,0.38
FRA-Ligue 1,2324,Lyon,Gift Orban,NGA,FW,21,2002,13,5,474,5.3,1,0,1,1,0,0,2,0,1.1,1.1,0.0,1.1,8,6,33,0.19,0.0,0.19,0.19,0.19,0.21,0.0,0.21,0.21,0.21
FRA-Ligue 1,2324,Lyon,Henrique,BRA,DF,29,1994,11,6,607,6.7,1,0,1,1,0,0,2,0,0.3,0.3,0.4,0.8,20,36,33,0.15,0.0,0.15,0.15,0.15,0.05,0.06,0.11,0.05,0.11
FRA-Ligue 1,2324,Lyon,Jake O'Brien,IRL,DF,22,2001,27,27,2369,26.3,4,2,6,4,0,0,4,1,3.6,3.6,1.1,4.7,15,68,2,0.15,0.08,0.23,0.15,0.23,0.14,0.04,0.18,0.14,0.18
FRA-Ligue 1,2324,Lyon,Jeffinho,BRA,"FW,MF",23,1999,10,3,308,3.4,1,1,2,1,0,0,0,0,1.0,1.0,0.6,1.6,15,14,36,0.29,0.29,0.58,0.29,0.58,0.3,0.18,0.48,0.3,0.48
FRA-Ligue 1,2324,Lyon,Johann Lepenant,FRA,MF,20,2002,6,2,253,2.8,0,0,0,0,0,0,1,0,0.1,0.1,0.1,0.2,5,24,6,0.0,0.0,0.0,0.0,0.0,0.05,0.03,0.08,0.05,0.08
FRA-Ligue 1,2324,Lyon,Mahamadou Diawara,FRA,MF,18,2005,11,4,358,4.0,0,0,0,0,0,0,2,0,0.7,0.7,0.1,0.9,13,20,14,0.0,0.0,0.0,0.0,0.0,0.19,0.03,0.22,0.19,0.22
FRA-Ligue 1,2324,Lyon,Malick Fofana,BEL,FW,18,2005,17,4,559,6.2,3,0,3,3,0,0,0,0,1.8,1.8,0.5,2.4,26,10,60,0.48,0.0,0.48,0.48,0.48,0.29,0.09,0.38,0.29,0.38
FRA-Ligue 1,2324,Lyon,Mama Samba Baldé,GNB,"FW,MF",27,1995,20,4,551,6.1,2,3,5,2,0,0,1,0,3.4,3.4,2.3,5.7,23,11,73,0.33,0.49,0.82,0.33,0.82,0.55,0.38,0.94,0.55,0.94
FRA-Ligue 1,2324,Lyon,Mamadou Sarr,FRA,DF,17,2005,1,0,8,0.1,0,0,0,0,0,0,0,0,0.0,0.0,0.0,0.0,0,0,0,0.0,0.0,0.0,0.0,0.0,0.0,0.0,0.0,0.0,0.0
FRA-Ligue 1,2324,Lyon,Maxence Caqueret,FRA,MF,23,2000,34,34,3022,33.6,1,3,4,1,0,0,1,0,2.1,2.1,6.0,8.1,70,286,96,0.03,0.09,0.12,0.03,0.12,0.06,0.18,0.24,0.06,0.24
FRA-Ligue 1,2324,Lyon,Mohamed El Arouch,FRA,FW,19,2004,1,0,2,0.0,0,0,0,0,0,0,0,0,0.0,0.0,0.0,0.0,0,0,0,0.0,0.0,0.0,0.0,0.0,0.0,0.0,0.0,0.0,0.0
FRA-Ligue 1,2324,Lyon,Nemanja Matić,SRB,MF,34,1988,15,15,1254,13.9,0,0,0,0,0,0,2,0,0.3,0.3,0.6,0.9,26,118,17,0.0,0.0,0.0,0.0,0.0,0.02,0.04,0.06,0.02,0.06
FRA-Ligue 1,2324,Lyon,Nicolás Tagliafico,ARG,DF,30,1992,25,25,2123,23.6,3,1,4,3,0,0,7,1,2.6,2.6,1.0,3.5,32,105,119,0.13,0.04,0.17,0.13,0.17,0.11,0.04,0.15,0.11,0.15
FRA-Ligue 1,2324,Lyon,Orel Mangala,BEL,MF,25,1998,8,4,398,4.4,2,0,2,2,0,0,0,0,1.0,1.0,0.7,1.6,9,26,21,0.45,0.0,0.45,0.45,0.45,0.22,0.15,0.37,0.22,0.37
FRA-Ligue 1,2324,Lyon,Paul Akouokou,CIV,MF,25,1997,8,4,307,3.4,0,0,0,0,0,0,1,0,0.1,0.1,0.0,0.1,0,13,2,0.0,0.0,0.0,0.0,0.0,0.02,0.0,0.02,0.02,0.02
FRA-Ligue 1,2324,Lyon,Rayan Cherki,FRA,"MF,FW",19,2003,33,19,1719,19.1,1,6,7,1,0,0,0,0,5.2,5.2,4.2,9.4,93,138,182,0.05,0.31,0.37,0.05,0.37,0.27,0.22,0.49,0.27,0.49
FRA-Ligue 1,2324,Lyon,Rémy Riou,FRA,GK,35,1987,3,3,270,3.0,0,0,0,0,0,0,0,0,0.0,0.0,0.0,0.0,0,0,0,0.0,0.0,0.0,0.0,0.0,0.0,0.0,0.0,0.0,0.0
FRA-Ligue 1,2324,Lyon,Sael Kumbedi,FRA,DF,18,2005,17,8,924,10.3,0,1,1,0,0,0,3,0,0.2,0.2,0.7,1.0,19,42,75,0.0,0.1,0.1,0.0,0.1,0.02,0.07,0.09,0.02,0.09
FRA-Ligue 1,2324,Lyon,Saïd Benrahma,ALG,"FW,MF",27,1995,12,10,770,8.6,3,3,6,3,0,0,2,0,1.6,1.6,3.6,5.2,46,34,113,0.35,0.35,0.7,0.35,0.7,0.19,0.42,0.61,0.19,0.61
FRA-Ligue 1,2324,Lyon,Sinaly Diomande,CIV,DF,22,2001,10,10,889,9.9,0,0,0,0,0,0,2,0,1.0,1.0,0.7,1.7,5,43,0,0.0,0.0,0.0,0.0,0.0,0.1,0.07,0.17,0.1,0.17
FRA-Ligue 1,2324,Lyon,Skelly Alvero,FRA,MF,21,2002,8,6,426,4.7,1,0,1,1,0,0,2,0,0.4,0.4,0.0,0.4,3,27,13,0.21,0.0,0.21,0.21,0.21,0.09,0.0,0.09,0.09,0.09
FRA-Ligue 1,2324,Lyon,Tino Kadewere,ZIM,"FW,MF",27,1996,11,2,296,3.3,0,0,0,0,0,0,0,0,0.7,0.7,0.3,0.9,4,12,28,0.0,0.0,0.0,0.0,0.0,0.2,0.09,0.28,0.2,0.28
FRA-Ligue 1,2324,Marseille,Amine Harit,MAR,"MF,FW",26,1997,28,21,1821,20.2,1,2,3,1,0,0,5,0,3.7,3.7,3.7,7.4,84,127,112,0.05,0.1,0.15,0.05,0.15,0.18,0.18,0.37,0.18,0.37
FRA-Ligue 1,2324,Marseille,Azzedine Ounahi,MAR,MF,23,2000,21,15,1209,13.4,2,0,2,2,0,0,3,0,1.0,1.0,1.4,2.4,32,98,70,0.15,0.0,0.15,0.15,0.15,0.07,0.11,0.18,0.07,0.18
FRA-Ligue 1,2324,Marseille,Bamo Meïté,CIV,DF,21,2001,16,6,638,7.1,0,0,0,0,0,0,1,0,0.1,0.1,0.0,0.1,11,29,5,0.0,0.0,0.0,0.0,0.0,0.01,0.0,0.01,0.01,0.01
FRA-Ligue 1,2324,Marseille,Bilal Nadir,MAR,"MF,FW",19,2003,5,1,113,1.3,0,0,0,0,0,0,1,0,0.1,0.1,0.1,0.2,3,4,7,0.0,0.0,0.0,0.0,0.0,0.08,0.09,0.17,0.08,0.17
FRA-Ligue 1,2324,Marseille,Chancel Mbemba,COD,DF,28,1994,25,25,2207,24.5,2,2,4,2,0,0,1,0,1.8,1.8,1.0,2.8,16,131,10,0.08,0.08,0.16,0.08,0.16,0.07,0.04,0.12,0.07,0.12
FRA-Ligue 1,2324,Marseille,Emran Soglo,FRA,"MF,DF",18,2005,3,1,109,1.2,1,1,2,1,0,0,1,0,0.1,0.1,0.2,0.2,1,3,8,0.83,0.83,1.65,0.83,1.65,0.07,0.13,0.2,0.07,0.2
FRA-Ligue 1,2324,Marseille,Faris Pemi Moumbagna,CMR,FW,23,2000,13,5,547,6.1,3,1,4,3,0,0,2,1,1.7,1.7,1.1,2.8,6,16,32,0.49,0.16,0.66,0.49,0.66,0.28,0.18,0.47,0.28,0.47
FRA-Ligue 1,2324,Marseille,François Mughe,CMR,"MF,DF",19,2004,5,2,177,2.0,0,0,0,0,0,0,1,0,0.1,0.1,0.1,0.2,7,7,16,0.0,0.0,0.0,0.0,0.0,0.05,0.05,0.1,0.05,0.1
FRA-Ligue 1,2324,Marseille,Geoffrey Kondogbia,CTA,MF,30,1993,26,15,1463,16.3,0,0,0,0,0,0,3,0,0.4,0.4,0.5,0.9,7,93,25,0.0,0.0,0.0,0.0,0.0,0.02,0.03,0.06,0.02,0.06
FRA-Ligue 1,2324,Marseille,Iliman Ndiaye,SEN,"FW,MF",23,2000,30,19,1618,18.0,3,3,6,3,0,0,0,1,4.5,4.5,2.6,7.1,51,62,152,0.17,0.17,0.33,0.17,0.33,0.25,0.15,0.39,0.25,0.39
FRA-Ligue 1,2324,Marseille,Ismaila Sarr,SEN,"FW,MF",25,1998,23,15,1447,16.1,3,4,7,3,0,0,1,0,3.2,3.2,2.5,5.7,49,36,152,0.19,0.25,0.44,0.19,0.44,0.2,0.15,0.35,0.2,0.35
FRA-Ligue 1,2324,Marseille,Jean Onana,CMR,MF,23,2000,13,5,566,6.3,1,0,1,1,0,0,1,0,0.8,0.8,0.1,0.9,9,32,9,0.16,0.0,0.16,0.16,0.16,0.13,0.01,0.15,0.13,0.15
FRA-Ligue 1,2324,Marseille,Joaquín Correa,ARG,"FW,MF",28,1994,12,6,430,4.8,0,0,0,0,0,0,2,0,0.6,0.6,0.7,1.4,9,25,57,0.0,0.0,0.0,0.0,0.0,0.13,0.16,0.29,0.13,0.29
FRA-Ligue 1,2324,Marseille,Jonathan Clauss,FRA,DF,30,1992,27,25,2068,23.0,3,4,7,3,0,0,2,1,1.3,1.3,4.6,5.9,59,137,172,0.13,0.17,0.3,0.13,0.3,0.06,0.2,0.26,0.06,0.26
FRA-Ligue 1,2324,Marseille,Jordan Veretout,FRA,MF,30,1993,29,24,2183,24.3,1,2,3,1,0,0,4,0,2.9,2.9,5.0,7.9,53,194,81,0.04,0.08,0.12,0.04,0.12,0.12,0.21,0.33,0.12,0.33
FRA-Ligue 1,2324,Marseille,Keyliane Abdallah,FRA,FW,17,2006,1,0,4,0.0,0,0,0,0,0,0,0,0,0.0,0.0,0.0,0.0,0,0,0,0.0,0.0,0.0,0.0,0.0,0.0,0.0,0.0,0.0,0.0
FRA-Ligue 1,2324,Marseille,Leonardo Balerdi,ARG,DF,24,1999,27,26,2271,25.2,2,0,2,2,0,0,6,1,0.9,0.9,0.2,1.0,19,122,6,0.08,0.0,0.08,0.08,0.08,0.03,0.01,0.04,0.03,0.04
FRA-Ligue 1,2324,Marseille,Luis Henrique,BRA,"FW,DF",21,2001,15,8,784,8.7,1,0,1,1,0,0,0,0,1.3,1.3,0.7,2.0,30,40,84,0.11,0.0,0.11,0.11,0.11,0.15,0.08,0.23,0.15,0.23
FRA-Ligue 1,2324,Marseille,Mattéo Guendouzi,FRA,MF,24,1999,2,0,19,0.2,0,0,0,0,0,0,0,0,0.5,0.5,0.0,0.5,2,1,1,0.0,0.0,0.0,0.0,0.0,2.59,0.0,2.59,2.59,2.59
FRA-Ligue 1,2324,Marseille,Michael Amir Murillo,PAN,DF,27,1996,16,10,997,11.1,3,2,5,3,0,0,3,0,0.8,0.8,1.2,2.0,6,35,52,0.27,0.18,0.45,0.27,0.45,0.07,0.11,0.18,0.07,0.18
FRA-Ligue 1,2324,Marseille,Noam Mayoka-Tika,BEL,MF,19,2003,1,0,1,0.0,0,0,0,0,0,0,0,0,0.0,0.0,0.0,0.0,0,0,0,0.0,0.0,0.0,0.0,0.0,0.0,0.0,0.0,0.0,0.0
FRA-Ligue 1,2324,Marseille,Pape Gueye,SEN,"MF,DF",24,1999,15,9,765,8.5,1,0,1,1,0,0,2,0,0.4,0.4,0.8,1.2,8,61,18,0.12,0.0,0.12,0.12,0.12,0.05,0.09,0.14,0.05,0.14
FRA-Ligue 1,2324,Marseille,Pau López,ESP,GK,28,1994,33,33,2939,32.7,0,0,0,0,0,0,1,0,0.0,0.0,0.5,0.5,0,0,0,0.0,0.0,0.0,0.0,0.0,0.0,0.01,0.01,0.0,0.01
FRA-Ligue 1,2324,Marseille,Pierre-Emerick Aubameyang,GAB,FW,34,1989,34,30,2622,29.1,17,8,25,13,4,4,4,0,20.5,17.3,5.6,23.0,68,58,235,0.58,0.27,0.86,0.45,0.72,0.7,0.19,0.9,0.59,0.79
FRA-Ligue 1,2324,Marseille,Quentin Merlin,FRA,DF,21,2002,10,8,703,7.8,0,1,1,0,0,0,1,0,0.1,0.1,1.1,1.3,15,46,56,0.0,0.13,0.13,0.0,0.13,0.02,0.15,0.16,0.02,0.16
FRA-Ligue 1,2324,Marseille,Raimane Daou,COM,"DF,MF",18,2004,1,0,25,0.3,0,0,0,0,0,0,0,0,0.0,0.0,0.0,0.0,0,0,1,0.0,0.0,0.0,0.0,0.0,0.0,0.0,0.0,0.0,0.0
FRA-Ligue 1,2324,Marseille,Renan Lodi,BRA,DF,25,1998,14,14,1235,13.7,0,0,0,0,0,0,6,0,0.3,0.3,1.3,1.6,25,51,77,0.0,0.0,0.0,0.0,0.0,0.02,0.1,0.12,0.02,0.12
FRA-Ligue 1,2324,Marseille,Rubén Blanco,ESP,GK,28,1995,2,1,121,1.3,0,0,0,0,0,0,0,0,0.0,0.0,0.0,0.0,0,2,0,0.0,0.0,0.0,0.0,0.0,0.0,0.0,0.0,0.0,0.0
FRA-Ligue 1,2324,Marseille,Samuel Gigot,FRA,DF,29,1993,21,20,1726,19.2,3,0,3,3,0,0,7,1,2.4,2.4,0.9,3.3,10,54,8,0.16,0.0,0.16,0.16,0.16,0.12,0.04,0.17,0.12,0.17
FRA-Ligue 1,2324,Marseille,Sofiane Sidi Ali,FRA,MF,28,1995,2,0,18,0.2,0,0,0,0,0,0,0,0,0.0,0.0,0.0,0.0,0,1,3,0.0,0.0,0.0,0.0,0.0,0.12,0.0,0.12,0.12,0.12
FRA-Ligue 1,2324,Marseille,Ulisses Garcia,SUI,DF,27,1996,13,10,906,10.1,0,0,0,0,0,0,0,0,0.5,0.5,0.9,1.4,21,52,66,0.0,0.0,0.0,0.0,0.0,0.05,0.09,0.14,0.05,0.14
FRA-Ligue 1,2324,Marseille,Valentin Rongier,FRA,MF,28,1994,10,10,851,9.5,0,0,0,0,0,0,2,0,0.6,0.6,0.8,1.4,19,73,10,0.0,0.0,0.0,0.0,0.0,0.06,0.09,0.15,0.06,0.15
FRA-Ligue 1,2324,Marseille,Vitinha,POR,FW,23,2000,18,10,923,10.3,3,2,5,3,0,0,1,0,5.1,5.1,2.9,8.0,15,23,84,0.29,0.2,0.49,0.29,0.49,0.5,0.28,0.78,0.5,0.78
FRA-Ligue 1,2324,Metz,Ablie Jallow,GAM,"MF,FW",24,1998,17,10,918,10.2,3,2,5,2,1,1,1,0,2.0,1.2,1.0,2.2,29,42,53,0.29,0.2,0.49,0.2,0.39,0.19,0.1,0.29,0.12,0.22
FRA-Ligue 1,2324,Metz,Abou Lô,SEN,"MF,DF",23,2000,6,2,197,2.2,0,0,0,0,0,0,0,1,0.1,0.1,0.3,0.5,0,4,2,0.0,0.0,0.0,0.0,0.0,0.06,0.16,0.22,0.06,0.22
FRA-Ligue 1,2324,Metz,Alexandre Oukidja,ALG,GK,35,1988,34,34,2987,33.2,0,0,0,0,0,0,3,0,0.0,0.0,0.0,0.0,1,3,0,0.0,0.0,0.0,0.0,0.0,0.0,0.0,0.0,0.0,0.0
FRA-Ligue 1,2324,Metz,Arthur Atta,FRA,"MF,FW",20,2003,21,10,924,10.3,1,2,3,1,0,0,0,0,0.6,0.6,1.3,1.9,16,48,22,0.1,0.19,0.29,0.1,0.29,0.06,0.13,0.18,0.06,0.18
FRA-Ligue 1,2324,Metz,Benjamin Tetteh,GHA,"FW,MF",26,1997,12,1,278,3.1,0,0,0,0,0,0,2,0,0.3,0.3,0.1,0.3,3,6,13,0.0,0.0,0.0,0.0,0.0,0.08,0.03,0.11,0.08,0.11
FRA-Ligue 1,2324,Metz,Cheikh Tidiane Sabaly,SEN,"FW,MF",24,1999,29,17,1379,15.3,3,1,4,3,0,0,4,0,2.7,2.7,1.2,3.8,37,36,75,0.2,0.07,0.26,0.2,0.26,0.17,0.08,0.25,0.17,0.25
FRA-Ligue 1,2324,Metz,Christophe Hérelle,MTQ,DF,30,1992,19,18,1617,18.0,0,0,0,0,0,0,4,1,0.1,0.1,0.0,0.1,1,41,1,0.0,0.0,0.0,0.0,0.0,0.01,0.0,0.01,0.01,0.01
FRA-Ligue 1,2324,Metz,Danley Jean-Jacques,HAI,MF,23,2000,33,30,2682,29.8,0,0,0,0,0,0,5,0,2.9,2.9,0.6,3.5,35,84,53,0.0,0.0,0.0,0.0,0.0,0.1,0.02,0.12,0.1,0.12
FRA-Ligue 1,2324,Metz,Didier Lamkel Zé,CMR,"FW,MF",26,1996,9,7,550,6.1,1,0,1,1,0,0,1,0,1.6,1.6,0.9,2.5,15,19,23,0.16,0.0,0.16,0.16,0.16,0.26,0.15,0.41,0.26,0.41
FRA-Ligue 1,2324,Metz,Fali Candé,GNB,DF,25,1998,25,20,1849,20.5,0,1,1,0,0,0,4,0,0.8,0.8,0.5,1.3,4,38,3,0.0,0.05,0.05,0.0,0.05,0.04,0.02,0.06,0.04,0.06
FRA-Ligue 1,2324,Metz,Georges Mikautadze,GEO,FW,22,2000,20,20,1747,19.4,13,4,17,10,3,3,0,1,9.5,7.2,2.4,9.5,52,51,95,0.67,0.21,0.88,0.52,0.72,0.49,0.12,0.61,0.37,0.49
FRA-Ligue 1,2324,Metz,Guillaume Dietsch,FRA,GK,22,2001,1,0,73,0.8,0,0,0,0,0,0,0,0,0.0,0.0,0.0,0.0,0,0,0,0.0,0.0,0.0,0.0,0.0,0.0,0.0,0.0,0.0,0.0
FRA-Ligue 1,2324,Metz,Habib Maïga,CIV,"MF,FW",27,1996,7,1,147,1.6,0,0,0,0,0,0,0,0,0.1,0.1,0.0,0.1,1,3,1,0.0,0.0,0.0,0.0,0.0,0.07,0.0,0.07,0.07,0.07
FRA-Ligue 1,2324,Metz,Ibou Sané,SEN,"MF,FW",18,2005,9,0,128,1.4,1,0,1,1,0,0,1,0,0.7,0.7,0.0,0.7,6,7,8,0.7,0.0,0.7,0.7,0.7,0.49,0.03,0.51,0.49,0.51
FRA-Ligue 1,2324,Metz,Ismaël Traoré,CIV,DF,36,1986,26,25,2220,24.7,2,0,2,2,0,0,2,0,0.8,0.8,0.2,1.0,1,32,1,0.08,0.0,0.08,0.08,0.08,0.03,0.01,0.04,0.03,0.04
FRA-Ligue 1,2324,Metz,Joel Asoro,SWE,"FW,MF",24,1999,20,10,848,9.4,2,1,3,2,0,0,2,0,0.6,0.6,0.3,0.9,14,16,43,0.21,0.11,0.32,0.21,0.32,0.06,0.03,0.09,0.06,0.09
FRA-Ligue 1,2324,Metz,Joseph Nduquidi,FRA,"MF,DF",18,2004,13,7,751,8.3,0,0,0,0,0,0,2,0,0.2,0.2,0.1,0.2,6,22,4,0.0,0.0,0.0,0.0,0.0,0.02,0.01,0.03,0.02,0.03
FRA-Ligue 1,2324,Metz,Koffi Kouao,CIV,DF,25,1998,13,10,860,9.6,0,2,2,0,0,0,2,0,0.2,0.2,1.5,1.7,10,29,29,0.0,0.21,0.21,0.0,0.21,0.02,0.16,0.18,0.02,0.18
FRA-Ligue 1,2324,Metz,Kévin N'Doram,FRA,MF,27,1996,23,18,1604,17.8,0,2,2,0,0,0,4,0,0.3,0.3,0.5,0.8,12,62,3,0.0,0.11,0.11,0.0,0.11,0.02,0.03,0.05,0.02,0.05
FRA-Ligue 1,2324,Metz,Kévin Van Den Kerkhof,ALG,"FW,MF",27,1996,29,21,1913,21.3,1,2,3,1,0,0,2,0,1.5,1.5,3.5,5.0,65,28,145,0.05,0.09,0.14,0.05,0.14,0.07,0.16,0.24,0.07,0.24
FRA-Ligue 1,2324,Metz,Lamine Camara,SEN,MF,19,2004,31,26,2255,25.1,1,4,5,1,0,1,3,0,2.2,1.4,3.3,4.7,23,97,69,0.04,0.16,0.2,0.04,0.2,0.09,0.13,0.22,0.06,0.19
FRA-Ligue 1,2324,Metz,Malick Mbaye,SEN,"MF,FW",19,2004,5,1,153,1.7,0,0,0,0,0,0,1,0,0.4,0.4,0.2,0.6,8,1,20,0.0,0.0,0.0,0.0,0.0,0.26,0.11,0.37,0.26,0.37
FRA-Ligue 1,2324,Metz,Matthieu Udol,FRA,DF,27,1996,30,30,2700,30.0,3,3,6,3,0,0,5,0,1.4,1.4,3.1,4.5,46,98,86,0.1,0.1,0.2,0.1,0.2,0.05,0.1,0.15,0.05,0.15
FRA-Ligue 1,2324,Metz,Maxime Colin,FRA,DF,31,1991,22,22,1832,20.4,0,0,0,0,0,0,3,0,0.3,0.3,0.4,0.7,23,67,22,0.0,0.0,0.0,0.0,0.0,0.02,0.02,0.04,0.02,0.04
FRA-Ligue 1,2324,Metz,N'Guessan Kouadio,CIV,"MF,FW",20,2003,6,1,110,1.2,0,0,0,0,0,0,0,0,0.1,0.1,0.0,0.1,1,5,2,0.0,0.0,0.0,0.0,0.0,0.07,0.0,0.07,0.07,0.07
FRA-Ligue 1,2324,Metz,Oscar Estupiñan,COL,FW,26,1996,6,4,260,2.9,0,0,0,0,0,0,0,0,0.5,0.5,0.0,0.5,5,2,8,0.0,0.0,0.0,0.0,0.0,0.18,0.01,0.18,0.18,0.18
FRA-Ligue 1,2324,Metz,Papa Amadou Diallo,SEN,FW,19,2004,16,9,889,9.9,2,1,3,2,0,0,1,0,2.6,2.6,0.9,3.5,25,30,65,0.2,0.1,0.3,0.2,0.3,0.26,0.09,0.35,0.26,0.35
FRA-Ligue 1,2324,Metz,Sadibou Sané,SEN,DF,19,2004,14,9,846,9.4,0,0,0,0,0,0,1,0,0.4,0.4,0.0,0.4,8,19,8,0.0,0.0,0.0,0.0,0.0,0.04,0.0,0.04,0.04,0.04
FRA-Ligue 1,2324,Metz,Simon Elisor,FRA,FW,24,1999,14,9,767,8.5,1,0,1,1,0,1,1,0,2.3,1.5,0.9,2.4,9,14,43,0.12,0.0,0.12,0.12,0.12,0.27,0.11,0.38,0.18,0.29
FRA-Ligue 1,2324,Metz,Youssef Maziz,FRA,"FW,MF",25,1998,2,2,124,1.4,1,0,1,1,0,0,0,0,0.1,0.1,0.1,0.2,2,6,2,0.73,0.0,0.73,0.73,0.73,0.08,0.04,0.12,0.08,0.12
FRA-Ligue 1,2324,Monaco,Aleksandr Golovin,RUS,"MF,FW",27,1996,25,25,2147,23.9,6,6,12,6,0,0,8,1,3.4,3.4,4.7,8.0,50,172,157,0.25,0.25,0.5,0.25,0.5,0.14,0.2,0.34,0.14,0.34
FRA-Ligue 1,2324,Monaco,Antonin Cartillier,FRA,DF,19,2004,1,0,8,0.1,0,0,0,0,0,0,0,0,0.0,0.0,0.0,0.0,1,0,0,0.0,0.0,0.0,0.0,0.0,0.0,0.0,0.0,0.0,0.0
FRA-Ligue 1,2324,Monaco,Breel Embolo,SUI,FW,26,1997,5,2,182,2.0,1,0,1,1,0,0,0,0,0.7,0.7,0.1,0.8,8,7,20,0.49,0.0,0.49,0.49,0.49,0.35,0.06,0.41,0.35,0.41
FRA-Ligue 1,2324,Monaco,Caio Henrique Oliveira Silva,BRA,DF,26,1997,9,7,623,6.9,0,5,5,0,0,0,0,0,0.2,0.2,1.3,1.5,16,33,54,0.0,0.72,0.72,0.0,0.72,0.03,0.18,0.22,0.03,0.22
FRA-Ligue 1,2324,Monaco,Chrislain Matsima,FRA,DF,21,2002,6,3,298,3.3,0,1,1,0,0,0,2,0,0.1,0.1,0.1,0.2,5,31,5,0.0,0.3,0.3,0.0,0.3,0.04,0.02,0.06,0.04,0.06
FRA-Ligue 1,2324,Monaco,Denis Zakaria,SUI,"MF,DF",26,1996,25,24,2137,23.7,4,0,4,4,0,0,13,2,1.4,1.4,1.1,2.5,27,107,23,0.17,0.0,0.17,0.17,0.17,0.06,0.05,0.11,0.06,0.11
FRA-Ligue 1,2324,Monaco,Edan Diop,FRA,"MF,DF",18,2004,10,0,163,1.8,0,0,0,0,0,0,3,0,0.0,0.0,0.0,0.0,4,7,11,0.0,0.0,0.0,0.0,0.0,0.0,0.0,0.0,0.0,0.0
FRA-Ligue 1,2324,Monaco,Eliesse Ben Seghir,MAR,"MF,FW",18,2005,13,4,428,4.8,2,1,3,2,0,0,0,1,0.8,0.8,0.5,1.3,26,21,56,0.42,0.21,0.63,0.42,0.63,0.17,0.1,0.27,0.17,0.27
FRA-Ligue 1,2324,Monaco,Eliot Matazo,BEL,MF,21,2002,6,0,102,1.1,0,1,1,0,0,0,2,0,0.1,0.1,1.0,1.1,2,10,2,0.0,0.88,0.88,0.0,0.88,0.07,0.91,0.98,0.07,0.98
FRA-Ligue 1,2324,Monaco,Folarin Balogun,USA,FW,22,2001,29,19,1692,18.8,7,5,12,7,0,3,1,0,11.0,8.5,3.3,11.8,35,30,199,0.37,0.27,0.64,0.37,0.64,0.59,0.18,0.76,0.45,0.63
FRA-Ligue 1,2324,Monaco,Guillermo Maripán,CHI,DF,29,1994,23,21,1767,19.6,1,0,1,1,0,0,0,1,0.4,0.4,0.5,0.9,4,59,5,0.05,0.0,0.05,0.05,0.05,0.02,0.02,0.05,0.02,0.05
FRA-Ligue 1,2324,Monaco,Ismail Jakobs,SEN,DF,23,1999,22,16,1466,16.3,1,2,3,1,0,0,0,0,1.3,1.3,1.8,3.1,44,56,133,0.06,0.12,0.18,0.06,0.18,0.08,0.11,0.19,0.08,0.19
FRA-Ligue 1,2324,Monaco,Kassoum Ouattara,FRA,"DF,FW",18,2004,14,7,636,7.1,1,0,1,1,0,0,2,0,1.3,1.3,1.3,2.6,32,22,67,0.14,0.0,0.14,0.14,0.14,0.18,0.19,0.37,0.18,0.37
FRA-Ligue 1,2324,Monaco,Krépin Diatta,SEN,"DF,FW",24,1999,26,12,1206,13.4,0,2,2,0,0,0,2,0,0.5,0.5,1.8,2.3,48,80,95,0.0,0.15,0.15,0.0,0.15,0.04,0.13,0.17,0.04,0.17
FRA-Ligue 1,2324,Monaco,Lucas Michal,FRA,FW,18,2005,1,0,7,0.1,0,0,0,0,0,0,0,0,0.0,0.0,0.0,0.0,1,0,0,0.0,0.0,0.0,0.0,0.0,0.0,0.0,0.0,0.0,0.0
FRA-Ligue 1,2324,Monaco,Maghnes Akliouche,FRA,"MF,FW",21,2002,28,18,1613,17.9,7,4,11,7,0,0,5,0,5.4,5.4,3.5,8.9,46,93,135,0.39,0.22,0.61,0.39,0.61,0.3,0.19,0.49,0.3,0.49
FRA-Ligue 1,2324,Monaco,Mamadou Coulibaly,FRA,MF,19,2004,5,1,118,1.3,0,0,0,0,0,0,0,0,0.2,0.2,0.1,0.2,2,5,7,0.0,0.0,0.0,0.0,0.0,0.13,0.04,0.18,0.13,0.18
FRA-Ligue 1,2324,Monaco,Mohamed Camara,MLI,MF,23,2000,20,14,1035,11.5,1,2,3,0,1,1,4,0,1.5,0.7,0.6,1.3,14,76,22,0.09,0.17,0.26,0.0,0.17,0.13,0.06,0.18,0.06,0.11
FRA-Ligue 1,2324,Monaco,Mohammed Salisu,GHA,DF,24,1999,12,11,1035,11.5,0,1,1,0,0,0,2,0,0.2,0.2,0.2,0.5,7,72,6,0.0,0.09,0.09,0.0,0.09,0.02,0.02,0.04,0.02,0.04
FRA-Ligue 1,2324,Monaco,Myron Boadu,NED,FW,22,2001,9,0,85,0.9,1,0,1,1,0,0,0,0,0.4,0.4,0.0,0.4,3,1,9,1.06,0.0,1.06,1.06,1.06,0.46,0.0,0.46,0.46,0.46
FRA-Ligue 1,2324,Monaco,Philipp Köhn,SUI,GK,25,1998,22,22,1980,22.0,0,0,0,0,0,0,0,0,0.0,0.0,0.0,0.0,0,0,0,0.0,0.0,0.0,0.0,0.0,0.0,0.0,0.0,0.0,0.0
FRA-Ligue 1,2324,Monaco,Radosław Majecki,POL,GK,23,1999,12,12,1080,12.0,0,0,0,0,0,0,1,0,0.0,0.0,0.0,0.0,0,1,0,0.0,0.0,0.0,0.0,0.0,0.0,0.0,0.0,0.0,0.0
FRA-Ligue 1,2324,Monaco,Saïmon Bouabré,FRA,MF,17,2006,1,0,45,0.5,0,0,0,0,0,0,0,0,0.0,0.0,0.0,0.0,2,3,5,0.0,0.0,0.0,0.0,0.0,0.0,0.0,0.0,0.0,0.0
FRA-Ligue 1,2324,Monaco,Soungoutou Magassa,FRA,"DF,MF",19,2003,21,15,1346,15.0,0,0,0,0,0,0,7,0,0.6,0.6,0.1,0.8,7,92,13,0.0,0.0,0.0,0.0,0.0,0.04,0.01,0.05,0.04,0.05
FRA-Ligue 1,2324,Monaco,Takumi Minamino,JPN,MF,28,1995,30,25,2117,23.5,9,6,15,9,0,0,4,0,5.9,5.9,4.9,10.8,48,97,198,0.38,0.26,0.64,0.38,0.64,0.25,0.21,0.46,0.25,0.46
FRA-Ligue 1,2324,Monaco,Thilo Kehrer,GER,DF,26,1996,15,15,1323,14.7,1,1,2,1,0,0,4,1,0.7,0.7,1.1,1.8,13,90,16,0.07,0.07,0.14,0.07,0.14,0.05,0.07,0.12,0.05,0.12
FRA-Ligue 1,2324,Monaco,Vanderson,BRA,DF,22,2001,20,20,1641,18.2,3,1,4,3,0,0,6,1,2.1,2.1,1.4,3.5,26,71,129,0.16,0.05,0.22,0.16,0.22,0.12,0.08,0.19,0.12,0.19
FRA-Ligue 1,2324,Monaco,Wilfried Singo,CIV,DF,22,2000,25,24,2187,24.3,1,1,2,1,0,0,8,1,0.8,0.8,1.0,1.9,38,145,31,0.04,0.04,0.08,0.04,0.08,0.03,0.04,0.08,0.03,0.08
FRA-Ligue 1,2324,Monaco,Wissam Ben Yedder,FRA,FW,32,1990,32,26,2316,25.7,16,2,18,15,1,1,2,0,12.4,11.6,4.3,15.9,52,96,229,0.62,0.08,0.7,0.58,0.66,0.48,0.17,0.65,0.45,0.62
FRA-Ligue 1,2324,Monaco,Youssouf Fofana,FRA,MF,24,1999,32,31,2697,30.0,4,4,8,4,0,0,3,0,5.0,5.0,3.4,8.4,53,249,86,0.13,0.13,0.27,0.13,0.27,0.17,0.11,0.28,0.17,0.28
FRA-Ligue 1,2324,Montpellier,Akor Adams,NGA,FW,23,2000,32,27,2252,25.0,8,1,9,8,0,0,2,0,12.4,12.4,1.9,14.3,40,17,127,0.32,0.04,0.36,0.32,0.36,0.5,0.07,0.57,0.5,0.57
FRA-Ligue 1,2324,Montpellier,Arnaud Nordin,FRA,"FW,MF",25,1998,20,15,1246,13.8,5,3,8,5,0,0,1,1,3.6,3.6,3.0,6.5,56,52,125,0.36,0.22,0.58,0.36,0.58,0.26,0.21,0.47,0.26,0.47
FRA-Ligue 1,2324,Montpellier,Axel Gueguin,FRA,"DF,FW",18,2005,3,1,132,1.5,0,0,0,0,0,0,0,0,0.0,0.0,0.1,0.1,2,3,6,0.0,0.0,0.0,0.0,0.0,0.0,0.04,0.04,0.0,0.04
FRA-Ligue 1,2324,Montpellier,Becir Omeragic,SUI,"DF,MF",21,2002,28,26,2312,25.7,0,0,0,0,0,0,4,0,0.5,0.5,0.7,1.2,21,71,12,0.0,0.0,0.0,0.0,0.0,0.02,0.03,0.05,0.02,0.05
FRA-Ligue 1,2324,Montpellier,Benjamin Lecomte,FRA,GK,32,1991,30,30,2700,30.0,0,1,1,0,0,0,1,0,0.0,0.0,0.5,0.5,0,0,0,0.0,0.03,0.03,0.0,0.03,0.0,0.02,0.02,0.0,0.02
FRA-Ligue 1,2324,Montpellier,Boubakar Kouyaté,MLI,DF,26,1997,23,22,1928,21.4,0,2,2,0,0,0,5,1,0.8,0.8,1.3,2.1,4,58,3,0.0,0.09,0.09,0.0,0.09,0.04,0.06,0.1,0.04,0.1
FRA-Ligue 1,2324,Montpellier,Christopher Jullien,FRA,DF,30,1993,20,13,1233,13.7,1,0,1,1,0,0,5,0,1.1,1.1,0.1,1.2,1,26,4,0.07,0.0,0.07,0.07,0.07,0.08,0.0,0.09,0.08,0.09
FRA-Ligue 1,2324,Montpellier,Dimitry Bertaud,COD,GK,25,1998,4,4,360,4.0,0,0,0,0,0,0,0,0,0.0,0.0,0.0,0.0,0,0,0,0.0,0.0,0.0,0.0,0.0,0.0,0.0,0.0,0.0,0.0
FRA-Ligue 1,2324,Montpellier,Elye Wahi,FRA,FW,20,2003,1,0,14,0.2,0,0,0,0,0,0,0,0,0.0,0.0,0.6,0.6,1,1,2,0.0,0.0,0.0,0.0,0.0,0.0,4.23,4.23,0.0,4.23
FRA-Ligue 1,2324,Montpellier,Enzo Tchato,CMR,DF,20,2002,17,11,1125,12.5,0,0,0,0,0,0,2,0,0.3,0.3,0.3,0.6,26,46,57,0.0,0.0,0.0,0.0,0.0,0.03,0.03,0.05,0.03,0.05
FRA-Ligue 1,2324,Montpellier,Falaye Sacko,MLI,DF,28,1995,19,15,1382,15.4,0,1,1,0,0,0,0,0,0.0,0.0,0.4,0.5,38,63,42,0.0,0.07,0.07,0.0,0.07,0.0,0.03,0.03,0.0,0.03
FRA-Ligue 1,2324,Montpellier,Issiaga Sylla,GUI,"DF,FW",29,1994,19,17,1455,16.2,1,2,3,1,0,0,3,0,1.4,1.4,1.7,3.1,29,43,51,0.06,0.12,0.19,0.06,0.19,0.09,0.11,0.19,0.09,0.19
FRA-Ligue 1,2324,Montpellier,Jordan Ferri,FRA,MF,31,1992,30,23,2031,22.6,1,1,2,1,0,0,6,0,0.6,0.6,1.9,2.5,37,173,68,0.04,0.04,0.09,0.04,0.09,0.03,0.09,0.11,0.03,0.11
FRA-Ligue 1,2324,Montpellier,Joris Chotard,FRA,MF,21,2001,31,30,2587,28.7,0,3,3,0,0,0,5,0,0.6,0.6,1.9,2.6,12,111,40,0.0,0.1,0.1,0.0,0.1,0.02,0.07,0.09,0.02,0.09
FRA-Ligue 1,2324,Montpellier,Kelvin Yeboah,ITA,FW,23,2000,13,0,276,3.1,0,0,0,0,0,0,0,0,0.5,0.5,0.3,0.7,9,5,25,0.0,0.0,0.0,0.0,0.0,0.15,0.08,0.24,0.15,0.24
FRA-Ligue 1,2324,Montpellier,Khalil Fayad,FRA,"FW,MF",19,2004,23,11,1025,11.4,3,0,3,3,0,0,2,0,1.9,1.9,0.5,2.4,18,35,47,0.26,0.0,0.26,0.26,0.26,0.17,0.04,0.21,0.17,0.21
FRA-Ligue 1,2324,Montpellier,Lucas Mincarelli,FRA,"DF,MF",19,2004,13,12,978,10.9,1,1,2,1,0,0,1,1,0.4,0.4,0.6,0.9,24,26,40,0.09,0.09,0.18,0.09,0.18,0.03,0.05,0.09,0.03,0.09
FRA-Ligue 1,2324,Montpellier,Léo Leroy,FRA,MF,23,2000,21,3,499,5.5,0,1,1,0,0,0,4,0,0.8,0.8,0.7,1.5,8,21,9,0.0,0.18,0.18,0.0,0.18,0.15,0.13,0.28,0.15,0.28
FRA-Ligue 1,2324,Montpellier,Mamadou Sakho,FRA,DF,33,1990,1,0,7,0.1,0,0,0,0,0,0,0,0,0.0,0.0,0.0,0.0,0,1,0,0.0,0.0,0.0,0.0,0.0,0.0,0.0,0.0,0.0,0.0
FRA-Ligue 1,2324,Montpellier,Maxime Estève,FRA,DF,21,2002,12,12,995,11.1,1,1,2,1,0,0,2,0,0.2,0.2,0.3,0.5,8,23,10,0.09,0.09,0.18,0.09,0.18,0.02,0.02,0.04,0.02,0.04
FRA-Ligue 1,2324,Montpellier,Modibo Sagnan,MLI,DF,24,1999,13,12,1054,11.7,2,0,2,2,0,0,5,0,1.2,1.2,0.3,1.5,7,25,5,0.17,0.0,0.17,0.17,0.17,0.1,0.03,0.13,0.1,0.13
FRA-Ligue 1,2324,Montpellier,Musa Al-Taamari,JOR,FW,26,1997,27,24,1928,21.4,5,2,7,5,0,0,0,0,3.6,3.6,3.5,7.1,81,54,168,0.23,0.09,0.33,0.23,0.33,0.17,0.16,0.33,0.17,0.33
FRA-Ligue 1,2324,Montpellier,Othmane Maamma,MAR,FW,17,2005,2,1,88,1.0,1,0,1,1,0,0,0,0,0.3,0.3,0.5,0.7,7,2,3,1.02,0.0,1.02,1.02,1.02,0.27,0.47,0.74,0.27,0.74
FRA-Ligue 1,2324,Montpellier,Sacha Delaye,FRA,"MF,FW",21,2002,9,0,130,1.4,0,0,0,0,0,0,1,0,0.3,0.3,0.1,0.4,2,4,8,0.0,0.0,0.0,0.0,0.0,0.23,0.07,0.3,0.23,0.3
FRA-Ligue 1,2324,Montpellier,Silvan Hefti,SUI,"DF,FW",25,1997,11,9,711,7.9,0,1,1,0,0,0,1,0,0.2,0.2,1.0,1.2,14,25,36,0.0,0.13,0.13,0.0,0.13,0.03,0.13,0.15,0.03,0.15
FRA-Ligue 1,2324,Montpellier,Tanguy Coulibaly,FRA,"FW,MF",22,2001,16,7,623,6.9,1,0,1,1,0,0,2,0,2.6,2.6,0.8,3.3,27,13,48,0.14,0.0,0.14,0.14,0.14,0.37,0.11,0.48,0.37,0.48
FRA-Ligue 1,2324,Montpellier,Théo Sainte-Luce,FRA,DF,24,1998,6,3,346,3.8,0,0,0,0,0,0,1,0,0.1,0.1,0.1,0.2,8,15,6,0.0,0.0,0.0,0.0,0.0,0.03,0.02,0.05,0.03,0.05
FRA-Ligue 1,2324,Montpellier,Téji Savanier,FRA,MF,31,1991,32,32,2765,30.7,9,6,15,2,7,7,8,1,9.1,3.6,6.9,10.5,39,224,108,0.29,0.2,0.49,0.07,0.26,0.29,0.22,0.52,0.12,0.34
FRA-Ligue 1,2324,Montpellier,Wahbi Khazri,TUN,FW,32,1991,25,13,1131,12.6,1,0,1,1,0,0,6,0,3.3,3.3,1.2,4.5,27,33,76,0.08,0.0,0.08,0.08,0.08,0.26,0.1,0.36,0.26,0.36
FRA-Ligue 1,2324,Montpellier,Yanis Issoufou,FRA,MF,16,2006,1,0,13,0.1,0,0,0,0,0,0,0,0,0.0,0.0,0.0,0.0,0,1,1,0.0,0.0,0.0,0.0,0.0,0.0,0.0,0.0,0.0,0.0
FRA-Ligue 1,2324,Montpellier,Yann Karamoh,FRA,"FW,MF",25,1998,12,1,284,3.2,1,0,1,1,0,0,1,0,0.8,0.8,0.2,1.0,7,3,28,0.32,0.0,0.32,0.32,0.32,0.26,0.06,0.32,0.26,0.32
FRA-Ligue 1,2324,Nantes,Abdoul Kader Bamba,FRA,"FW,MF",29,1994,23,1,611,6.8,2,1,3,2,0,0,2,0,2.1,2.1,1.0,3.2,41,31,73,0.29,0.15,0.44,0.29,0.44,0.31,0.15,0.46,0.31,0.46
FRA-Ligue 1,2324,Nantes,Adel Mahamoud,COM,FW,20,2003,1,0,10,0.1,0,0,0,0,0,0,0,0,0.0,0.0,0.0,0.0,0,2,1,0.0,0.0,0.0,0.0,0.0,0.0,0.0,0.0,0.0,0.0
FRA-Ligue 1,2324,Nantes,Adson,BRA,"MF,FW",22,2000,8,2,238,2.6,0,0,0,0,0,0,0,0,0.2,0.2,0.1,0.3,18,15,19,0.0,0.0,0.0,0.0,0.0,0.09,0.04,0.13,0.09,0.13
FRA-Ligue 1,2324,Nantes,Alban Lafont,CIV,GK,24,1999,28,28,2496,27.7,0,0,0,0,0,0,2,0,0.0,0.0,0.0,0.0,0,3,0,0.0,0.0,0.0,0.0,0.0,0.0,0.0,0.0,0.0,0.0
FRA-Ligue 1,2324,Nantes,Bastien Meupiyou,FRA,DF,17,2006,1,1,8,0.1,0,0,0,0,0,0,0,1,0.0,0.0,0.0,0.0,0,0,0,0.0,0.0,0.0,0.0,0.0,0.0,0.0,0.0,0.0,0.0
FRA-Ligue 1,2324,Nantes,Bénie Traoré,CIV,"FW,MF",20,2002,14,4,504,5.6,0,1,1,0,0,0,1,1,0.7,0.7,0.9,1.6,23,15,45,0.0,0.18,0.18,0.0,0.18,0.13,0.16,0.29,0.13,0.29
FRA-Ligue 1,2324,Nantes,Denis Petrić,SRB,GK,35,1988,1,0,24,0.3,0,0,0,0,0,0,0,0,0.0,0.0,0.0,0.0,0,0,0,0.0,0.0,0.0,0.0,0.0,0.0,0.0,0.0,0.0,0.0
FRA-Ligue 1,2324,Nantes,Douglas,BRA,MF,26,1997,25,22,1772,19.7,0,0,0,0,0,0,7,0,1.2,1.2,1.1,2.3,12,105,18,0.0,0.0,0.0,0.0,0.0,0.06,0.06,0.12,0.06,0.12
FRA-Ligue 1,2324,Nantes,Enzo Mongo,FRA,DF,18,2005,1,0,10,0.1,0,0,0,0,0,0,0,0,0.0,0.0,0.0,0.0,0,0,0,0.0,0.0,0.0,0.0,0.0,0.0,0.0,0.0,0.0,0.0
FRA-Ligue 1,2324,Nantes,Eray Cömert,SUI,DF,25,1998,25,23,1995,22.2,2,0,2,2,0,0,5,0,0.7,0.7,0.2,0.8,7,57,3,0.09,0.0,0.09,0.09,0.09,0.03,0.01,0.04,0.03,0.04
FRA-Ligue 1,2324,Nantes,Fabien Centonze,FRA,DF,27,1996,3,1,94,1.0,0,0,0,0,0,0,1,0,0.0,0.0,0.0,0.0,5,1,5,0.0,0.0,0.0,0.0,0.0,0.0,0.0,0.0,0.0,0.0
FRA-Ligue 1,2324,Nantes,Florent Mollet,FRA,"MF,FW",31,1991,29,24,2083,23.1,4,4,8,4,0,0,4,0,5.9,5.9,2.5,8.4,27,96,145,0.17,0.17,0.35,0.17,0.35,0.25,0.11,0.36,0.25,0.36
FRA-Ligue 1,2324,Nantes,Hugo Boutsingkham,FRA,"MF,FW",20,2003,2,0,11,0.1,0,0,0,0,0,0,0,0,0.0,0.0,0.0,0.0,0,0,0,0.0,0.0,0.0,0.0,0.0,0.0,0.0,0.0,0.0,0.0
FRA-Ligue 1,2324,Nantes,Ignatius Ganago,CMR,"FW,MF",24,1999,6,2,184,2.0,0,0,0,0,0,0,0,0,0.4,0.4,0.6,1.0,7,5,26,0.0,0.0,0.0,0.0,0.0,0.21,0.27,0.49,0.21,0.49
FRA-Ligue 1,2324,Nantes,Jaouen Hadjam,ALG,DF,20,2003,8,0,112,1.2,0,0,0,0,0,0,0,0,0.0,0.0,0.4,0.4,6,10,17,0.0,0.0,0.0,0.0,0.0,0.03,0.29,0.32,0.03,0.32
FRA-Ligue 1,2324,Nantes,Jean-Charles Castelletto,CMR,DF,28,1995,28,28,2464,27.4,2,0,2,2,0,0,5,0,0.6,0.6,0.8,1.4,24,100,31,0.07,0.0,0.07,0.07,0.07,0.02,0.03,0.05,0.02,0.05
FRA-Ligue 1,2324,Nantes,Jean-Kevin Duverne,HAI,DF,26,1997,19,15,1348,15.0,0,0,0,0,0,0,5,0,0.3,0.3,0.2,0.5,18,64,23,0.0,0.0,0.0,0.0,0.0,0.02,0.01,0.03,0.02,0.03
FRA-Ligue 1,2324,Nantes,Kelvin Amian,FRA,DF,25,1998,12,11,798,8.9,0,1,1,0,0,0,2,0,0.1,0.1,0.6,0.6,12,28,21,0.0,0.11,0.11,0.0,0.11,0.01,0.07,0.07,0.01,0.07
FRA-Ligue 1,2324,Nantes,Lamine Diack,SEN,MF,22,2000,1,0,1,0.0,0,0,0,0,0,0,0,0,0.0,0.0,0.0,0.0,0,0,0,0.0,0.0,0.0,0.0,0.0,0.0,0.0,0.0,0.0,0.0
FRA-Ligue 1,2324,Nantes,Marcus Coco,FRA,"DF,FW",27,1996,28,18,1481,16.5,1,0,1,1,0,0,2,0,0.8,0.8,1.0,1.8,28,55,65,0.06,0.0,0.06,0.06,0.06,0.05,0.06,0.11,0.05,0.11
FRA-Ligue 1,2324,Nantes,Marquinhos,BRA,"FW,MF",20,2003,7,1,154,1.7,0,0,0,0,0,0,0,0,0.3,0.3,0.7,1.0,2,4,11,0.0,0.0,0.0,0.0,0.0,0.15,0.43,0.58,0.15,0.58
FRA-Ligue 1,2324,Nantes,Matthis Abline,FRA,FW,20,2003,22,12,1044,11.6,5,0,5,5,0,0,1,0,3.8,3.8,2.0,5.8,28,20,87,0.43,0.0,0.43,0.43,0.43,0.33,0.17,0.5,0.33,0.5
FRA-Ligue 1,2324,Nantes,Moses Simon,NGA,"FW,MF",28,1995,22,21,1788,19.9,3,5,8,2,1,1,0,0,4.1,3.3,3.7,7.0,146,36,214,0.15,0.25,0.4,0.1,0.35,0.21,0.18,0.39,0.17,0.35
FRA-Ligue 1,2324,Nantes,Mostafa Mohamed,EGY,FW,25,1997,29,24,2002,22.2,8,2,10,5,3,3,3,1,7.8,5.5,2.4,7.8,23,25,115,0.36,0.09,0.45,0.22,0.31,0.35,0.11,0.46,0.25,0.35
FRA-Ligue 1,2324,Nantes,Moussa Sissoko,FRA,MF,33,1989,26,21,1821,20.2,0,0,0,0,0,0,7,0,1.3,1.3,1.1,2.3,30,74,59,0.0,0.0,0.0,0.0,0.0,0.06,0.05,0.12,0.06,0.12
FRA-Ligue 1,2324,Nantes,Nathan Zeze,FRA,DF,18,2005,13,11,1022,11.4,0,0,0,0,0,0,1,0,0.3,0.3,0.0,0.3,1,30,2,0.0,0.0,0.0,0.0,0.0,0.03,0.0,0.03,0.03,0.03
FRA-Ligue 1,2324,Nantes,Nicolas Cozza,FRA,DF,24,1999,13,10,895,9.9,0,0,0,0,0,0,2,0,0.7,0.7,0.6,1.2,11,20,30,0.0,0.0,0.0,0.0,0.0,0.07,0.06,0.13,0.07,0.13
FRA-Ligue 1,2324,Nantes,Nicolas Pallois,FRA,DF,35,1987,23,17,1589,17.7,0,1,1,0,0,0,5,0,0.1,0.1,0.4,0.5,6,55,2,0.0,0.06,0.06,0.0,0.06,0.01,0.02,0.03,0.01,0.03
FRA-Ligue 1,2324,Nantes,Pedro Chirivella,ESP,MF,26,1997,32,31,2594,28.8,1,1,2,1,0,0,5,0,1.5,1.5,1.1,2.6,10,192,55,0.03,0.03,0.07,0.03,0.07,0.05,0.04,0.09,0.05,0.09
FRA-Ligue 1,2324,Nantes,Quentin Merlin,FRA,DF,21,2002,16,15,1283,14.3,0,1,1,0,0,0,0,0,0.7,0.7,1.3,2.0,34,98,62,0.0,0.07,0.07,0.0,0.07,0.05,0.09,0.14,0.05,0.14
FRA-Ligue 1,2324,Nantes,Ronaël Pierre-Gabriel,FRA,DF,25,1998,12,6,598,6.6,0,0,0,0,0,0,3,0,0.3,0.3,0.8,1.2,12,17,12,0.0,0.0,0.0,0.0,0.0,0.05,0.12,0.17,0.05,0.17
FRA-Ligue 1,2324,Nantes,Rémy Descamps,FRA,GK,27,1996,6,6,540,6.0,0,0,0,0,0,0,1,0,0.0,0.0,0.0,0.0,0,0,0,0.0,0.0,0.0,0.0,0.0,0.0,0.0,0.0,0.0,0.0
FRA-Ligue 1,2324,Nantes,Samuel Moutoussamy,COD,MF,26,1996,26,11,1107,12.3,1,0,1,1,0,0,2,0,1.8,1.8,0.6,2.3,20,59,33,0.08,0.0,0.08,0.08,0.08,0.14,0.05,0.19,0.14,0.19
FRA-Ligue 1,2324,Nantes,Stredair Appuah,FRA,"FW,MF",19,2004,4,0,84,0.9,0,0,0,0,0,0,0,0,0.4,0.4,0.0,0.4,3,0,2,0.0,0.0,0.0,0.0,0.0,0.46,0.0,0.46,0.46,0.46
FRA-Ligue 1,2324,Nantes,Tino Kadewere,ZIM,"FW,MF",27,1996,14,8,781,8.7,1,0,1,1,0,1,1,0,1.9,1.2,1.8,2.9,15,26,53,0.12,0.0,0.12,0.12,0.12,0.22,0.21,0.43,0.13,0.34
FRA-Ligue 1,2324,Nice,Alexis Claude-Maurice,FRA,MF,25,1998,18,4,504,5.6,0,0,0,0,0,0,1,0,0.8,0.8,0.3,1.0,15,21,25,0.0,0.0,0.0,0.0,0.0,0.13,0.05,0.19,0.13,0.19
FRA-Ligue 1,2324,Nice,Aliou Badara Baldé,GUI,"FW,DF",20,2002,7,0,69,0.8,0,0,0,0,0,0,0,0,0.1,0.1,0.0,0.1,5,2,8,0.0,0.0,0.0,0.0,0.0,0.17,0.0,0.17,0.17,0.17
FRA-Ligue 1,2324,Nice,Antoine Mendy,SEN,DF,19,2004,10,4,418,4.6,0,0,0,0,0,0,0,0,0.1,0.1,0.4,0.5,3,12,6,0.0,0.0,0.0,0.0,0.0,0.02,0.08,0.1,0.02,0.1
FRA-Ligue 1,2324,Nice,Badredine Bouanani,ALG,FW,18,2004,7,1,161,1.8,0,0,0,0,0,0,0,0,0.2,0.2,0.5,0.7,10,2,24,0.0,0.0,0.0,0.0,0.0,0.12,0.26,0.37,0.12,0.37
FRA-Ligue 1,2324,Nice,Bilal Brahimi,ALG,FW,23,2000,2,0,11,0.1,0,0,0,0,0,0,0,0,0.0,0.0,0.1,0.1,1,0,6,0.0,0.0,0.0,0.0,0.0,0.0,0.58,0.58,0.0,0.58
FRA-Ligue 1,2324,Nice,Dante,BRA,DF,39,1983,32,32,2843,31.6,1,1,2,1,0,0,5,1,0.9,0.9,1.0,2.0,13,185,6,0.03,0.03,0.06,0.03,0.06,0.03,0.03,0.06,0.03,0.06
FRA-Ligue 1,2324,Nice,Daouda Traoré,FRA,MF,17,2006,1,0,16,0.2,0,0,0,0,0,0,0,0,0.1,0.1,0.0,0.1,1,1,0,0.0,0.0,0.0,0.0,0.0,0.34,0.0,0.34,0.34,0.34
FRA-Ligue 1,2324,Nice,Evann Guessand,CIV,FW,22,2001,34,14,1553,17.3,6,0,6,4,2,2,1,0,8.4,6.8,1.4,8.2,40,34,114,0.35,0.0,0.35,0.23,0.23,0.48,0.08,0.56,0.39,0.47
FRA-Ligue 1,2324,Nice,Gaëtan Laborde,FRA,"FW,MF",29,1994,34,22,1906,21.2,5,2,7,4,1,2,2,0,7.7,6.1,1.8,7.9,33,46,161,0.24,0.09,0.33,0.19,0.28,0.36,0.08,0.45,0.29,0.37
FRA-Ligue 1,2324,Nice,Hicham Boudaoui,ALG,MF,23,1999,29,17,1613,17.9,2,0,2,2,0,0,5,0,3.3,3.3,1.8,5.1,28,78,58,0.11,0.0,0.11,0.11,0.11,0.19,0.1,0.29,0.19,0.29
FRA-Ligue 1,2324,Nice,Jean-Clair Todibo,FRA,DF,23,1999,30,30,2651,29.5,0,2,2,0,0,0,2,1,0.6,0.6,1.6,2.2,32,150,11,0.0,0.07,0.07,0.0,0.07,0.02,0.06,0.08,0.02,0.08
FRA-Ligue 1,2324,Nice,Jeremie Boga,CIV,FW,26,1997,28,24,1998,22.2,6,6,12,6,0,0,1,0,4.3,4.3,4.2,8.5,107,64,170,0.27,0.27,0.54,0.27,0.54,0.19,0.19,0.38,0.19,0.38
FRA-Ligue 1,2324,Nice,Jordan Lotomba,SUI,DF,24,1998,28,21,1804,20.0,1,0,1,1,0,0,4,0,0.9,0.9,1.1,2.0,36,52,40,0.05,0.0,0.05,0.05,0.05,0.04,0.05,0.1,0.04,0.1
FRA-Ligue 1,2324,Nice,Khéphren Thuram,FRA,MF,22,2001,27,25,2108,23.4,1,1,2,1,0,0,7,0,3.4,3.4,3.7,7.0,67,104,57,0.04,0.04,0.09,0.04,0.09,0.14,0.16,0.3,0.14,0.3
FRA-Ligue 1,2324,Nice,Marcin Bułka,POL,GK,23,1999,34,34,3060,34.0,0,0,0,0,0,0,2,0,0.1,0.1,0.0,0.1,0,0,0,0.0,0.0,0.0,0.0,0.0,0.0,0.0,0.0,0.0,0.0
FRA-Ligue 1,2324,Nice,Melvin Bard,FRA,DF,22,2000,32,31,2654,29.5,1,2,3,1,0,0,7,1,0.5,0.5,2.8,3.4,60,111,99,0.03,0.07,0.1,0.03,0.1,0.02,0.1,0.11,0.02,0.11
FRA-Ligue 1,2324,Nice,Mohamed Ali Cho,FRA,FW,19,2004,17,11,861,9.6,1,2,3,1,0,0,2,0,1.1,1.1,2.0,3.1,48,25,77,0.1,0.21,0.31,0.1,0.31,0.12,0.21,0.32,0.12,0.32
FRA-Ligue 1,2324,Nice,Morgan Sanson,FRA,MF,28,1994,29,24,1964,21.8,2,3,5,2,0,0,4,0,3.3,3.3,4.0,7.3,57,75,98,0.09,0.14,0.23,0.09,0.23,0.15,0.18,0.33,0.15,0.33
FRA-Ligue 1,2324,Nice,Pablo Rosario,DOM,"MF,DF",26,1997,30,21,2009,22.3,0,0,0,0,0,0,4,0,1.2,1.2,1.4,2.6,20,93,27,0.0,0.0,0.0,0.0,0.0,0.05,0.06,0.11,0.05,0.11
FRA-Ligue 1,2324,Nice,Reda Belahyane,MAR,MF,19,2004,1,0,27,0.3,0,0,0,0,0,0,0,0,0.0,0.0,0.0,0.0,1,1,0,0.0,0.0,0.0,0.0,0.0,0.0,0.0,0.0,0.0,0.0
FRA-Ligue 1,2324,Nice,Romain Perraud,FRA,"DF,FW",25,1997,19,2,370,4.1,0,1,1,0,0,0,2,0,0.0,0.0,0.9,1.0,6,11,13,0.0,0.24,0.24,0.0,0.24,0.01,0.23,0.24,0.01,0.24
FRA-Ligue 1,2324,Nice,Sofiane Diop,FRA,FW,23,2000,10,6,499,5.5,0,0,0,0,0,0,0,0,1.2,1.2,0.8,2.0,20,17,43,0.0,0.0,0.0,0.0,0.0,0.22,0.14,0.36,0.22,0.36
FRA-Ligue 1,2324,Nice,Terem Moffi,NGA,FW,24,1999,30,23,1949,21.7,11,2,13,8,3,3,4,0,10.7,8.3,3.2,11.5,24,27,123,0.51,0.09,0.6,0.37,0.46,0.49,0.15,0.64,0.38,0.53
FRA-Ligue 1,2324,Nice,Tom Louchet,FRA,"MF,DF",20,2003,13,3,409,4.5,1,1,2,1,0,0,1,0,1.0,1.0,0.7,1.7,6,18,40,0.22,0.22,0.44,0.22,0.44,0.23,0.16,0.38,0.23,0.38
FRA-Ligue 1,2324,Nice,Valentin Rosier,FRA,"DF,MF",26,1996,3,0,53,0.6,0,0,0,0,0,0,0,0,0.0,0.0,0.1,0.2,3,5,2,0.0,0.0,0.0,0.0,0.0,0.07,0.23,0.31,0.07,0.31
FRA-Ligue 1,2324,Nice,Youcef Atal,ALG,DF,27,1996,6,5,359,4.0,1,0,1,1,0,0,2,0,0.1,0.1,0.8,0.9,9,15,5,0.25,0.0,0.25,0.25,0.25,0.03,0.2,0.24,0.03,0.24
FRA-Ligue 1,2324,Nice,Youssouf Ndayishimiye,BDI,"MF,DF",24,1998,23,20,1712,19.0,0,0,0,0,0,0,6,1,1.2,1.2,0.5,1.7,16,96,13,0.0,0.0,0.0,0.0,0.0,0.06,0.03,0.09,0.06,0.09
FRA-Ligue 1,2324,Paris S-G,Achraf Hakimi,MAR,DF,24,1998,25,20,1932,21.5,4,5,9,4,0,0,3,0,4.2,4.2,5.2,9.4,84,218,230,0.19,0.23,0.42,0.19,0.42,0.2,0.24,0.44,0.2,0.44
FRA-Ligue 1,2324,Paris S-G,Arnau Tenas,ESP,GK,22,2001,6,5,529,5.9,0,1,1,0,0,0,0,0,0.0,0.0,0.8,0.8,0,0,0,0.0,0.17,0.17,0.0,0.17,0.0,0.13,0.13,0.0,0.13
FRA-Ligue 1,2324,Paris S-G,Bradley Barcola,FRA,"FW,MF",20,2002,25,18,1370,15.2,4,7,11,4,0,0,3,1,4.5,4.5,5.2,9.8,93,56,217,0.26,0.46,0.72,0.26,0.72,0.3,0.34,0.64,0.3,0.64
FRA-Ligue 1,2324,Paris S-G,Carlos Soler,ESP,"MF,DF",26,1997,24,12,1090,12.1,2,2,4,2,0,0,1,0,1.5,1.5,2.4,3.9,15,74,59,0.17,0.17,0.33,0.17,0.33,0.12,0.2,0.32,0.12,0.32
FRA-Ligue 1,2324,Paris S-G,Cher Ndour,ITA,MF,19,2004,3,0,28,0.3,0,0,0,0,0,0,1,0,0.0,0.0,0.0,0.0,0,2,1,0.0,0.0,0.0,0.0,0.0,0.0,0.0,0.0,0.0,0.0
FRA-Ligue 1,2324,Paris S-G,Danilo Pereira,POR,DF,31,1991,26,22,1995,22.2,0,0,0,0,0,0,2,0,1.4,1.4,0.0,1.4,28,148,2,0.0,0.0,0.0,0.0,0.0,0.06,0.0,0.06,0.06,0.06
FRA-Ligue 1,2324,Paris S-G,Ethan Mbappé,FRA,"MF,DF",16,2006,3,0,48,0.5,0,0,0,0,0,0,0,0,0.1,0.1,0.0,0.1,1,1,4,0.0,0.0,0.0,0.0,0.0,0.27,0.0,0.27,0.27,0.27
FRA-Ligue 1,2324,Paris S-G,Fabián Ruiz Peña,ESP,MF,27,1996,21,14,1197,13.3,1,3,4,1,0,0,3,0,2.0,2.0,1.2,3.1,16,78,40,0.08,0.23,0.3,0.08,0.3,0.15,0.09,0.24,0.15,0.24
FRA-Ligue 1,2324,Paris S-G,Gianluigi Donnarumma,ITA,GK,24,1999,25,25,2169,24.1,0,0,0,0,0,0,3,1,0.0,0.0,0.0,0.0,0,0,0,0.0,0.0,0.0,0.0,0.0,0.0,0.0,0.0,0.0,0.0
FRA-Ligue 1,2324,Paris S-G,Gonçalo Ramos,POR,FW,22,2001,29,16,1419,15.8,11,1,12,10,1,1,1,0,10.9,10.2,2.4,12.5,11,29,88,0.7,0.06,0.76,0.63,0.7,0.69,0.15,0.84,0.64,0.79
FRA-Ligue 1,2324,Paris S-G,Hugo Ekitike,FRA,FW,21,2002,1,0,9,0.1,0,0,0,0,0,0,0,0,0.0,0.0,0.0,0.0,0,1,3,0.0,0.0,0.0,0.0,0.0,0.0,0.3,0.3,0.0,0.3
FRA-Ligue 1,2324,Paris S-G,Keylor Navas,CRC,GK,36,1986,4,4,360,4.0,0,0,0,0,0,0,0,0,0.0,0.0,0.0,0.0,0,0,0,0.0,0.0,0.0,0.0,0.0,0.0,0.0,0.0,0.0,0.0
FRA-Ligue 1,2324,Paris S-G,Kylian Mbappé,FRA,FW,24,1998,29,24,2158,24.0,27,7,34,21,6,8,4,0,21.0,14.5,5.7,20.2,114,122,285,1.13,0.29,1.42,0.88,1.17,0.87,0.24,1.11,0.6,0.84
FRA-Ligue 1,2324,Paris S-G,Layvin Kurzawa,FRA,DF,30,1992,1,0,9,0.1,0,0,0,0,0,0,0,0,0.0,0.0,0.0,0.0,0,0,1,0.0,0.0,0.0,0.0,0.0,0.0,0.0,0.0,0.0,0.0
FRA-Ligue 1,2324,Paris S-G,Lee Kang-in,KOR,"FW,MF",22,2001,23,18,1464,16.3,3,4,7,3,0,0,2,0,1.5,1.5,2.3,3.7,50,103,150,0.18,0.25,0.43,0.18,0.43,0.09,0.14,0.23,0.09,0.23
FRA-Ligue 1,2324,Paris S-G,Lucas Beraldo,BRA,DF,19,2003,13,12,1008,11.2,1,0,1,1,0,0,4,1,1.0,1.0,0.2,1.2,7,44,2,0.09,0.0,0.09,0.09,0.09,0.09,0.02,0.11,0.09,0.11
FRA-Ligue 1,2324,Paris S-G,Lucas Hernández,FRA,DF,27,1996,27,23,1909,21.2,1,1,2,1,0,0,6,0,0.5,0.5,1.6,2.0,30,156,22,0.05,0.05,0.09,0.05,0.09,0.02,0.07,0.1,0.02,0.1
FRA-Ligue 1,2324,Paris S-G,Manuel Ugarte,URU,MF,22,2001,25,21,1932,21.5,0,2,2,0,0,0,5,0,0.6,0.6,0.9,1.5,16,87,24,0.0,0.09,0.09,0.0,0.09,0.03,0.04,0.07,0.03,0.07
FRA-Ligue 1,2324,Paris S-G,Marco Asensio,ESP,"MF,FW",27,1996,19,13,1113,12.4,4,5,9,4,0,0,0,0,3.2,3.2,5.8,9.0,36,71,92,0.32,0.4,0.73,0.32,0.73,0.26,0.47,0.73,0.26,0.73
FRA-Ligue 1,2324,Paris S-G,Marquinhos,BRA,DF,29,1994,21,18,1537,17.1,0,1,1,0,0,0,1,0,0.4,0.4,0.5,0.9,18,114,3,0.0,0.06,0.06,0.0,0.06,0.03,0.03,0.05,0.03,0.05
FRA-Ligue 1,2324,Paris S-G,Milan Škriniar,SVK,DF,28,1995,24,17,1629,18.1,0,0,0,0,0,0,1,0,0.2,0.2,0.1,0.2,5,61,1,0.0,0.0,0.0,0.0,0.0,0.01,0.0,0.01,0.01,0.01
FRA-Ligue 1,2324,Paris S-G,Nordi Mukiele,FRA,DF,25,1997,16,9,796,8.8,0,0,0,0,0,0,2,0,1.3,1.3,0.1,1.4,12,32,26,0.0,0.0,0.0,0.0,0.0,0.15,0.01,0.16,0.15,0.16
FRA-Ligue 1,2324,Paris S-G,Nuno Mendes,POR,DF,21,2002,6,2,267,3.0,1,1,2,1,0,0,3,0,0.3,0.3,0.4,0.7,12,21,25,0.34,0.34,0.67,0.34,0.67,0.11,0.14,0.25,0.11,0.25
FRA-Ligue 1,2324,Paris S-G,Ousmane Dembélé,FRA,"MF,FW",26,1997,26,17,1506,16.7,3,8,11,3,0,0,0,0,4.4,4.4,6.7,11.1,160,133,247,0.18,0.48,0.66,0.18,0.66,0.26,0.4,0.67,0.26,0.67
FRA-Ligue 1,2324,Paris S-G,Randal Kolo Muani,FRA,"FW,MF",24,1998,26,13,1268,14.1,6,5,11,6,0,0,1,0,6.1,6.1,3.3,9.4,36,42,125,0.43,0.35,0.78,0.43,0.78,0.43,0.23,0.66,0.43,0.66
FRA-Ligue 1,2324,Paris S-G,Senny Mayulu,FRA,"FW,MF",17,2006,8,3,324,3.6,0,1,1,0,0,0,0,0,0.1,0.1,0.5,0.6,4,11,38,0.0,0.28,0.28,0.0,0.28,0.04,0.13,0.17,0.04,0.17
FRA-Ligue 1,2324,Paris S-G,Vitinha,POR,MF,23,2000,28,23,2126,23.6,7,4,11,7,0,0,0,0,3.1,3.1,3.1,6.3,41,182,122,0.3,0.17,0.47,0.3,0.47,0.13,0.13,0.27,0.13,0.27
FRA-Ligue 1,2324,Paris S-G,Warren Zaïre-Emery,FRA,"MF,DF",17,2006,26,21,1962,21.8,2,3,5,2,0,0,4,0,1.4,1.4,3.2,4.5,54,116,90,0.09,0.14,0.23,0.09,0.23,0.06,0.14,0.21,0.06,0.21
FRA-Ligue 1,2324,Paris S-G,Yoram Zague,FRA,DF,17,2006,5,4,373,4.1,1,0,1,1,0,0,1,0,0.3,0.3,0.5,0.8,2,13,4,0.24,0.0,0.24,0.24,0.24,0.07,0.11,0.18,0.07,0.18
FRA-Ligue 1,2324,Reims,Abdoul Koné,FRA,DF,18,2005,3,3,193,2.1,0,0,0,0,0,0,1,0,0.0,0.0,0.7,0.7,3,5,1,0.0,0.0,0.0,0.0,0.0,0.0,0.3,0.3,0.0,0.3
FRA-Ligue 1,2324,Reims,Adama Bojang,GAM,FW,19,2004,9,0,83,0.9,0,0,0,0,0,0,1,0,1.3,1.3,0.0,1.3,2,1,8,0.0,0.0,0.0,0.0,0.0,1.38,0.05,1.43,1.38,1.43
FRA-Ligue 1,2324,Reims,Amadou Koné,MLI,MF,18,2005,16,4,475,5.3,0,0,0,0,0,0,4,1,0.3,0.3,0.2,0.4,2,28,2,0.0,0.0,0.0,0.0,0.0,0.05,0.03,0.08,0.05,0.08
FRA-Ligue 1,2324,Reims,Amine Salama,FRA,FW,23,2000,11,2,313,3.5,0,0,0,0,0,0,0,0,0.7,0.7,0.2,1.0,10,7,33,0.0,0.0,0.0,0.0,0.0,0.21,0.07,0.27,0.21,0.27
FRA-Ligue 1,2324,Reims,Amir Richardson,MAR,MF,21,2002,28,14,1352,15.0,3,1,4,3,0,0,4,0,1.6,1.6,1.1,2.8,28,72,40,0.2,0.07,0.27,0.2,0.27,0.11,0.08,0.18,0.11,0.18
FRA-Ligue 1,2324,Reims,Azor Matusiwa,NED,MF,25,1998,16,16,1385,15.4,1,0,1,1,0,0,3,0,0.7,0.7,0.7,1.3,12,78,12,0.06,0.0,0.06,0.06,0.06,0.04,0.04,0.09,0.04,0.09
FRA-Ligue 1,2324,Reims,Benjamin Stambouli,FRA,MF,32,1990,7,3,286,3.2,0,1,1,0,0,0,4,0,0.1,0.1,0.1,0.2,2,8,2,0.0,0.31,0.31,0.0,0.31,0.02,0.03,0.05,0.02,0.05
FRA-Ligue 1,2324,Reims,Christ Mbondi,FRA,FW,18,2004,1,0,2,0.0,0,0,0,0,0,0,0,0,0.0,0.0,0.0,0.0,0,0,1,0.0,0.0,0.0,0.0,0.0,0.0,0.0,0.0,0.0,0.0
FRA-Ligue 1,2324,Reims,Emmanuel Agbadou,CIV,DF,26,1997,32,29,2596,28.8,1,1,2,1,0,0,1,0,2.4,2.4,1.5,3.8,42,179,19,0.03,0.03,0.07,0.03,0.07,0.08,0.05,0.13,0.08,0.13
FRA-Ligue 1,2324,Reims,Ibrahim Diakité,GUI,DF,19,2003,5,1,109,1.2,0,0,0,0,0,0,0,0,0.0,0.0,0.2,0.2,7,7,9,0.0,0.0,0.0,0.0,0.0,0.0,0.16,0.16,0.0,0.16
FRA-Ligue 1,2324,Reims,Joseph Okumu,KEN,DF,26,1997,21,19,1743,19.4,1,0,1,1,0,0,3,0,1.5,1.5,0.0,1.5,15,94,3,0.05,0.0,0.05,0.05,0.05,0.08,0.0,0.08,0.08,0.08
FRA-Ligue 1,2324,Reims,Josh Wilson-Esbrand,ENG,"DF,MF",20,2002,11,5,461,5.1,1,1,2,1,0,0,1,0,0.1,0.1,1.0,1.1,11,19,20,0.2,0.2,0.39,0.2,0.39,0.03,0.19,0.21,0.03,0.21
FRA-Ligue 1,2324,Reims,Junya Ito,JPN,"FW,MF",30,1993,31,31,2714,30.2,3,7,10,3,0,0,2,0,4.5,4.5,11.5,16.0,123,139,287,0.1,0.23,0.33,0.1,0.33,0.15,0.38,0.53,0.15,0.53
FRA-Ligue 1,2324,Reims,Keito Nakamura,JPN,"FW,MF",23,2000,25,17,1381,15.3,4,1,5,4,0,0,1,0,3.2,3.2,1.3,4.5,48,56,141,0.26,0.07,0.33,0.26,0.33,0.21,0.09,0.29,0.21,0.29
FRA-Ligue 1,2324,Reims,Mamadou Diakhon,FRA,"FW,MF",17,2005,11,1,209,2.3,0,0,0,0,0,0,0,0,0.0,0.0,0.2,0.3,11,1,16,0.0,0.0,0.0,0.0,0.0,0.01,0.1,0.11,0.01,0.11
FRA-Ligue 1,2324,Reims,Marshall Munetsi,ZIM,MF,27,1996,27,25,2173,24.1,4,3,7,4,0,0,5,0,6.2,6.2,1.0,7.2,19,67,81,0.17,0.12,0.29,0.17,0.29,0.26,0.04,0.3,0.26,0.3
FRA-Ligue 1,2324,Reims,Maxime Busi,BEL,"FW,DF",23,1999,5,1,162,1.8,0,0,0,0,0,0,1,0,0.2,0.2,0.2,0.4,3,3,12,0.0,0.0,0.0,0.0,0.0,0.1,0.11,0.21,0.1,0.21
FRA-Ligue 1,2324,Reims,Mohamed Daramy,DEN,"FW,MF",21,2002,25,19,1648,18.3,4,5,9,3,1,1,0,0,4.6,3.8,2.4,6.2,72,69,162,0.22,0.27,0.49,0.16,0.44,0.25,0.13,0.38,0.21,0.34
FRA-Ligue 1,2324,Reims,Oumar Diakité,CIV,FW,19,2003,28,18,1585,17.6,5,1,6,5,0,1,4,0,7.0,6.2,1.3,7.5,29,28,107,0.28,0.06,0.34,0.28,0.34,0.4,0.07,0.47,0.35,0.43
FRA-Ligue 1,2324,Reims,Reda Khadra,GER,"FW,MF",22,2001,29,14,1368,15.2,1,3,4,1,0,0,1,0,1.8,1.8,3.5,5.4,35,40,110,0.07,0.2,0.26,0.07,0.26,0.12,0.23,0.35,0.12,0.35
FRA-Ligue 1,2324,Reims,Sergio Akieme,ESP,DF,25,1997,13,8,818,9.1,2,0,2,2,0,0,2,0,1.4,1.4,0.4,1.8,20,20,34,0.22,0.0,0.22,0.22,0.22,0.16,0.04,0.2,0.16,0.2
FRA-Ligue 1,2324,Reims,Teddy Teuma,MLT,MF,29,1993,28,25,2113,23.5,6,3,9,5,1,1,7,0,3.1,2.3,3.7,6.0,29,157,112,0.26,0.13,0.38,0.21,0.34,0.13,0.16,0.29,0.1,0.26
FRA-Ligue 1,2324,Reims,Therence Koudou,FRA,DF,18,2004,9,3,314,3.5,0,0,0,0,0,0,3,0,0.1,0.1,0.3,0.3,8,14,21,0.0,0.0,0.0,0.0,0.0,0.02,0.07,0.09,0.02,0.09
FRA-Ligue 1,2324,Reims,Thibault De Smet,BEL,DF,25,1998,27,22,1831,20.3,0,0,0,0,0,0,7,1,0.3,0.3,0.8,1.1,23,104,66,0.0,0.0,0.0,0.0,0.0,0.01,0.04,0.05,0.01,0.05
FRA-Ligue 1,2324,Reims,Thomas Foket,BEL,DF,28,1994,27,22,1833,20.4,0,1,1,0,0,0,9,1,0.2,0.2,0.9,1.1,24,65,84,0.0,0.05,0.05,0.0,0.05,0.01,0.04,0.05,0.01,0.05
FRA-Ligue 1,2324,Reims,Valentin Atangana Edoa,FRA,MF,17,2005,15,7,555,6.2,0,0,0,0,0,0,0,0,0.5,0.5,0.1,0.6,10,21,17,0.0,0.0,0.0,0.0,0.0,0.08,0.02,0.1,0.08,0.1
FRA-Ligue 1,2324,Reims,Yaya Kader Fofana,MLI,"MF,DF",19,2004,4,0,32,0.4,0,0,0,0,0,0,0,0,0.1,0.1,0.0,0.1,1,3,1,0.0,0.0,0.0,0.0,0.0,0.23,0.0,0.23,0.23,0.23
FRA-Ligue 1,2324,Reims,Yehvann Diouf,SEN,GK,23,1999,34,34,3060,34.0,0,0,0,0,0,0,1,0,0.0,0.0,0.0,0.0,0,3,0,0.0,0.0,0.0,0.0,0.0,0.0,0.0,0.0,0.0,0.0
FRA-Ligue 1,2324,Reims,Yunis Abdelhamid,MAR,DF,35,1987,31,31,2781,30.9,4,0,4,3,1,1,5,0,3.4,2.6,0.3,2.9,36,137,9,0.13,0.0,0.13,0.1,0.1,0.11,0.01,0.12,0.09,0.09
FRA-Ligue 1,2324,Rennes,Adrien Truffert,FRA,DF,21,2001,30,24,2145,23.8,1,2,3,1,0,0,6,0,1.7,1.7,1.8,3.5,51,98,181,0.04,0.08,0.13,0.04,0.13,0.07,0.08,0.15,0.07,0.15
FRA-Ligue 1,2324,Rennes,Alidu Seidu,GHA,DF,23,2000,11,7,593,6.6,0,0,0,0,0,0,3,0,0.2,0.2,0.1,0.3,14,23,24,0.0,0.0,0.0,0.0,0.0,0.04,0.01,0.05,0.04,0.05
FRA-Ligue 1,2324,Rennes,Amine Gouiri,ALG,"FW,MF",23,2000,31,24,2067,23.0,7,3,10,7,0,0,2,0,7.4,7.3,1.7,9.1,59,82,185,0.3,0.13,0.44,0.3,0.44,0.32,0.08,0.4,0.32,0.39
FRA-Ligue 1,2324,Rennes,Arnaud Kalimuendo,FRA,FW,21,2002,30,25,2139,23.8,10,1,11,8,2,2,6,0,9.0,7.4,2.7,10.1,27,37,181,0.42,0.04,0.46,0.34,0.38,0.38,0.11,0.49,0.31,0.43
FRA-Ligue 1,2324,Rennes,Arthur Theate,BEL,DF,23,2000,28,27,2296,25.5,2,0,2,2,0,0,4,0,1.9,1.9,0.8,2.7,33,151,24,0.08,0.0,0.08,0.08,0.08,0.07,0.03,0.11,0.07,0.11
FRA-Ligue 1,2324,Rennes,Azor Matusiwa,NED,MF,25,1998,12,9,794,8.8,0,1,1,0,0,0,2,0,0.3,0.3,0.4,0.7,3,64,12,0.0,0.11,0.11,0.0,0.11,0.04,0.04,0.08,0.04,0.08
FRA-Ligue 1,2324,Rennes,Baptiste Santamaria,FRA,MF,28,1995,30,22,1926,21.4,0,1,1,0,0,0,3,0,1.9,1.9,0.6,2.5,13,134,36,0.0,0.05,0.05,0.0,0.05,0.09,0.03,0.12,0.09,0.12
FRA-Ligue 1,2324,Rennes,Benjamin Bourigeaud,FRA,"MF,FW",29,1994,32,29,2425,26.9,9,6,15,2,7,7,1,0,9.9,4.4,6.7,11.1,27,178,139,0.33,0.22,0.56,0.07,0.3,0.37,0.25,0.62,0.16,0.41
FRA-Ligue 1,2324,Rennes,Bertuğ Yıldırım,TUR,FW,21,2002,21,2,469,5.2,0,1,1,0,0,0,3,0,1.4,1.4,0.7,2.1,9,11,29,0.0,0.19,0.19,0.0,0.19,0.27,0.13,0.4,0.27,0.4
FRA-Ligue 1,2324,Rennes,Birger Meling,NOR,DF,28,1994,1,0,16,0.2,0,0,0,0,0,0,0,0,0.2,0.2,0.0,0.2,0,0,0,0.0,0.0,0.0,0.0,0.0,0.8,0.0,0.8,0.8,0.8
FRA-Ligue 1,2324,Rennes,Christopher Wooh,CMR,DF,21,2001,18,15,1388,15.4,1,0,1,1,0,0,3,1,1.3,1.3,0.7,2.0,8,61,4,0.06,0.0,0.06,0.06,0.06,0.09,0.04,0.13,0.09,0.13
FRA-Ligue 1,2324,Rennes,Djaoui Cissé,FRA,MF,19,2004,2,0,4,0.0,0,0,0,0,0,0,0,0,0.0,0.0,0.0,0.0,0,0,1,0.0,0.0,0.0,0.0,0.0,0.0,0.0,0.0,0.0,0.0
FRA-Ligue 1,2324,Rennes,Désiré Doué,FRA,"MF,FW",18,2005,31,17,1626,18.1,4,4,8,4,0,0,3,0,2.4,2.4,3.7,6.1,78,121,172,0.22,0.22,0.44,0.22,0.44,0.13,0.21,0.34,0.13,0.34
FRA-Ligue 1,2324,Rennes,Enzo Le Fée,FRA,MF,23,2000,25,19,1527,17.0,0,1,1,0,0,0,3,0,0.5,0.5,1.8,2.3,45,124,58,0.0,0.06,0.06,0.0,0.06,0.03,0.11,0.14,0.03,0.14
FRA-Ligue 1,2324,Rennes,Fabian Rieder,SUI,MF,21,2002,15,2,365,4.1,1,0,1,1,0,0,0,0,0.3,0.3,0.6,0.9,10,41,18,0.25,0.0,0.25,0.25,0.25,0.07,0.14,0.21,0.07,0.21
FRA-Ligue 1,2324,Rennes,Guela Doué,CIV,DF,20,2002,24,13,1234,13.7,0,2,2,0,0,0,1,1,0.5,0.5,1.1,1.6,41,53,85,0.0,0.15,0.15,0.0,0.15,0.04,0.08,0.12,0.04,0.12
FRA-Ligue 1,2324,Rennes,Ibrahim Salah,MAR,"FW,MF",21,2001,23,4,524,5.8,4,1,5,4,0,0,3,0,3.1,3.1,0.5,3.6,15,18,61,0.69,0.17,0.86,0.69,0.86,0.54,0.08,0.62,0.54,0.62
FRA-Ligue 1,2324,Rennes,Jeanuël Belocian,FRA,DF,18,2005,23,16,1448,16.1,0,1,1,0,0,0,0,0,0.5,0.5,0.4,0.9,16,60,37,0.0,0.06,0.06,0.0,0.06,0.03,0.02,0.06,0.03,0.06
FRA-Ligue 1,2324,Rennes,Jeremy Doku,BEL,FW,21,2002,2,1,111,1.2,1,0,1,1,0,0,0,0,0.6,0.6,0.2,0.8,11,5,19,0.81,0.0,0.81,0.81,0.81,0.48,0.16,0.64,0.48,0.64
FRA-Ligue 1,2324,Rennes,Jérémy Jacquet,FRA,MF,18,2005,1,0,5,0.1,0,0,0,0,0,0,0,0,0.0,0.0,0.0,0.0,1,0,0,0.0,0.0,0.0,0.0,0.0,0.0,0.0,0.0,0.0,0.0
FRA-Ligue 1,2324,Rennes,Lorenz Assignon,TOG,DF,23,2000,14,12,1011,11.2,1,1,2,1,0,0,4,0,0.4,0.4,1.8,2.2,28,51,67,0.09,0.09,0.18,0.09,0.18,0.04,0.16,0.2,0.04,0.2
FRA-Ligue 1,2324,Rennes,Lovro Majer,CRO,MF,25,1998,1,0,16,0.2,0,0,0,0,0,0,0,0,0.0,0.0,0.3,0.3,1,0,1,0.0,0.0,0.0,0.0,0.0,0.14,1.39,1.52,0.14,1.52
FRA-Ligue 1,2324,Rennes,Ludovic Blas,FRA,"FW,MF",25,1997,29,18,1563,17.4,4,1,5,3,1,2,3,0,4.7,3.1,1.7,4.8,46,59,157,0.23,0.06,0.29,0.17,0.23,0.27,0.1,0.37,0.18,0.27
FRA-Ligue 1,2324,Rennes,Mahamadou Nagida,CMR,DF,18,2005,3,1,106,1.2,0,0,0,0,0,0,0,0,0.1,0.1,0.3,0.4,5,2,11,0.0,0.0,0.0,0.0,0.0,0.1,0.24,0.35,0.1,0.35
FRA-Ligue 1,2324,Rennes,Martin Terrier,FRA,"FW,MF",26,1997,24,19,1527,17.0,7,3,10,7,0,0,2,1,5.2,5.2,2.6,7.8,28,58,112,0.41,0.18,0.59,0.41,0.59,0.31,0.15,0.46,0.31,0.46
FRA-Ligue 1,2324,Rennes,Mathis Lambourde,FRA,FW,17,2006,1,0,10,0.1,0,0,0,0,0,0,0,0,0.0,0.0,0.0,0.0,1,0,2,0.0,0.0,0.0,0.0,0.0,0.0,0.0,0.0,0.0,0.0
FRA-Ligue 1,2324,Rennes,Nemanja Matić,SRB,MF,34,1988,13,11,1027,11.4,0,0,0,0,0,0,7,0,0.3,0.3,0.8,1.1,14,83,8,0.0,0.0,0.0,0.0,0.0,0.03,0.07,0.1,0.03,0.1
FRA-Ligue 1,2324,Rennes,Steve Mandanda,FRA,GK,38,1985,34,34,3060,34.0,0,0,0,0,0,0,1,0,0.0,0.0,0.0,0.0,0,2,0,0.0,0.0,0.0,0.0,0.0,0.0,0.0,0.0,0.0,0.0
FRA-Ligue 1,2324,Rennes,Warmed Omari,COM,DF,23,2000,25,23,2071,23.0,1,0,1,1,0,0,5,1,0.7,0.7,0.3,0.9,22,123,1,0.04,0.0,0.04,0.04,0.04,0.03,0.01,0.04,0.03,0.04
FRA-Ligue 1,2324,Strasbourg,Abakar Sylla,CIV,DF,20,2002,22,19,1792,19.9,2,0,2,2,0,0,4,0,1.6,1.6,0.5,2.0,8,72,2,0.1,0.0,0.1,0.1,0.1,0.08,0.02,0.1,0.08,0.1
FRA-Ligue 1,2324,Strasbourg,Aboubacar Ali,COM,"MF,FW",17,2006,9,1,130,1.4,0,1,1,0,0,0,0,0,0.2,0.2,0.1,0.3,3,3,12,0.0,0.69,0.69,0.0,0.69,0.17,0.05,0.22,0.17,0.22
FRA-Ligue 1,2324,Strasbourg,Alaa Bellaarouch,MAR,GK,21,2002,15,15,1350,15.0,0,0,0,0,0,0,1,0,0.0,0.0,0.0,0.0,0,0,0,0.0,0.0,0.0,0.0,0.0,0.0,0.0,0.0,0.0,0.0
FRA-Ligue 1,2324,Strasbourg,Andrey Santos,BRA,MF,19,2004,11,9,831,9.2,1,0,1,1,0,0,4,0,1.0,1.0,1.0,2.0,5,48,15,0.11,0.0,0.11,0.11,0.11,0.11,0.11,0.21,0.11,0.21
FRA-Ligue 1,2324,Strasbourg,Dilane Bakwa,FRA,"FW,MF",20,2002,31,25,2177,24.2,3,6,9,3,0,0,4,1,3.2,3.2,6.3,9.4,95,92,204,0.12,0.25,0.37,0.12,0.37,0.13,0.26,0.39,0.13,0.39
FRA-Ligue 1,2324,Strasbourg,Eduard Sobol,UKR,DF,28,1995,3,0,25,0.3,0,0,0,0,0,0,0,0,0.0,0.0,0.0,0.0,2,1,0,0.0,0.0,0.0,0.0,0.0,0.0,0.0,0.0,0.0,0.0
FRA-Ligue 1,2324,Strasbourg,Emanuel Emegha,NED,FW,20,2003,28,23,2078,23.1,8,1,9,8,0,1,3,0,10.9,10.1,0.4,10.5,24,11,115,0.35,0.04,0.39,0.35,0.39,0.47,0.02,0.49,0.44,0.45
FRA-Ligue 1,2324,Strasbourg,Frederic Guilbert,FRA,"DF,MF",28,1994,32,29,2490,27.7,2,0,2,2,0,0,3,0,1.0,1.0,1.6,2.7,32,116,70,0.07,0.0,0.07,0.07,0.07,0.04,0.06,0.1,0.04,0.1
FRA-Ligue 1,2324,Strasbourg,Gerzino Nyamsi,FRA,DF,26,1997,13,13,1092,12.1,0,0,0,0,0,0,1,0,0.3,0.3,0.2,0.5,3,25,3,0.0,0.0,0.0,0.0,0.0,0.03,0.01,0.04,0.03,0.04
FRA-Ligue 1,2324,Strasbourg,Habib Diarra,SEN,"MF,FW",19,2004,31,28,2305,25.6,3,1,4,2,1,1,3,0,3.4,2.7,1.3,3.9,59,107,88,0.12,0.04,0.16,0.08,0.12,0.13,0.05,0.18,0.1,0.15
FRA-Ligue 1,2324,Strasbourg,Ibrahima Sissoko,MLI,MF,25,1997,27,18,1642,18.2,0,1,1,0,0,0,7,0,1.0,1.0,1.7,2.6,15,88,18,0.0,0.05,0.05,0.0,0.05,0.05,0.09,0.14,0.05,0.14
FRA-Ligue 1,2324,Strasbourg,Ismaël Doukouré,FRA,"MF,DF",20,2003,22,19,1656,18.4,0,0,0,0,0,0,4,0,0.3,0.3,0.2,0.5,15,80,7,0.0,0.0,0.0,0.0,0.0,0.02,0.01,0.03,0.02,0.03
FRA-Ligue 1,2324,Strasbourg,Jean-Ricner Bellegarde,HAI,"MF,FW",25,1998,3,3,269,3.0,2,2,4,2,0,0,2,0,0.6,0.6,1.5,2.1,9,11,10,0.67,0.67,1.34,0.67,1.34,0.19,0.51,0.69,0.19,0.69
FRA-Ligue 1,2324,Strasbourg,Jessy Deminguet,FRA,"MF,FW",25,1998,18,9,690,7.7,0,0,0,0,0,0,1,0,0.3,0.3,0.4,0.7,7,24,13,0.0,0.0,0.0,0.0,0.0,0.04,0.06,0.1,0.04,0.1
FRA-Ligue 1,2324,Strasbourg,Junior Mwanga,FRA,"MF,FW",20,2003,22,17,1450,16.1,1,1,2,1,0,0,3,0,1.5,1.5,0.9,2.4,28,56,37,0.06,0.06,0.12,0.06,0.12,0.09,0.05,0.15,0.09,0.15
FRA-Ligue 1,2324,Strasbourg,Jérémy Sebas,MTQ,"FW,MF",20,2003,14,2,399,4.4,2,0,2,2,0,0,0,0,1.0,1.0,0.0,1.0,13,6,39,0.45,0.0,0.45,0.45,0.45,0.21,0.01,0.22,0.21,0.22
FRA-Ligue 1,2324,Strasbourg,Kévin Gameiro,FRA,"FW,MF",36,1987,27,15,1346,15.0,4,2,6,2,2,2,0,0,3.4,1.9,2.7,4.6,26,44,81,0.27,0.13,0.4,0.13,0.27,0.23,0.18,0.41,0.12,0.31
FRA-Ligue 1,2324,Strasbourg,Lebo Mothiba,RSA,FW,27,1996,15,5,617,6.9,3,0,3,3,0,0,0,0,4.6,4.6,0.2,4.8,8,9,27,0.44,0.0,0.44,0.44,0.44,0.67,0.02,0.7,0.67,0.7
FRA-Ligue 1,2324,Strasbourg,Lucas Perrin,FRA,DF,24,1998,31,30,2723,30.3,0,1,1,0,0,0,3,0,0.6,0.6,0.8,1.4,17,115,8,0.0,0.03,0.03,0.0,0.03,0.02,0.03,0.05,0.02,0.05
FRA-Ligue 1,2324,Strasbourg,Marvin Senaya,TOG,"DF,MF",22,2001,32,23,2138,23.8,1,1,2,1,0,0,5,1,1.2,1.2,2.8,4.0,48,74,81,0.04,0.04,0.08,0.04,0.08,0.05,0.12,0.17,0.05,0.17
FRA-Ligue 1,2324,Strasbourg,Matz Sels,BEL,GK,31,1992,19,19,1710,19.0,0,0,0,0,0,0,2,0,0.0,0.0,0.5,0.5,0,0,0,0.0,0.0,0.0,0.0,0.0,0.0,0.03,0.03,0.0,0.03
FRA-Ligue 1,2324,Strasbourg,Mohamed Bechikh,FRA,"FW,MF",18,2005,2,0,14,0.2,0,0,0,0,0,0,0,0,0.0,0.0,0.0,0.0,0,0,3,0.0,0.0,0.0,0.0,0.0,0.0,0.0,0.0,0.0,0.0
FRA-Ligue 1,2324,Strasbourg,Moïse Sahi Dion,CIV,"MF,FW",21,2001,18,7,628,7.0,3,1,4,3,0,0,0,0,4.1,4.1,1.3,5.4,13,21,42,0.43,0.14,0.57,0.43,0.57,0.58,0.19,0.77,0.58,0.77
FRA-Ligue 1,2324,Strasbourg,Patrick Ouotro,CIV,FW,17,2005,1,0,8,0.1,0,0,0,0,0,0,0,0,0.0,0.0,0.0,0.0,1,1,0,0.0,0.0,0.0,0.0,0.0,0.0,0.0,0.0,0.0,0.0
FRA-Ligue 1,2324,Strasbourg,Rabby Nzingoula,FRA,"MF,FW",17,2005,6,1,133,1.5,0,1,1,0,0,0,1,0,0.1,0.1,0.1,0.2,3,8,6,0.0,0.68,0.68,0.0,0.68,0.06,0.07,0.14,0.06,0.14
FRA-Ligue 1,2324,Strasbourg,Saidou Sow,GUI,DF,21,2002,10,8,719,8.0,0,1,1,0,0,0,2,0,0.3,0.3,0.5,0.8,1,24,0,0.0,0.13,0.13,0.0,0.13,0.04,0.06,0.1,0.04,0.1
FRA-Ligue 1,2324,Strasbourg,Sanjin Prcić,BIH,MF,29,1993,3,1,88,1.0,0,0,0,0,0,0,0,0,0.0,0.0,0.2,0.2,0,5,0,0.0,0.0,0.0,0.0,0.0,0.01,0.23,0.24,0.01,0.24
FRA-Ligue 1,2324,Strasbourg,Steven Baseya,FRA,DF,18,2005,2,0,6,0.1,0,0,0,0,0,0,0,0,0.0,0.0,0.0,0.0,0,0,0,0.0,0.0,0.0,0.0,0.0,0.0,0.0,0.0,0.0,0.0
FRA-Ligue 1,2324,Strasbourg,Thomas Delaine,FRA,"DF,MF",31,1992,27,24,2044,22.7,1,1,2,1,0,0,5,0,1.7,1.7,3.6,5.3,63,52,151,0.04,0.04,0.09,0.04,0.09,0.07,0.16,0.23,0.07,0.23
FRA-Ligue 1,2324,Strasbourg,Ângelo,BRA,"FW,MF",18,2004,21,11,1094,12.2,0,3,3,0,0,0,1,0,0.4,0.4,3.3,3.7,50,59,110,0.0,0.25,0.25,0.0,0.25,0.04,0.27,0.31,0.04,0.31
FRA-Ligue 1,2324,Toulouse,Aron Dønnum,NOR,"FW,MF",25,1998,27,19,1595,17.7,0,1,1,0,0,0,8,0,1.0,1.0,2.1,3.1,69,66,120,0.0,0.06,0.06,0.0,0.06,0.06,0.12,0.18,0.06,0.18
FRA-Ligue 1,2324,Toulouse,Christian Mawissa,FRA,DF,18,2005,17,12,1118,12.4,2,0,2,2,0,0,3,0,1.0,1.0,0.3,1.3,26,39,11,0.16,0.0,0.16,0.16,0.16,0.08,0.02,0.1,0.08,0.1
FRA-Ligue 1,2324,Toulouse,Cristian Cásseres Jr.,VEN,MF,23,2000,32,23,1946,21.6,1,3,4,1,0,0,1,0,1.1,1.1,1.7,2.8,14,87,52,0.05,0.14,0.18,0.05,0.18,0.05,0.08,0.13,0.05,0.13
FRA-Ligue 1,2324,Toulouse,Denis Genreau,AUS,"MF,FW",24,1999,9,5,464,5.2,0,0,0,0,0,0,0,0,0.4,0.4,0.4,0.7,6,14,27,0.0,0.0,0.0,0.0,0.0,0.07,0.07,0.14,0.07,0.14
FRA-Ligue 1,2324,Toulouse,Fares Chaïbi,ALG,"FW,MF",20,2002,2,0,58,0.6,0,1,1,0,0,0,1,0,0.0,0.0,0.2,0.2,2,5,12,0.0,1.55,1.55,0.0,1.55,0.0,0.29,0.29,0.0,0.29
FRA-Ligue 1,2324,Toulouse,Frank Magri,CMR,"FW,MF",23,1999,29,14,1438,16.0,5,2,7,5,0,0,5,0,3.1,3.1,1.6,4.7,31,34,121,0.31,0.13,0.44,0.31,0.44,0.19,0.1,0.29,0.19,0.29
FRA-Ligue 1,2324,Toulouse,Gabriel Suazo,CHI,DF,25,1997,31,27,2357,26.2,0,4,4,0,0,0,5,0,0.7,0.7,3.0,3.7,44,114,166,0.0,0.15,0.15,0.0,0.15,0.03,0.12,0.14,0.03,0.14
FRA-Ligue 1,2324,Toulouse,Gelabert,ESP,"MF,FW",22,2000,16,10,754,8.4,1,2,3,1,0,0,1,0,0.8,0.8,1.3,2.1,14,33,57,0.12,0.24,0.36,0.12,0.36,0.09,0.16,0.25,0.09,0.25
FRA-Ligue 1,2324,Toulouse,Guillaume Restes,FRA,GK,18,2005,34,34,3060,34.0,0,0,0,0,0,0,3,0,0.0,0.0,0.0,0.0,0,0,0,0.0,0.0,0.0,0.0,0.0,0.0,0.0,0.0,0.0,0.0
FRA-Ligue 1,2324,Toulouse,Ibrahim Cissoko,NED,"FW,MF",20,2003,11,2,241,2.7,1,1,2,1,0,0,1,0,0.8,0.8,0.4,1.2,21,12,39,0.37,0.37,0.75,0.37,0.75,0.29,0.16,0.45,0.29,0.45
FRA-Ligue 1,2324,Toulouse,Kévin Keben Biakolo,CMR,DF,19,2004,8,7,521,5.8,0,0,0,0,0,0,1,0,0.0,0.0,0.1,0.1,5,13,10,0.0,0.0,0.0,0.0,0.0,0.0,0.01,0.01,0.0,0.01
FRA-Ligue 1,2324,Toulouse,Logan Costa,CPV,DF,22,2001,31,29,2650,29.4,1,1,2,1,0,0,6,0,1.4,1.4,0.6,2.0,19,145,14,0.03,0.03,0.07,0.03,0.07,0.05,0.02,0.07,0.05,0.07
FRA-Ligue 1,2324,Toulouse,Mamady Bangré,BFA,"FW,MF",22,2001,8,0,101,1.1,0,1,1,0,0,0,2,0,0.1,0.1,0.7,0.8,10,9,12,0.0,0.89,0.89,0.0,0.89,0.12,0.59,0.71,0.12,0.71
FRA-Ligue 1,2324,Toulouse,Mikkel Desler,DEN,DF,28,1995,24,19,1544,17.2,0,1,1,0,0,0,2,0,1.1,1.0,0.7,1.7,30,81,96,0.0,0.06,0.06,0.0,0.06,0.06,0.04,0.1,0.06,0.1
FRA-Ligue 1,2324,Toulouse,Moussa Diarra,MLI,DF,22,2000,22,15,1397,15.5,1,2,3,1,0,0,5,0,0.5,0.5,1.1,1.6,18,70,12,0.06,0.13,0.19,0.06,0.19,0.03,0.07,0.1,0.03,0.1
FRA-Ligue 1,2324,Toulouse,Naatan Skyttä,FIN,"MF,FW",21,2002,8,0,120,1.3,0,0,0,0,0,0,0,0,0.5,0.5,0.6,1.1,1,12,12,0.0,0.0,0.0,0.0,0.0,0.4,0.44,0.84,0.36,0.81
FRA-Ligue 1,2324,Toulouse,Niklas Schmidt,GER,MF,25,1998,22,15,1269,14.1,1,1,2,1,0,0,4,0,1.2,1.2,2.4,3.6,20,106,43,0.07,0.07,0.14,0.07,0.14,0.09,0.17,0.26,0.09,0.26
FRA-Ligue 1,2324,Toulouse,Rasmus Nicolaisen,DEN,DF,26,1997,33,33,2925,32.5,2,0,2,2,0,0,6,1,1.1,1.1,0.6,1.7,5,95,11,0.06,0.0,0.06,0.06,0.06,0.03,0.02,0.05,0.03,0.05
FRA-Ligue 1,2324,Toulouse,Shavy Babicka,GAB,"FW,MF",23,2000,12,4,373,4.1,1,0,1,1,0,0,0,0,0.6,0.6,0.1,0.7,17,8,64,0.24,0.0,0.24,0.24,0.24,0.14,0.03,0.17,0.14,0.17
FRA-Ligue 1,2324,Toulouse,Stijn Spierings,NED,MF,27,1996,22,16,1516,16.8,0,1,1,0,0,0,5,0,0.4,0.4,0.6,1.0,16,157,22,0.0,0.06,0.06,0.0,0.06,0.02,0.03,0.06,0.02,0.06
FRA-Ligue 1,2324,Toulouse,Thijs Dallinga,NED,FW,22,2000,33,28,2510,27.9,14,2,16,13,1,3,6,0,14.1,11.8,1.2,13.0,32,38,164,0.5,0.07,0.57,0.47,0.54,0.51,0.04,0.55,0.42,0.47
FRA-Ligue 1,2324,Toulouse,Vincent Sierro,SUI,MF,27,1995,30,25,2261,25.1,6,2,8,2,4,5,8,0,5.9,1.9,2.3,4.2,17,135,73,0.24,0.08,0.32,0.08,0.16,0.23,0.09,0.33,0.08,0.17
FRA-Ligue 1,2324,Toulouse,Warren Kamanzi,NOR,"DF,FW",22,2000,24,12,1187,13.2,0,3,3,0,0,0,1,0,0.8,0.8,2.5,3.4,35,56,55,0.0,0.23,0.23,0.0,0.23,0.06,0.19,0.26,0.06,0.26
FRA-Ligue 1,2324,Toulouse,Yanis Begraoui,MAR,"FW,MF",22,2001,14,3,300,3.3,0,0,0,0,0,0,0,0,0.4,0.4,0.1,0.5,9,8,30,0.0,0.0,0.0,0.0,0.0,0.12,0.03,0.15,0.12,0.15
FRA-Ligue 1,2324,Toulouse,Yann Gboho,FRA,"MF,FW",22,2001,16,13,1193,13.3,3,2,5,3,0,0,1,0,1.2,1.2,1.7,2.9,65,48,97,0.23,0.15,0.38,0.23,0.38,0.09,0.13,0.22,0.09,0.22
FRA-Ligue 1,2324,Toulouse,Zakaria Aboukhlal,MAR,"MF,FW",23,2000,13,9,754,8.4,3,0,3,2,1,1,2,0,2.8,2.0,0.2,2.2,23,20,75,0.36,0.0,0.36,0.24,0.24,0.33,0.02,0.36,0.24,0.26
