league,season,game,round,week,day,date,time,home_team,home_xg,score,away_xg,away_team,attendance,venue,referee,match_report,notes,game_id
GER-Bundesliga,2324,2023-08-18 Werder Bremen-Bayern Munich,Bundesliga,1,Fri,2023-08-18,20:30,Werder Bremen,0.6,0–4,2.8,Bayern Munich,42100,Wohninvest Weserstadion,Felix Zwayer,/en/matches/97218e9f/Werder-Bremen-Bayern-Munich-August-18-2023-Bundesliga,,97218e9f
GER-Bundesliga,2324,2023-08-19 Augsburg-Gladbach,Bundesliga,1,Sat,2023-08-19,15:30,Augsburg,2.3,4–4,1.7,Gladbach,30660,WWK Arena,Daniel Schlager,/en/matches/aac55b7f/Augsburg-Monchengladbach-August-19-2023-Bundesliga,,aac55b7f
GER-Bundesliga,2324,2023-08-19 Dortmund-Köln,Bundesliga,1,Sat,2023-08-19,18:30,Dortmund,1.8,1–0,1.2,Köln,81365,Signal Iduna Park,Deniz Aytekin,/en/matches/c05c14ef/Dortmund-Koln-August-19-2023-Bundesliga,,c05c14ef
GER-Bundesliga,2324,2023-08-19 Hoffenheim-Freiburg,Bundesliga,1,Sat,2023-08-19,15:30,Hoffenheim,1.4,1–2,2.6,Freiburg,25890,PreZero Arena,Sven Jablonski,/en/matches/d1a443e5/Hoffenheim-Freiburg-August-19-2023-Bundesliga,,d1a443e5
GER-Bundesliga,2324,2023-08-19 Leverkusen-RB Leipzig,Bundesliga,1,Sat,2023-08-19,15:30,Leverkusen,1.4,3–2,1.6,RB Leipzig,29464,BayArena,Felix Brych,/en/matches/063d7b6b/Bayer-Leverkusen-RB-Leipzig-August-19-2023-Bundesliga,,063d7b6b
GER-Bundesliga,2324,2023-08-19 Stuttgart-Bochum,Bundesliga,1,Sat,2023-08-19,15:30,Stuttgart,3.0,5–0,0.8,Bochum,53000,MHPArena,Daniel Siebert,/en/matches/8fe3b615/Stuttgart-Bochum-August-19-2023-Bundesliga,,8fe3b615
GER-Bundesliga,2324,2023-08-19 Wolfsburg-Heidenheim,Bundesliga,1,Sat,2023-08-19,15:30,Wolfsburg,2.2,2–0,1.2,Heidenheim,22620,Volkswagen Arena,Florian Badstübner,/en/matches/3b6337dc/Wolfsburg-Heidenheim-August-19-2023-Bundesliga,,3b6337dc
GER-Bundesliga,2324,2023-08-20 Eint Frankfurt-Darmstadt 98,Bundesliga,1,Sun,2023-08-20,17:30,Eint Frankfurt,1.5,1–0,0.5,Darmstadt 98,54000,Deutsche Bank Park,Harm Osmers,/en/matches/60fc3feb/Eintracht-Frankfurt-Darmstadt-98-August-20-2023-Bundesliga,,60fc3feb
GER-Bundesliga,2324,2023-08-20 Union Berlin-Mainz 05,Bundesliga,1,Sun,2023-08-20,15:30,Union Berlin,1.9,4–1,2.3,Mainz 05,22012,Stadion An der Alten Försterei,Tobias Stieler,/en/matches/d6f1201f/Union-Berlin-Mainz-05-August-20-2023-Bundesliga,,d6f1201f
GER-Bundesliga,2324,2023-08-25 RB Leipzig-Stuttgart,Bundesliga,2,Fri,2023-08-25,20:30,RB Leipzig,1.8,5–1,1.1,Stuttgart,46084,Red Bull Arena,Frank Willenborg,/en/matches/195113d1/RB-Leipzig-Stuttgart-August-25-2023-Bundesliga,,195113d1
GER-Bundesliga,2324,2023-08-26 Bochum-Dortmund,Bundesliga,2,Sat,2023-08-26,15:30,Bochum,1.0,1–1,1.3,Dortmund,26000,Vonovia Ruhrstadion,Robert Schröder,/en/matches/02deea82/Bochum-Dortmund-August-26-2023-Bundesliga,,02deea82
GER-Bundesliga,2324,2023-08-26 Darmstadt 98-Union Berlin,Bundesliga,2,Sat,2023-08-26,15:30,Darmstadt 98,2.3,1–4,1.7,Union Berlin,17810,Merck-Stadion am Böllenfalltor,Patrick Ittrich,/en/matches/0fb64fd7/Darmstadt-98-Union-Berlin-August-26-2023-Bundesliga,,0fb64fd7
GER-Bundesliga,2324,2023-08-26 Freiburg-Werder Bremen,Bundesliga,2,Sat,2023-08-26,15:30,Freiburg,2.4,1–0,1.0,Werder Bremen,34700,Europa-Park Stadion,Benjamin Brand,/en/matches/4ffd6c40/Freiburg-Werder-Bremen-August-26-2023-Bundesliga,,4ffd6c40
GER-Bundesliga,2324,2023-08-26 Gladbach-Leverkusen,Bundesliga,2,Sat,2023-08-26,18:30,Gladbach,0.9,0–3,2.7,Leverkusen,54042,Stadion im Borussia-Park,Christian Dingert,/en/matches/3f7b87b9/Monchengladbach-Bayer-Leverkusen-August-26-2023-Bundesliga,,3f7b87b9
GER-Bundesliga,2324,2023-08-26 Heidenheim-Hoffenheim,Bundesliga,2,Sat,2023-08-26,15:30,Heidenheim,2.4,2–3,3.0,Hoffenheim,15000,Voith-Arena,Robert Hartmann,/en/matches/95224afe/Heidenheim-Hoffenheim-August-26-2023-Bundesliga,,95224afe
GER-Bundesliga,2324,2023-08-26 Köln-Wolfsburg,Bundesliga,2,Sat,2023-08-26,15:30,Köln,0.9,1–2,1.7,Wolfsburg,49500,RheinEnergieSTADION,Matthias Jöllenbeck,/en/matches/6ce17247/Koln-Wolfsburg-August-26-2023-Bundesliga,,6ce17247
GER-Bundesliga,2324,2023-08-27 Bayern Munich-Augsburg,Bundesliga,2,Sun,2023-08-27,17:30,Bayern Munich,2.8,3–1,0.7,Augsburg,75000,Allianz Arena,Daniel Siebert,/en/matches/f32bb54f/Bayern-Munich-Augsburg-August-27-2023-Bundesliga,,f32bb54f
GER-Bundesliga,2324,2023-08-27 Mainz 05-Eint Frankfurt,Bundesliga,2,Sun,2023-08-27,15:30,Mainz 05,1.2,1–1,1.1,Eint Frankfurt,33305,Mewa Arena,Bastian Dankert,/en/matches/53e372dd/Mainz-05-Eintracht-Frankfurt-August-27-2023-Bundesliga,,53e372dd
GER-Bundesliga,2324,2023-09-01 Dortmund-Heidenheim,Bundesliga,3,Fri,2023-09-01,20:30,Dortmund,3.4,2–2,2.1,Heidenheim,81365,Signal Iduna Park,Tobias Reichel,/en/matches/6533d274/Dortmund-Heidenheim-September-1-2023-Bundesliga,,6533d274
GER-Bundesliga,2324,2023-09-02 Augsburg-Bochum,Bundesliga,3,Sat,2023-09-02,15:30,Augsburg,1.9,2–2,1.6,Bochum,27424,WWK Arena,Martin Petersen,/en/matches/c8ab18c8/Augsburg-Bochum-September-2-2023-Bundesliga,,c8ab18c8
GER-Bundesliga,2324,2023-09-02 Gladbach-Bayern Munich,Bundesliga,3,Sat,2023-09-02,18:30,Gladbach,0.3,1–2,2.4,Bayern Munich,54042,Stadion im Borussia-Park,Deniz Aytekin,/en/matches/ffd6fa2f/Monchengladbach-Bayern-Munich-September-2-2023-Bundesliga,,ffd6fa2f
GER-Bundesliga,2324,2023-09-02 Hoffenheim-Wolfsburg,Bundesliga,3,Sat,2023-09-02,15:30,Hoffenheim,2.0,3–1,1.2,Wolfsburg,17500,PreZero Arena,Felix Zwayer,/en/matches/10204eb8/Hoffenheim-Wolfsburg-September-2-2023-Bundesliga,,10204eb8
GER-Bundesliga,2324,2023-09-02 Leverkusen-Darmstadt 98,Bundesliga,3,Sat,2023-09-02,15:30,Leverkusen,2.8,5–1,0.4,Darmstadt 98,29653,BayArena,Sven Jablonski,/en/matches/949b0917/Bayer-Leverkusen-Darmstadt-98-September-2-2023-Bundesliga,,949b0917
GER-Bundesliga,2324,2023-09-02 Stuttgart-Freiburg,Bundesliga,3,Sat,2023-09-02,15:30,Stuttgart,1.7,5–0,1.0,Freiburg,54300,MHPArena,Felix Brych,/en/matches/fdd85186/Stuttgart-Freiburg-September-2-2023-Bundesliga,,fdd85186
GER-Bundesliga,2324,2023-09-02 Werder Bremen-Mainz 05,Bundesliga,3,Sat,2023-09-02,15:30,Werder Bremen,2.7,4–0,0.5,Mainz 05,41000,Wohninvest Weserstadion,Robert Schröder,/en/matches/0f06a162/Werder-Bremen-Mainz-05-September-2-2023-Bundesliga,,0f06a162
GER-Bundesliga,2324,2023-09-03 Eint Frankfurt-Köln,Bundesliga,3,Sun,2023-09-03,15:30,Eint Frankfurt,1.1,1–1,0.9,Köln,54000,Deutsche Bank Park,Florian Badstübner,/en/matches/3a3dcb35/Eintracht-Frankfurt-Koln-September-3-2023-Bundesliga,,3a3dcb35
GER-Bundesliga,2324,2023-09-03 Union Berlin-RB Leipzig,Bundesliga,3,Sun,2023-09-03,17:30,Union Berlin,0.3,0–3,1.2,RB Leipzig,22012,Stadion An der Alten Försterei,Daniel Schlager,/en/matches/7df62594/Union-Berlin-RB-Leipzig-September-3-2023-Bundesliga,,7df62594
GER-Bundesliga,2324,2023-09-15 Bayern Munich-Leverkusen,Bundesliga,4,Fri,2023-09-15,20:30,Bayern Munich,2.1,2–2,2.1,Leverkusen,75000,Allianz Arena,Daniel Schlager,/en/matches/d6d922d0/Bayern-Munich-Bayer-Leverkusen-September-15-2023-Bundesliga,,d6d922d0
GER-Bundesliga,2324,2023-09-16 Bochum-Eint Frankfurt,Bundesliga,4,Sat,2023-09-16,18:30,Bochum,2.0,1–1,0.6,Eint Frankfurt,26000,Vonovia Ruhrstadion,Benjamin Brand,/en/matches/fffdfc41/Bochum-Eintracht-Frankfurt-September-16-2023-Bundesliga,,fffdfc41
GER-Bundesliga,2324,2023-09-16 Freiburg-Dortmund,Bundesliga,4,Sat,2023-09-16,15:30,Freiburg,1.0,2–4,2.3,Dortmund,34700,Europa-Park Stadion,Tobias Stieler,/en/matches/363f8d87/Freiburg-Dortmund-September-16-2023-Bundesliga,,363f8d87
GER-Bundesliga,2324,2023-09-16 Köln-Hoffenheim,Bundesliga,4,Sat,2023-09-16,15:30,Köln,1.0,1–3,1.0,Hoffenheim,49300,RheinEnergieSTADION,Daniel Siebert,/en/matches/d121d2fe/Koln-Hoffenheim-September-16-2023-Bundesliga,,d121d2fe
GER-Bundesliga,2324,2023-09-16 Mainz 05-Stuttgart,Bundesliga,4,Sat,2023-09-16,15:30,Mainz 05,0.9,1–3,1.6,Stuttgart,30500,Mewa Arena,Harm Osmers,/en/matches/1f4fdb5f/Mainz-05-Stuttgart-September-16-2023-Bundesliga,,1f4fdb5f
GER-Bundesliga,2324,2023-09-16 RB Leipzig-Augsburg,Bundesliga,4,Sat,2023-09-16,15:30,RB Leipzig,1.1,3–0,1.7,Augsburg,44746,Red Bull Arena,Sascha Stegemann,/en/matches/f3b2aa39/RB-Leipzig-Augsburg-September-16-2023-Bundesliga,,f3b2aa39
GER-Bundesliga,2324,2023-09-16 Wolfsburg-Union Berlin,Bundesliga,4,Sat,2023-09-16,15:30,Wolfsburg,0.4,2–1,1.1,Union Berlin,21917,Volkswagen Arena,Felix Brych,/en/matches/140f5fb4/Wolfsburg-Union-Berlin-September-16-2023-Bundesliga,,140f5fb4
GER-Bundesliga,2324,2023-09-17 Darmstadt 98-Gladbach,Bundesliga,4,Sun,2023-09-17,17:30,Darmstadt 98,1.2,3–3,3.9,Gladbach,17810,Merck-Stadion am Böllenfalltor,Timo Gerach,/en/matches/d58f8b35/Darmstadt-98-Monchengladbach-September-17-2023-Bundesliga,,d58f8b35
GER-Bundesliga,2324,2023-09-17 Heidenheim-Werder Bremen,Bundesliga,4,Sun,2023-09-17,15:30,Heidenheim,2.2,4–2,3.0,Werder Bremen,15000,Voith-Arena,Patrick Ittrich,/en/matches/2185c7f5/Heidenheim-Werder-Bremen-September-17-2023-Bundesliga,,2185c7f5
GER-Bundesliga,2324,2023-09-22 Stuttgart-Darmstadt 98,Bundesliga,5,Fri,2023-09-22,20:30,Stuttgart,2.3,3–1,0.2,Darmstadt 98,54000,MHPArena,Matthias Jöllenbeck,/en/matches/9cc13e55/Stuttgart-Darmstadt-98-September-22-2023-Bundesliga,,9cc13e55
GER-Bundesliga,2324,2023-09-23 Augsburg-Mainz 05,Bundesliga,5,Sat,2023-09-23,15:30,Augsburg,0.8,2–1,0.6,Mainz 05,27310,WWK Arena,Marco Fritz,/en/matches/6ac8a673/Augsburg-Mainz-05-September-23-2023-Bundesliga,,6ac8a673
GER-Bundesliga,2324,2023-09-23 Bayern Munich-Bochum,Bundesliga,5,Sat,2023-09-23,15:30,Bayern Munich,4.8,7–0,0.1,Bochum,75000,Allianz Arena,Robert Hartmann,/en/matches/047ad2d7/Bayern-Munich-Bochum-September-23-2023-Bundesliga,,047ad2d7
GER-Bundesliga,2324,2023-09-23 Dortmund-Wolfsburg,Bundesliga,5,Sat,2023-09-23,15:30,Dortmund,1.7,1–0,0.5,Wolfsburg,81365,Signal Iduna Park,Sven Jablonski,/en/matches/ba296db6/Dortmund-Wolfsburg-September-23-2023-Bundesliga,,ba296db6
GER-Bundesliga,2324,2023-09-23 Gladbach-RB Leipzig,Bundesliga,5,Sat,2023-09-23,15:30,Gladbach,0.8,0–1,0.7,RB Leipzig,50122,Stadion im Borussia-Park,Robert Schröder,/en/matches/e0aca9dc/Monchengladbach-RB-Leipzig-September-23-2023-Bundesliga,,e0aca9dc
GER-Bundesliga,2324,2023-09-23 Union Berlin-Hoffenheim,Bundesliga,5,Sat,2023-09-23,15:30,Union Berlin,1.6,0–2,2.0,Hoffenheim,20000,Stadion An der Alten Försterei,Deniz Aytekin,/en/matches/3c776110/Union-Berlin-Hoffenheim-September-23-2023-Bundesliga,,3c776110
GER-Bundesliga,2324,2023-09-23 Werder Bremen-Köln,Bundesliga,5,Sat,2023-09-23,18:30,Werder Bremen,2.1,2–1,1.3,Köln,42100,Wohninvest Weserstadion,Bastian Dankert,/en/matches/b15270e1/Werder-Bremen-Koln-September-23-2023-Bundesliga,,b15270e1
GER-Bundesliga,2324,2023-09-24 Eint Frankfurt-Freiburg,Bundesliga,5,Sun,2023-09-24,17:30,Eint Frankfurt,0.6,0–0,0.5,Freiburg,55800,Deutsche Bank Park,Felix Zwayer,/en/matches/04b49830/Eintracht-Frankfurt-Freiburg-September-24-2023-Bundesliga,,04b49830
GER-Bundesliga,2324,2023-09-24 Leverkusen-Heidenheim,Bundesliga,5,Sun,2023-09-24,15:30,Leverkusen,3.4,4–1,0.5,Heidenheim,29557,BayArena,Christian Dingert,/en/matches/68a63295/Bayer-Leverkusen-Heidenheim-September-24-2023-Bundesliga,,68a63295
GER-Bundesliga,2324,2023-09-29 Hoffenheim-Dortmund,Bundesliga,6,Fri,2023-09-29,20:30,Hoffenheim,1.9,1–3,1.6,Dortmund,30150,PreZero Arena,Florian Badstübner,/en/matches/651b8bdf/Hoffenheim-Dortmund-September-29-2023-Bundesliga,,651b8bdf
GER-Bundesliga,2324,2023-09-30 Bochum-Gladbach,Bundesliga,6,Sat,2023-09-30,15:30,Bochum,1.7,1–3,2.9,Gladbach,26000,Vonovia Ruhrstadion,Felix Brych,/en/matches/b07cca46/Bochum-Monchengladbach-September-30-2023-Bundesliga,,b07cca46
GER-Bundesliga,2324,2023-09-30 Heidenheim-Union Berlin,Bundesliga,6,Sat,2023-09-30,15:30,Heidenheim,0.8,1–0,2.2,Union Berlin,15000,Voith-Arena,Sascha Stegemann,/en/matches/23d84166/Heidenheim-Union-Berlin-September-30-2023-Bundesliga,,23d84166
GER-Bundesliga,2324,2023-09-30 Köln-Stuttgart,Bundesliga,6,Sat,2023-09-30,15:30,Köln,0.7,0–2,2.5,Stuttgart,50000,RheinEnergieSTADION,Tobias Stieler,/en/matches/0c06c0c9/Koln-Stuttgart-September-30-2023-Bundesliga,,0c06c0c9
GER-Bundesliga,2324,2023-09-30 Mainz 05-Leverkusen,Bundesliga,6,Sat,2023-09-30,15:30,Mainz 05,0.5,0–3,1.1,Leverkusen,33305,Mewa Arena,Benjamin Brand,/en/matches/d16559ab/Mainz-05-Bayer-Leverkusen-September-30-2023-Bundesliga,,d16559ab
GER-Bundesliga,2324,2023-09-30 RB Leipzig-Bayern Munich,Bundesliga,6,Sat,2023-09-30,18:30,RB Leipzig,0.7,2–2,2.3,Bayern Munich,47069,Red Bull Arena,Marco Fritz,/en/matches/e30a07e3/RB-Leipzig-Bayern-Munich-September-30-2023-Bundesliga,,e30a07e3
GER-Bundesliga,2324,2023-09-30 Wolfsburg-Eint Frankfurt,Bundesliga,6,Sat,2023-09-30,15:30,Wolfsburg,3.2,2–0,1.3,Eint Frankfurt,28323,Volkswagen Arena,Frank Willenborg,/en/matches/330b9850/Wolfsburg-Eintracht-Frankfurt-September-30-2023-Bundesliga,,330b9850
GER-Bundesliga,2324,2023-10-01 Darmstadt 98-Werder Bremen,Bundesliga,6,Sun,2023-10-01,15:30,Darmstadt 98,2.4,4–2,1.5,Werder Bremen,17810,Merck-Stadion am Böllenfalltor,Martin Petersen,/en/matches/5ebc00f1/Darmstadt-98-Werder-Bremen-October-1-2023-Bundesliga,,5ebc00f1
GER-Bundesliga,2324,2023-10-01 Freiburg-Augsburg,Bundesliga,6,Sun,2023-10-01,17:30,Freiburg,1.0,2–0,0.8,Augsburg,33134,Europa-Park Stadion,Harm Osmers,/en/matches/367e0516/Freiburg-Augsburg-October-1-2023-Bundesliga,,367e0516
GER-Bundesliga,2324,2023-10-06 Gladbach-Mainz 05,Bundesliga,7,Fri,2023-10-06,20:30,Gladbach,2.3,2–2,0.8,Mainz 05,51529,Stadion im Borussia-Park,Sven Jablonski,/en/matches/a2a3e181/Monchengladbach-Mainz-05-October-6-2023-Bundesliga,,a2a3e181
GER-Bundesliga,2324,2023-10-07 Augsburg-Darmstadt 98,Bundesliga,7,Sat,2023-10-07,15:30,Augsburg,0.9,1–2,1.8,Darmstadt 98,29200,WWK Arena,Deniz Aytekin,/en/matches/7d0fed76/Augsburg-Darmstadt-98-October-7-2023-Bundesliga,,7d0fed76
GER-Bundesliga,2324,2023-10-07 Dortmund-Union Berlin,Bundesliga,7,Sat,2023-10-07,15:30,Dortmund,1.6,4–2,1.4,Union Berlin,81365,Signal Iduna Park,Patrick Ittrich,/en/matches/4661d112/Dortmund-Union-Berlin-October-7-2023-Bundesliga,,4661d112
GER-Bundesliga,2324,2023-10-07 RB Leipzig-Bochum,Bundesliga,7,Sat,2023-10-07,15:30,RB Leipzig,2.5,0–0,0.4,Bochum,44269,Red Bull Arena,Timo Gerach,/en/matches/15bd2f93/RB-Leipzig-Bochum-October-7-2023-Bundesliga,,15bd2f93
GER-Bundesliga,2324,2023-10-07 Stuttgart-Wolfsburg,Bundesliga,7,Sat,2023-10-07,15:30,Stuttgart,2.7,3–1,1.2,Wolfsburg,52000,MHPArena,Daniel Siebert,/en/matches/7eb884e7/Stuttgart-Wolfsburg-October-7-2023-Bundesliga,,7eb884e7
GER-Bundesliga,2324,2023-10-07 Werder Bremen-Hoffenheim,Bundesliga,7,Sat,2023-10-07,18:30,Werder Bremen,0.8,2–3,1.9,Hoffenheim,41000,Wohninvest Weserstadion,Christian Dingert,/en/matches/0cff2d10/Werder-Bremen-Hoffenheim-October-7-2023-Bundesliga,,0cff2d10
GER-Bundesliga,2324,2023-10-08 Bayern Munich-Freiburg,Bundesliga,7,Sun,2023-10-08,17:30,Bayern Munich,2.4,3–0,0.1,Freiburg,75000,Allianz Arena,Robert Schröder,/en/matches/8a7f496b/Bayern-Munich-Freiburg-October-8-2023-Bundesliga,,8a7f496b
GER-Bundesliga,2324,2023-10-08 Eint Frankfurt-Heidenheim,Bundesliga,7,Sun,2023-10-08,19:30,Eint Frankfurt,1.9,2–0,1.2,Heidenheim,55800,Deutsche Bank Park,Daniel Schlager,/en/matches/72335e6e/Eintracht-Frankfurt-Heidenheim-October-8-2023-Bundesliga,,72335e6e
GER-Bundesliga,2324,2023-10-08 Leverkusen-Köln,Bundesliga,7,Sun,2023-10-08,15:30,Leverkusen,3.2,3–0,1.3,Köln,30210,BayArena,Felix Zwayer,/en/matches/f1268661/Bayer-Leverkusen-Koln-October-8-2023-Bundesliga,,f1268661
GER-Bundesliga,2324,2023-10-20 Dortmund-Werder Bremen,Bundesliga,8,Fri,2023-10-20,20:30,Dortmund,2.6,1–0,0.4,Werder Bremen,81365,Signal Iduna Park,Felix Brych,/en/matches/be058dce/Dortmund-Werder-Bremen-October-20-2023-Bundesliga,,be058dce
GER-Bundesliga,2324,2023-10-21 Darmstadt 98-RB Leipzig,Bundesliga,8,Sat,2023-10-21,15:30,Darmstadt 98,2.4,1–3,1.9,RB Leipzig,17810,Merck-Stadion am Böllenfalltor,Harm Osmers,/en/matches/48110abe/Darmstadt-98-RB-Leipzig-October-21-2023-Bundesliga,,48110abe
GER-Bundesliga,2324,2023-10-21 Freiburg-Bochum,Bundesliga,8,Sat,2023-10-21,15:30,Freiburg,2.3,2–1,1.5,Bochum,33900,Europa-Park Stadion,Tobias Reichel,/en/matches/0014bad7/Freiburg-Bochum-October-21-2023-Bundesliga,,0014bad7
GER-Bundesliga,2324,2023-10-21 Hoffenheim-Eint Frankfurt,Bundesliga,8,Sat,2023-10-21,15:30,Hoffenheim,1.4,1–3,2.4,Eint Frankfurt,30150,PreZero Arena,Matthias Jöllenbeck,/en/matches/e689158b/Hoffenheim-Eintracht-Frankfurt-October-21-2023-Bundesliga,,e689158b
GER-Bundesliga,2324,2023-10-21 Mainz 05-Bayern Munich,Bundesliga,8,Sat,2023-10-21,18:30,Mainz 05,1.1,1–3,1.8,Bayern Munich,33305,Mewa Arena,Sascha Stegemann,/en/matches/a7af08ab/Mainz-05-Bayern-Munich-October-21-2023-Bundesliga,,a7af08ab
GER-Bundesliga,2324,2023-10-21 Union Berlin-Stuttgart,Bundesliga,8,Sat,2023-10-21,15:30,Union Berlin,0.6,0–3,1.4,Stuttgart,22012,Stadion An der Alten Försterei,Bastian Dankert,/en/matches/9ab68fca/Union-Berlin-Stuttgart-October-21-2023-Bundesliga,,9ab68fca
GER-Bundesliga,2324,2023-10-21 Wolfsburg-Leverkusen,Bundesliga,8,Sat,2023-10-21,15:30,Wolfsburg,1.4,1–2,1.9,Leverkusen,28917,Volkswagen Arena,Marco Fritz,/en/matches/9a4291a3/Wolfsburg-Bayer-Leverkusen-October-21-2023-Bundesliga,,9a4291a3
GER-Bundesliga,2324,2023-10-22 Heidenheim-Augsburg,Bundesliga,8,Sun,2023-10-22,17:30,Heidenheim,1.5,2–5,2.5,Augsburg,15000,Voith-Arena,Tobias Stieler,/en/matches/41fd7764/Heidenheim-Augsburg-October-22-2023-Bundesliga,,41fd7764
GER-Bundesliga,2324,2023-10-22 Köln-Gladbach,Bundesliga,8,Sun,2023-10-22,15:30,Köln,2.7,3–1,0.3,Gladbach,50000,RheinEnergieSTADION,Deniz Aytekin,/en/matches/5224d2f5/Koln-Monchengladbach-October-22-2023-Bundesliga,,5224d2f5
GER-Bundesliga,2324,2023-10-27 Bochum-Mainz 05,Bundesliga,9,Fri,2023-10-27,20:30,Bochum,1.4,2–2,0.4,Mainz 05,26000,Vonovia Ruhrstadion,Patrick Ittrich,/en/matches/cfe3b5c3/Bochum-Mainz-05-October-27-2023-Bundesliga,,cfe3b5c3
GER-Bundesliga,2324,2023-10-28 Augsburg-Wolfsburg,Bundesliga,9,Sat,2023-10-28,15:30,Augsburg,1.4,3–2,1.4,Wolfsburg,28000,WWK Arena,Daniel Schlager,/en/matches/b08c06e8/Augsburg-Wolfsburg-October-28-2023-Bundesliga,,b08c06e8
GER-Bundesliga,2324,2023-10-28 Bayern Munich-Darmstadt 98,Bundesliga,9,Sat,2023-10-28,15:30,Bayern Munich,5.8,8–0,0.7,Darmstadt 98,75000,Allianz Arena,Martin Petersen,/en/matches/bc7df752/Bayern-Munich-Darmstadt-98-October-28-2023-Bundesliga,,bc7df752
GER-Bundesliga,2324,2023-10-28 Gladbach-Heidenheim,Bundesliga,9,Sat,2023-10-28,15:30,Gladbach,1.0,2–1,0.4,Heidenheim,51541,Stadion im Borussia-Park,Robert Hartmann,/en/matches/029be8be/Monchengladbach-Heidenheim-October-28-2023-Bundesliga,,029be8be
GER-Bundesliga,2324,2023-10-28 RB Leipzig-Köln,Bundesliga,9,Sat,2023-10-28,18:30,RB Leipzig,4.2,6–0,0.9,Köln,46480,Red Bull Arena,Benjamin Brand,/en/matches/c9cde5e8/RB-Leipzig-Koln-October-28-2023-Bundesliga,,c9cde5e8
GER-Bundesliga,2324,2023-10-28 Stuttgart-Hoffenheim,Bundesliga,9,Sat,2023-10-28,15:30,Stuttgart,3.6,2–3,1.7,Hoffenheim,53200,MHPArena,Felix Zwayer,/en/matches/bbecea98/Stuttgart-Hoffenheim-October-28-2023-Bundesliga,,bbecea98
GER-Bundesliga,2324,2023-10-28 Werder Bremen-Union Berlin,Bundesliga,9,Sat,2023-10-28,15:30,Werder Bremen,0.8,2–0,0.6,Union Berlin,42100,Wohninvest Weserstadion,Tobias Stieler,/en/matches/aed937f1/Werder-Bremen-Union-Berlin-October-28-2023-Bundesliga,,aed937f1
GER-Bundesliga,2324,2023-10-29 Eint Frankfurt-Dortmund,Bundesliga,9,Sun,2023-10-29,15:30,Eint Frankfurt,2.2,3–3,2.2,Dortmund,56500,Deutsche Bank Park,Robert Schröder,/en/matches/d332b8cc/Eintracht-Frankfurt-Dortmund-October-29-2023-Bundesliga,,d332b8cc
GER-Bundesliga,2324,2023-10-29 Leverkusen-Freiburg,Bundesliga,9,Sun,2023-10-29,17:30,Leverkusen,1.4,2–1,0.9,Freiburg,30210,BayArena,Daniel Siebert,/en/matches/9cc63f4d/Bayer-Leverkusen-Freiburg-October-29-2023-Bundesliga,,9cc63f4d
GER-Bundesliga,2324,2023-11-03 Darmstadt 98-Bochum,Bundesliga,10,Fri,2023-11-03,20:30,Darmstadt 98,0.7,1–2,1.2,Bochum,17810,Merck-Stadion am Böllenfalltor,Marco Fritz,/en/matches/44974e1b/Darmstadt-98-Bochum-November-3-2023-Bundesliga,,44974e1b
GER-Bundesliga,2324,2023-11-04 Dortmund-Bayern Munich,Bundesliga,10,Sat,2023-11-04,18:30,Dortmund,1.0,0–4,3.2,Bayern Munich,81365,Signal Iduna Park,Deniz Aytekin,/en/matches/0e6a1a60/Der-Klassiker-Dortmund-Bayern-Munich-November-4-2023-Bundesliga,,0e6a1a60
GER-Bundesliga,2324,2023-11-04 Freiburg-Gladbach,Bundesliga,10,Sat,2023-11-04,15:30,Freiburg,3.3,3–3,2.2,Gladbach,34700,Europa-Park Stadion,Felix Brych,/en/matches/663aa0ea/Freiburg-Monchengladbach-November-4-2023-Bundesliga,,663aa0ea
GER-Bundesliga,2324,2023-11-04 Hoffenheim-Leverkusen,Bundesliga,10,Sat,2023-11-04,15:30,Hoffenheim,1.7,2–3,1.0,Leverkusen,30150,PreZero Arena,Frank Willenborg,/en/matches/c0894ab7/Hoffenheim-Bayer-Leverkusen-November-4-2023-Bundesliga,,c0894ab7
GER-Bundesliga,2324,2023-11-04 Köln-Augsburg,Bundesliga,10,Sat,2023-11-04,15:30,Köln,2.0,1–1,2.6,Augsburg,49300,RheinEnergieSTADION,Christian Dingert,/en/matches/ab499def/Koln-Augsburg-November-4-2023-Bundesliga,,ab499def
GER-Bundesliga,2324,2023-11-04 Mainz 05-RB Leipzig,Bundesliga,10,Sat,2023-11-04,15:30,Mainz 05,0.9,2–0,0.5,RB Leipzig,30100,Mewa Arena,Bastian Dankert,/en/matches/1161dad0/Mainz-05-RB-Leipzig-November-4-2023-Bundesliga,,1161dad0
GER-Bundesliga,2324,2023-11-04 Union Berlin-Eint Frankfurt,Bundesliga,10,Sat,2023-11-04,15:30,Union Berlin,0.7,0–3,1.6,Eint Frankfurt,22012,Stadion An der Alten Försterei,Sven Jablonski,/en/matches/d81fbe7f/Union-Berlin-Eintracht-Frankfurt-November-4-2023-Bundesliga,,d81fbe7f
GER-Bundesliga,2324,2023-11-05 Heidenheim-Stuttgart,Bundesliga,10,Sun,2023-11-05,17:30,Heidenheim,1.2,2–0,2.6,Stuttgart,15000,Voith-Arena,Florian Badstübner,/en/matches/305a9b51/Heidenheim-Stuttgart-November-5-2023-Bundesliga,,305a9b51
GER-Bundesliga,2324,2023-11-05 Wolfsburg-Werder Bremen,Bundesliga,10,Sun,2023-11-05,15:30,Wolfsburg,1.6,2–2,1.2,Werder Bremen,28917,Volkswagen Arena,Tobias Reichel,/en/matches/98d8fe64/Wolfsburg-Werder-Bremen-November-5-2023-Bundesliga,,98d8fe64
GER-Bundesliga,2324,2023-11-10 Gladbach-Wolfsburg,Bundesliga,11,Fri,2023-11-10,20:30,Gladbach,1.5,4–0,0.5,Wolfsburg,45308,Stadion im Borussia-Park,Felix Zwayer,/en/matches/3037667d/Monchengladbach-Wolfsburg-November-10-2023-Bundesliga,,3037667d
GER-Bundesliga,2324,2023-11-11 Augsburg-Hoffenheim,Bundesliga,11,Sat,2023-11-11,15:30,Augsburg,1.0,1–1,0.8,Hoffenheim,28260,WWK Arena,Felix Brych,/en/matches/3970535a/Augsburg-Hoffenheim-November-11-2023-Bundesliga,,3970535a
GER-Bundesliga,2324,2023-11-11 Bayern Munich-Heidenheim,Bundesliga,11,Sat,2023-11-11,15:30,Bayern Munich,2.0,4–2,0.9,Heidenheim,75000,Allianz Arena,Harm Osmers,/en/matches/684040d1/Bayern-Munich-Heidenheim-November-11-2023-Bundesliga,,684040d1
GER-Bundesliga,2324,2023-11-11 Bochum-Köln,Bundesliga,11,Sat,2023-11-11,18:30,Bochum,3.7,1–1,0.9,Köln,26000,Vonovia Ruhrstadion,Matthias Jöllenbeck,/en/matches/b7bef81f/Bochum-Koln-November-11-2023-Bundesliga,,b7bef81f
GER-Bundesliga,2324,2023-11-11 Darmstadt 98-Mainz 05,Bundesliga,11,Sat,2023-11-11,15:30,Darmstadt 98,0.5,0–0,0.7,Mainz 05,17810,Merck-Stadion am Böllenfalltor,Daniel Siebert,/en/matches/f98e467c/Darmstadt-98-Mainz-05-November-11-2023-Bundesliga,,f98e467c
GER-Bundesliga,2324,2023-11-11 Stuttgart-Dortmund,Bundesliga,11,Sat,2023-11-11,15:30,Stuttgart,4.2,2–1,1.0,Dortmund,55000,MHPArena,Tobias Stieler,/en/matches/5e8f7e88/Stuttgart-Dortmund-November-11-2023-Bundesliga,,5e8f7e88
GER-Bundesliga,2324,2023-11-12 Leverkusen-Union Berlin,Bundesliga,11,Sun,2023-11-12,15:30,Leverkusen,2.4,4–0,0.0,Union Berlin,29387,BayArena,Timo Gerach,/en/matches/bece4395/Bayer-Leverkusen-Union-Berlin-November-12-2023-Bundesliga,,bece4395
GER-Bundesliga,2324,2023-11-12 RB Leipzig-Freiburg,Bundesliga,11,Sun,2023-11-12,19:30,RB Leipzig,1.9,3–1,0.5,Freiburg,41117,Red Bull Arena,Patrick Ittrich,/en/matches/fcbc3a03/RB-Leipzig-Freiburg-November-12-2023-Bundesliga,,fcbc3a03
GER-Bundesliga,2324,2023-11-12 Werder Bremen-Eint Frankfurt,Bundesliga,11,Sun,2023-11-12,17:30,Werder Bremen,1.5,2–2,2.0,Eint Frankfurt,42100,Wohninvest Weserstadion,Benjamin Brand,/en/matches/5c3bedb6/Werder-Bremen-Eintracht-Frankfurt-November-12-2023-Bundesliga,,5c3bedb6
GER-Bundesliga,2324,2023-11-24 Köln-Bayern Munich,Bundesliga,12,Fri,2023-11-24,20:30,Köln,0.2,0–1,3.5,Bayern Munich,50000,RheinEnergieSTADION,Marco Fritz,/en/matches/5ffb46dc/Koln-Bayern-Munich-November-24-2023-Bundesliga,,5ffb46dc
GER-Bundesliga,2324,2023-11-25 Dortmund-Gladbach,Bundesliga,12,Sat,2023-11-25,15:30,Dortmund,3.2,4–2,1.0,Gladbach,81365,Signal Iduna Park,Sven Jablonski,/en/matches/f681bb3c/Dortmund-Monchengladbach-November-25-2023-Bundesliga,,f681bb3c
GER-Bundesliga,2324,2023-11-25 Eint Frankfurt-Stuttgart,Bundesliga,12,Sat,2023-11-25,18:30,Eint Frankfurt,0.9,1–2,2.3,Stuttgart,58000,Deutsche Bank Park,Felix Brych,/en/matches/681f0b6f/Eintracht-Frankfurt-Stuttgart-November-25-2023-Bundesliga,,681f0b6f
GER-Bundesliga,2324,2023-11-25 Freiburg-Darmstadt 98,Bundesliga,12,Sat,2023-11-25,15:30,Freiburg,1.6,1–1,0.4,Darmstadt 98,34300,Europa-Park Stadion,Sascha Stegemann,/en/matches/057a9eb7/Freiburg-Darmstadt-98-November-25-2023-Bundesliga,,057a9eb7
GER-Bundesliga,2324,2023-11-25 Union Berlin-Augsburg,Bundesliga,12,Sat,2023-11-25,15:30,Union Berlin,2.1,1–1,1.7,Augsburg,22012,Stadion An der Alten Försterei,Florian Badstübner,/en/matches/e30bd7d2/Union-Berlin-Augsburg-November-25-2023-Bundesliga,,e30bd7d2
GER-Bundesliga,2324,2023-11-25 Werder Bremen-Leverkusen,Bundesliga,12,Sat,2023-11-25,15:30,Werder Bremen,0.2,0–3,1.0,Leverkusen,42100,Wohninvest Weserstadion,Martin Petersen,/en/matches/30b8a712/Werder-Bremen-Bayer-Leverkusen-November-25-2023-Bundesliga,,30b8a712
GER-Bundesliga,2324,2023-11-25 Wolfsburg-RB Leipzig,Bundesliga,12,Sat,2023-11-25,15:30,Wolfsburg,0.9,2–1,2.7,RB Leipzig,25350,Volkswagen Arena,Robert Hartmann,/en/matches/a98967a4/Wolfsburg-RB-Leipzig-November-25-2023-Bundesliga,,a98967a4
GER-Bundesliga,2324,2023-11-26 Heidenheim-Bochum,Bundesliga,12,Sun,2023-11-26,15:30,Heidenheim,0.8,0–0,0.4,Bochum,15000,Voith-Arena,Felix Zwayer,/en/matches/d913616c/Heidenheim-Bochum-November-26-2023-Bundesliga,,d913616c
GER-Bundesliga,2324,2023-11-26 Hoffenheim-Mainz 05,Bundesliga,12,Sun,2023-11-26,17:30,Hoffenheim,1.2,1–1,1.8,Mainz 05,22000,PreZero Arena,Deniz Aytekin,/en/matches/bc0e7fa8/Hoffenheim-Mainz-05-November-26-2023-Bundesliga,,bc0e7fa8
GER-Bundesliga,2324,2023-12-01 Darmstadt 98-Köln,Bundesliga,13,Fri,2023-12-01,20:30,Darmstadt 98,0.7,0–1,1.5,Köln,17810,Merck-Stadion am Böllenfalltor,Patrick Ittrich,/en/matches/88486a76/Darmstadt-98-Koln-December-1-2023-Bundesliga,,88486a76
GER-Bundesliga,2324,2023-12-02 Bochum-Wolfsburg,Bundesliga,13,Sat,2023-12-02,15:30,Bochum,1.5,3–1,1.3,Wolfsburg,24350,Vonovia Ruhrstadion,Robert Schröder,/en/matches/a700767e/Bochum-Wolfsburg-December-2-2023-Bundesliga,,a700767e
GER-Bundesliga,2324,2023-12-02 Gladbach-Hoffenheim,Bundesliga,13,Sat,2023-12-02,15:30,Gladbach,1.6,2–1,1.4,Hoffenheim,49341,Stadion im Borussia-Park,Tobias Reichel,/en/matches/fa6e2a54/Monchengladbach-Hoffenheim-December-2-2023-Bundesliga,,fa6e2a54
GER-Bundesliga,2324,2023-12-02 RB Leipzig-Heidenheim,Bundesliga,13,Sat,2023-12-02,15:30,RB Leipzig,4.0,2–1,1.0,Heidenheim,44887,Red Bull Arena,Christian Dingert,/en/matches/1277604b/RB-Leipzig-Heidenheim-December-2-2023-Bundesliga,,1277604b
GER-Bundesliga,2324,2023-12-02 Stuttgart-Werder Bremen,Bundesliga,13,Sat,2023-12-02,18:30,Stuttgart,3.5,2–0,0.8,Werder Bremen,54500,MHPArena,Bastian Dankert,/en/matches/5ea2a1ee/Stuttgart-Werder-Bremen-December-2-2023-Bundesliga,,5ea2a1ee
GER-Bundesliga,2324,2023-12-03 Augsburg-Eint Frankfurt,Bundesliga,13,Sun,2023-12-03,19:30,Augsburg,1.4,2–1,1.0,Eint Frankfurt,26107,WWK Arena,Harm Osmers,/en/matches/4bea1c30/Augsburg-Eintracht-Frankfurt-December-3-2023-Bundesliga,,4bea1c30
GER-Bundesliga,2324,2023-12-03 Leverkusen-Dortmund,Bundesliga,13,Sun,2023-12-03,17:30,Leverkusen,2.1,1–1,0.7,Dortmund,30210,BayArena,Daniel Siebert,/en/matches/a235a3b6/Bayer-Leverkusen-Dortmund-December-3-2023-Bundesliga,,a235a3b6
GER-Bundesliga,2324,2023-12-03 Mainz 05-Freiburg,Bundesliga,13,Sun,2023-12-03,15:30,Mainz 05,2.3,0–1,0.9,Freiburg,30300,Mewa Arena,Tobias Stieler,/en/matches/3f2986cd/Mainz-05-Freiburg-December-3-2023-Bundesliga,,3f2986cd
GER-Bundesliga,2324,2023-12-08 Hoffenheim-Bochum,Bundesliga,14,Fri,2023-12-08,20:30,Hoffenheim,1.5,3–1,1.5,Bochum,16023,PreZero Arena,Matthias Jöllenbeck,/en/matches/dfcff3ef/Hoffenheim-Bochum-December-8-2023-Bundesliga,,dfcff3ef
GER-Bundesliga,2324,2023-12-09 Dortmund-RB Leipzig,Bundesliga,14,Sat,2023-12-09,18:30,Dortmund,1.5,2–3,2.8,RB Leipzig,81365,Signal Iduna Park,Sven Jablonski,/en/matches/f73593b4/Dortmund-RB-Leipzig-December-9-2023-Bundesliga,,f73593b4
GER-Bundesliga,2324,2023-12-09 Eint Frankfurt-Bayern Munich,Bundesliga,14,Sat,2023-12-09,15:30,Eint Frankfurt,1.3,5–1,2.1,Bayern Munich,58000,Deutsche Bank Park,Felix Zwayer,/en/matches/251c1dd6/Eintracht-Frankfurt-Bayern-Munich-December-9-2023-Bundesliga,,251c1dd6
GER-Bundesliga,2324,2023-12-09 Heidenheim-Darmstadt 98,Bundesliga,14,Sat,2023-12-09,15:30,Heidenheim,1.4,3–2,0.9,Darmstadt 98,15000,Voith-Arena,Daniel Schlager,/en/matches/1a98eda2/Heidenheim-Darmstadt-98-December-9-2023-Bundesliga,,1a98eda2
GER-Bundesliga,2324,2023-12-09 Union Berlin-Gladbach,Bundesliga,14,Sat,2023-12-09,15:30,Union Berlin,2.1,3–1,1.1,Gladbach,22012,Stadion An der Alten Försterei,Martin Petersen,/en/matches/31e39f60/Union-Berlin-Monchengladbach-December-9-2023-Bundesliga,,31e39f60
GER-Bundesliga,2324,2023-12-09 Werder Bremen-Augsburg,Bundesliga,14,Sat,2023-12-09,15:30,Werder Bremen,1.5,2–0,0.7,Augsburg,41000,Wohninvest Weserstadion,Sascha Stegemann,/en/matches/e6729107/Werder-Bremen-Augsburg-December-9-2023-Bundesliga,,e6729107
GER-Bundesliga,2324,2023-12-09 Wolfsburg-Freiburg,Bundesliga,14,Sat,2023-12-09,15:30,Wolfsburg,1.2,0–1,1.1,Freiburg,20146,Volkswagen Arena,Marco Fritz,/en/matches/9c21532b/Wolfsburg-Freiburg-December-9-2023-Bundesliga,,9c21532b
GER-Bundesliga,2324,2023-12-10 Köln-Mainz 05,Bundesliga,14,Sun,2023-12-10,17:30,Köln,0.3,0–0,1.4,Mainz 05,50000,RheinEnergieSTADION,Frank Willenborg,/en/matches/c88aecd7/Koln-Mainz-05-December-10-2023-Bundesliga,,c88aecd7
GER-Bundesliga,2324,2023-12-10 Stuttgart-Leverkusen,Bundesliga,14,Sun,2023-12-10,15:30,Stuttgart,2.6,1–1,1.3,Leverkusen,54500,MHPArena,Deniz Aytekin,/en/matches/a24d6ae4/Stuttgart-Bayer-Leverkusen-December-10-2023-Bundesliga,,a24d6ae4
GER-Bundesliga,2324,2023-12-15 Gladbach-Werder Bremen,Bundesliga,15,Fri,2023-12-15,20:30,Gladbach,1.4,2–2,1.6,Werder Bremen,50660,Stadion im Borussia-Park,Felix Zwayer,/en/matches/6789ead0/Monchengladbach-Werder-Bremen-December-15-2023-Bundesliga,,6789ead0
GER-Bundesliga,2324,2023-12-16 Augsburg-Dortmund,Bundesliga,15,Sat,2023-12-16,15:30,Augsburg,1.8,1–1,2.6,Dortmund,30660,WWK Arena,Matthias Jöllenbeck,/en/matches/c6900058/Augsburg-Dortmund-December-16-2023-Bundesliga,,c6900058
GER-Bundesliga,2324,2023-12-16 Bochum-Union Berlin,Bundesliga,15,Sat,2023-12-16,15:30,Bochum,2.8,3–0,0.7,Union Berlin,25300,Vonovia Ruhrstadion,Sven Jablonski,/en/matches/a08896e6/Bochum-Union-Berlin-December-16-2023-Bundesliga,,a08896e6
GER-Bundesliga,2324,2023-12-16 Darmstadt 98-Wolfsburg,Bundesliga,15,Sat,2023-12-16,15:30,Darmstadt 98,0.6,0–1,0.6,Wolfsburg,16900,Merck-Stadion am Böllenfalltor,Robert Hartmann,/en/matches/6863e2f2/Darmstadt-98-Wolfsburg-December-16-2023-Bundesliga,,6863e2f2
GER-Bundesliga,2324,2023-12-16 Mainz 05-Heidenheim,Bundesliga,15,Sat,2023-12-16,15:30,Mainz 05,1.6,0–1,0.5,Heidenheim,27200,Mewa Arena,Bastian Dankert,/en/matches/cafc9381/Mainz-05-Heidenheim-December-16-2023-Bundesliga,,cafc9381
GER-Bundesliga,2324,2023-12-16 RB Leipzig-Hoffenheim,Bundesliga,15,Sat,2023-12-16,18:30,RB Leipzig,2.8,3–1,0.8,Hoffenheim,42946,Red Bull Arena,Robert Schröder,/en/matches/71872824/RB-Leipzig-Hoffenheim-December-16-2023-Bundesliga,,71872824
GER-Bundesliga,2324,2023-12-17 Bayern Munich-Stuttgart,Bundesliga,15,Sun,2023-12-17,19:30,Bayern Munich,2.8,3–0,0.4,Stuttgart,75000,Allianz Arena,Tobias Stieler,/en/matches/c46446dd/Bayern-Munich-Stuttgart-December-17-2023-Bundesliga,,c46446dd
GER-Bundesliga,2324,2023-12-17 Freiburg-Köln,Bundesliga,15,Sun,2023-12-17,15:30,Freiburg,3.0,2–0,1.2,Köln,34700,Europa-Park Stadion,Harm Osmers,/en/matches/bf792334/Freiburg-Koln-December-17-2023-Bundesliga,,bf792334
GER-Bundesliga,2324,2023-12-17 Leverkusen-Eint Frankfurt,Bundesliga,15,Sun,2023-12-17,17:30,Leverkusen,2.5,3–0,0.2,Eint Frankfurt,30210,BayArena,Christian Dingert,/en/matches/a0cd5a82/Bayer-Leverkusen-Eintracht-Frankfurt-December-17-2023-Bundesliga,,a0cd5a82
GER-Bundesliga,2324,2023-12-19 Dortmund-Mainz 05,Bundesliga,16,Tue,2023-12-19,20:30,Dortmund,1.2,1–1,0.9,Mainz 05,80350,Signal Iduna Park,Marco Fritz,/en/matches/ac181d3a/Dortmund-Mainz-05-December-19-2023-Bundesliga,,ac181d3a
GER-Bundesliga,2324,2023-12-19 Hoffenheim-Darmstadt 98,Bundesliga,16,Tue,2023-12-19,20:30,Hoffenheim,3.5,3–3,0.8,Darmstadt 98,18125,PreZero Arena,Frank Willenborg,/en/matches/067ebd6d/Hoffenheim-Darmstadt-98-December-19-2023-Bundesliga,,067ebd6d
GER-Bundesliga,2324,2023-12-19 Werder Bremen-RB Leipzig,Bundesliga,16,Tue,2023-12-19,18:30,Werder Bremen,1.5,1–1,1.7,RB Leipzig,41000,Wohninvest Weserstadion,Tobias Reichel,/en/matches/be7a1a96/Werder-Bremen-RB-Leipzig-December-19-2023-Bundesliga,,be7a1a96
GER-Bundesliga,2324,2023-12-20 Eint Frankfurt-Gladbach,Bundesliga,16,Wed,2023-12-20,20:30,Eint Frankfurt,1.4,2–1,0.3,Gladbach,58000,Deutsche Bank Park,Florian Badstübner,/en/matches/ece3d924/Eintracht-Frankfurt-Monchengladbach-December-20-2023-Bundesliga,,ece3d924
GER-Bundesliga,2324,2023-12-20 Heidenheim-Freiburg,Bundesliga,16,Wed,2023-12-20,20:30,Heidenheim,1.9,3–2,1.8,Freiburg,15000,Voith-Arena,Benjamin Brand,/en/matches/1d712cc9/Heidenheim-Freiburg-December-20-2023-Bundesliga,,1d712cc9
GER-Bundesliga,2324,2023-12-20 Leverkusen-Bochum,Bundesliga,16,Wed,2023-12-20,20:30,Leverkusen,3.3,4–0,0.4,Bochum,30210,BayArena,Daniel Schlager,/en/matches/693808a8/Bayer-Leverkusen-Bochum-December-20-2023-Bundesliga,,693808a8
GER-Bundesliga,2324,2023-12-20 Stuttgart-Augsburg,Bundesliga,16,Wed,2023-12-20,20:30,Stuttgart,2.6,3–0,0.2,Augsburg,53600,MHPArena,Daniel Siebert,/en/matches/479c1c3c/Stuttgart-Augsburg-December-20-2023-Bundesliga,,479c1c3c
GER-Bundesliga,2324,2023-12-20 Union Berlin-Köln,Bundesliga,16,Wed,2023-12-20,18:30,Union Berlin,1.5,2–0,0.8,Köln,22012,Stadion An der Alten Försterei,Deniz Aytekin,/en/matches/4ca1cef3/Union-Berlin-Koln-December-20-2023-Bundesliga,,4ca1cef3
GER-Bundesliga,2324,2023-12-20 Wolfsburg-Bayern Munich,Bundesliga,16,Wed,2023-12-20,20:30,Wolfsburg,0.3,1–2,2.5,Bayern Munich,28917,Volkswagen Arena,Sascha Stegemann,/en/matches/5ccedacd/Wolfsburg-Bayern-Munich-December-20-2023-Bundesliga,,5ccedacd
GER-Bundesliga,2324,2024-01-12 Bayern Munich-Hoffenheim,Bundesliga,17,Fri,2024-01-12,20:30,Bayern Munich,2.8,3–0,1.2,Hoffenheim,75000,Allianz Arena,Benjamin Brand,/en/matches/91371afd/Bayern-Munich-Hoffenheim-January-12-2024-Bundesliga,,91371afd
GER-Bundesliga,2324,2024-01-13 Augsburg-Leverkusen,Bundesliga,17,Sat,2024-01-13,15:30,Augsburg,0.4,0–1,2.0,Leverkusen,30055,WWK Arena,Sven Jablonski,/en/matches/66fc4faa/Augsburg-Bayer-Leverkusen-January-13-2024-Bundesliga,,66fc4faa
GER-Bundesliga,2324,2024-01-13 Darmstadt 98-Dortmund,Bundesliga,17,Sat,2024-01-13,18:30,Darmstadt 98,1.0,0–3,3.1,Dortmund,17810,Merck-Stadion am Böllenfalltor,Deniz Aytekin,/en/matches/4ec40540/Darmstadt-98-Dortmund-January-13-2024-Bundesliga,,4ec40540
GER-Bundesliga,2324,2024-01-13 Freiburg-Union Berlin,Bundesliga,17,Sat,2024-01-13,15:30,Freiburg,1.8,0–0,0.5,Union Berlin,33800,Europa-Park Stadion,Christian Dingert,/en/matches/1b4e7c2f/Freiburg-Union-Berlin-January-13-2024-Bundesliga,,1b4e7c2f
GER-Bundesliga,2324,2024-01-13 Köln-Heidenheim,Bundesliga,17,Sat,2024-01-13,15:30,Köln,0.9,1–1,0.9,Heidenheim,50000,RheinEnergieSTADION,Felix Zwayer,/en/matches/9bf98d14/Koln-Heidenheim-January-13-2024-Bundesliga,,9bf98d14
GER-Bundesliga,2324,2024-01-13 Mainz 05-Wolfsburg,Bundesliga,17,Sat,2024-01-13,15:30,Mainz 05,0.4,1–1,0.6,Wolfsburg,24000,Mewa Arena,Patrick Ittrich,/en/matches/f78fccc2/Mainz-05-Wolfsburg-January-13-2024-Bundesliga,,f78fccc2
GER-Bundesliga,2324,2024-01-13 RB Leipzig-Eint Frankfurt,Bundesliga,17,Sat,2024-01-13,15:30,RB Leipzig,3.5,0–1,1.1,Eint Frankfurt,45867,Red Bull Arena,Frank Willenborg,/en/matches/1646b377/RB-Leipzig-Eintracht-Frankfurt-January-13-2024-Bundesliga,,1646b377
GER-Bundesliga,2324,2024-01-14 Bochum-Werder Bremen,Bundesliga,17,Sun,2024-01-14,15:30,Bochum,0.7,1–1,0.8,Werder Bremen,26000,Vonovia Ruhrstadion,Tobias Stieler,/en/matches/48d916da/Bochum-Werder-Bremen-January-14-2024-Bundesliga,,48d916da
GER-Bundesliga,2324,2024-01-14 Gladbach-Stuttgart,Bundesliga,17,Sun,2024-01-14,17:30,Gladbach,1.9,3–1,0.9,Stuttgart,53429,Stadion im Borussia-Park,Harm Osmers,/en/matches/20f7e860/Monchengladbach-Stuttgart-January-14-2024-Bundesliga,,20f7e860
GER-Bundesliga,2324,2024-01-20 Bochum-Stuttgart,Bundesliga,18,Sat,2024-01-20,15:30,Bochum,0.9,1–0,1.4,Stuttgart,26000,Vonovia Ruhrstadion,Bastian Dankert,/en/matches/853d1bc7/Bochum-Stuttgart-January-20-2024-Bundesliga,,853d1bc7
GER-Bundesliga,2324,2024-01-20 Darmstadt 98-Eint Frankfurt,Bundesliga,18,Sat,2024-01-20,15:30,Darmstadt 98,1.1,2–2,1.2,Eint Frankfurt,17750,Merck-Stadion am Böllenfalltor,Daniel Siebert,/en/matches/262bec03/Darmstadt-98-Eintracht-Frankfurt-January-20-2024-Bundesliga,,262bec03
GER-Bundesliga,2324,2024-01-20 Freiburg-Hoffenheim,Bundesliga,18,Sat,2024-01-20,15:30,Freiburg,2.7,3–2,1.4,Hoffenheim,33600,Europa-Park Stadion,Sascha Stegemann,/en/matches/81e30c5a/Freiburg-Hoffenheim-January-20-2024-Bundesliga,,81e30c5a
GER-Bundesliga,2324,2024-01-20 Heidenheim-Wolfsburg,Bundesliga,18,Sat,2024-01-20,15:30,Heidenheim,1.1,1–1,1.1,Wolfsburg,15000,Voith-Arena,Timo Gerach,/en/matches/49675ada/Heidenheim-Wolfsburg-January-20-2024-Bundesliga,,49675ada
GER-Bundesliga,2324,2024-01-20 Köln-Dortmund,Bundesliga,18,Sat,2024-01-20,15:30,Köln,1.3,0–4,3.4,Dortmund,50000,RheinEnergieSTADION,Daniel Schlager,/en/matches/7aed9153/Koln-Dortmund-January-20-2024-Bundesliga,,7aed9153
GER-Bundesliga,2324,2024-01-20 RB Leipzig-Leverkusen,Bundesliga,18,Sat,2024-01-20,18:30,RB Leipzig,1.6,2–3,2.0,Leverkusen,46529,Red Bull Arena,Matthias Jöllenbeck,/en/matches/a56df31c/RB-Leipzig-Bayer-Leverkusen-January-20-2024-Bundesliga,,a56df31c
GER-Bundesliga,2324,2024-01-21 Bayern Munich-Werder Bremen,Bundesliga,18,Sun,2024-01-21,15:30,Bayern Munich,1.9,0–1,0.4,Werder Bremen,75000,Allianz Arena,Marco Fritz,/en/matches/c6332d80/Bayern-Munich-Werder-Bremen-January-21-2024-Bundesliga,,c6332d80
GER-Bundesliga,2324,2024-01-21 Gladbach-Augsburg,Bundesliga,18,Sun,2024-01-21,17:30,Gladbach,1.7,1–2,1.3,Augsburg,44867,Stadion im Borussia-Park,Martin Petersen,/en/matches/fa79d782/Monchengladbach-Augsburg-January-21-2024-Bundesliga,,fa79d782
GER-Bundesliga,2324,2024-01-24 Bayern Munich-Union Berlin,Bundesliga,13,Wed,2024-01-24,20:30,Bayern Munich,2.1,1–0,0.2,Union Berlin,75000,Allianz Arena,Frank Willenborg,/en/matches/549b837b/Bayern-Munich-Union-Berlin-January-24-2024-Bundesliga,,549b837b
GER-Bundesliga,2324,2024-01-26 Eint Frankfurt-Mainz 05,Bundesliga,19,Fri,2024-01-26,20:30,Eint Frankfurt,1.3,1–0,0.8,Mainz 05,58000,Deutsche Bank Park,Felix Zwayer,/en/matches/5b7e9cd3/Eintracht-Frankfurt-Mainz-05-January-26-2024-Bundesliga,,5b7e9cd3
GER-Bundesliga,2324,2024-01-27 Augsburg-Bayern Munich,Bundesliga,19,Sat,2024-01-27,15:30,Augsburg,2.6,2–3,2.3,Bayern Munich,30660,WWK Arena,Christian Dingert,/en/matches/40038184/Augsburg-Bayern-Munich-January-27-2024-Bundesliga,,40038184
GER-Bundesliga,2324,2024-01-27 Hoffenheim-Heidenheim,Bundesliga,19,Sat,2024-01-27,15:30,Hoffenheim,2.8,1–1,1.1,Heidenheim,20120,PreZero Arena,Tobias Welz,/en/matches/c5e04de2/Hoffenheim-Heidenheim-January-27-2024-Bundesliga,,c5e04de2
GER-Bundesliga,2324,2024-01-27 Leverkusen-Gladbach,Bundesliga,19,Sat,2024-01-27,18:30,Leverkusen,2.9,0–0,0.3,Gladbach,30210,BayArena,Deniz Aytekin,/en/matches/c7a2c8f1/Bayer-Leverkusen-Monchengladbach-January-27-2024-Bundesliga,,c7a2c8f1
GER-Bundesliga,2324,2024-01-27 Stuttgart-RB Leipzig,Bundesliga,19,Sat,2024-01-27,15:30,Stuttgart,2.2,5–2,0.4,RB Leipzig,52100,MHPArena,Sven Jablonski,/en/matches/e0307b8a/Stuttgart-RB-Leipzig-January-27-2024-Bundesliga,,e0307b8a
GER-Bundesliga,2324,2024-01-27 Werder Bremen-Freiburg,Bundesliga,19,Sat,2024-01-27,15:30,Werder Bremen,2.5,3–1,1.2,Freiburg,41500,Wohninvest Weserstadion,Robert Hartmann,/en/matches/3490a176/Werder-Bremen-Freiburg-January-27-2024-Bundesliga,,3490a176
GER-Bundesliga,2324,2024-01-27 Wolfsburg-Köln,Bundesliga,19,Sat,2024-01-27,15:30,Wolfsburg,1.5,1–1,0.6,Köln,24525,Volkswagen Arena,Sören Storks,/en/matches/8d9dabda/Wolfsburg-Koln-January-27-2024-Bundesliga,,8d9dabda
GER-Bundesliga,2324,2024-01-28 Dortmund-Bochum,Bundesliga,19,Sun,2024-01-28,17:30,Dortmund,2.9,3–1,0.5,Bochum,81365,Signal Iduna Park,Benjamin Brand,/en/matches/d5fb6e78/Dortmund-Bochum-January-28-2024-Bundesliga,,d5fb6e78
GER-Bundesliga,2324,2024-01-28 Union Berlin-Darmstadt 98,Bundesliga,19,Sun,2024-01-28,15:30,Union Berlin,2.5,1–0,1.1,Darmstadt 98,21786,Stadion An der Alten Försterei,Harm Osmers,/en/matches/94831b74/Union-Berlin-Darmstadt-98-January-28-2024-Bundesliga,,94831b74
GER-Bundesliga,2324,2024-02-02 Heidenheim-Dortmund,Bundesliga,20,Fri,2024-02-02,20:30,Heidenheim,1.2,0–0,0.6,Dortmund,15000,Voith-Arena,Bastian Dankert,/en/matches/6c075db6/Heidenheim-Dortmund-February-2-2024-Bundesliga,,6c075db6
GER-Bundesliga,2324,2024-02-03 Bayern Munich-Gladbach,Bundesliga,20,Sat,2024-02-03,15:30,Bayern Munich,2.1,3–1,1.0,Gladbach,75000,Allianz Arena,Tobias Stieler,/en/matches/8638e930/Bayern-Munich-Monchengladbach-February-3-2024-Bundesliga,,8638e930
GER-Bundesliga,2324,2024-02-03 Bochum-Augsburg,Bundesliga,20,Sat,2024-02-03,15:30,Bochum,0.9,1–1,1.6,Augsburg,24500,Vonovia Ruhrstadion,Patrick Ittrich,/en/matches/ed400d12/Bochum-Augsburg-February-3-2024-Bundesliga,,ed400d12
GER-Bundesliga,2324,2024-02-03 Darmstadt 98-Leverkusen,Bundesliga,20,Sat,2024-02-03,15:30,Darmstadt 98,0.6,0–2,1.9,Leverkusen,17810,Merck-Stadion am Böllenfalltor,Tobias Reichel,/en/matches/e290014d/Darmstadt-98-Bayer-Leverkusen-February-3-2024-Bundesliga,,e290014d
GER-Bundesliga,2324,2024-02-03 Freiburg-Stuttgart,Bundesliga,20,Sat,2024-02-03,15:30,Freiburg,0.7,1–3,1.7,Stuttgart,34700,Europa-Park Stadion,Daniel Siebert,/en/matches/1caf6190/Freiburg-Stuttgart-February-3-2024-Bundesliga,,1caf6190
GER-Bundesliga,2324,2024-02-03 Köln-Eint Frankfurt,Bundesliga,20,Sat,2024-02-03,18:30,Köln,1.3,2–0,0.8,Eint Frankfurt,50000,RheinEnergieSTADION,Timo Gerach,/en/matches/ffa57b10/Koln-Eintracht-Frankfurt-February-3-2024-Bundesliga,,ffa57b10
GER-Bundesliga,2324,2024-02-03 Mainz 05-Werder Bremen,Bundesliga,20,Sat,2024-02-03,15:30,Mainz 05,0.8,0–1,0.6,Werder Bremen,31800,Mewa Arena,Benjamin Brand,/en/matches/aac29d85/Mainz-05-Werder-Bremen-February-3-2024-Bundesliga,,aac29d85
GER-Bundesliga,2324,2024-02-04 RB Leipzig-Union Berlin,Bundesliga,20,Sun,2024-02-04,17:30,RB Leipzig,1.1,2–0,0.5,Union Berlin,44032,Red Bull Arena,Marco Fritz,/en/matches/ef553212/RB-Leipzig-Union-Berlin-February-4-2024-Bundesliga,,ef553212
GER-Bundesliga,2324,2024-02-04 Wolfsburg-Hoffenheim,Bundesliga,20,Sun,2024-02-04,15:30,Wolfsburg,1.7,2–2,1.7,Hoffenheim,22917,Volkswagen Arena,Florian Badstübner,/en/matches/5832b0ba/Wolfsburg-Hoffenheim-February-4-2024-Bundesliga,,5832b0ba
GER-Bundesliga,2324,2024-02-07 Mainz 05-Union Berlin,Bundesliga,18,Wed,2024-02-07,18:30,Mainz 05,1.3,1–1,1.0,Union Berlin,26200,Mewa Arena,Martin Petersen,/en/matches/b020c917/Mainz-05-Union-Berlin-February-7-2024-Bundesliga,,b020c917
GER-Bundesliga,2324,2024-02-09 Dortmund-Freiburg,Bundesliga,21,Fri,2024-02-09,20:30,Dortmund,1.9,3–0,0.3,Freiburg,81365,Signal Iduna Park,Harm Osmers,/en/matches/d8ec709e/Dortmund-Freiburg-February-9-2024-Bundesliga,,d8ec709e
GER-Bundesliga,2324,2024-02-10 Augsburg-RB Leipzig,Bundesliga,21,Sat,2024-02-10,15:30,Augsburg,0.7,2–2,1.3,RB Leipzig,28510,WWK Arena,Benjamin Brand,/en/matches/f1d93f2a/Augsburg-RB-Leipzig-February-10-2024-Bundesliga,,f1d93f2a
GER-Bundesliga,2324,2024-02-10 Eint Frankfurt-Bochum,Bundesliga,21,Sat,2024-02-10,15:30,Eint Frankfurt,2.4,1–1,1.5,Bochum,57500,Deutsche Bank Park,Sven Jablonski,/en/matches/cad8b5cb/Eintracht-Frankfurt-Bochum-February-10-2024-Bundesliga,,cad8b5cb
GER-Bundesliga,2324,2024-02-10 Gladbach-Darmstadt 98,Bundesliga,21,Sat,2024-02-10,15:30,Gladbach,1.5,0–0,0.7,Darmstadt 98,46121,Stadion im Borussia-Park,Sascha Stegemann,/en/matches/ca8e752c/Monchengladbach-Darmstadt-98-February-10-2024-Bundesliga,,ca8e752c
GER-Bundesliga,2324,2024-02-10 Leverkusen-Bayern Munich,Bundesliga,21,Sat,2024-02-10,18:30,Leverkusen,1.3,3–0,0.6,Bayern Munich,30210,BayArena,Felix Zwayer,/en/matches/cb3e9794/Bayer-Leverkusen-Bayern-Munich-February-10-2024-Bundesliga,,cb3e9794
GER-Bundesliga,2324,2024-02-10 Union Berlin-Wolfsburg,Bundesliga,21,Sat,2024-02-10,15:30,Union Berlin,0.5,1–0,1.3,Wolfsburg,22000,Stadion An der Alten Försterei,Matthias Jöllenbeck,/en/matches/55c0668e/Union-Berlin-Wolfsburg-February-10-2024-Bundesliga,,55c0668e
GER-Bundesliga,2324,2024-02-10 Werder Bremen-Heidenheim,Bundesliga,21,Sat,2024-02-10,15:30,Werder Bremen,1.7,1–2,1.8,Heidenheim,41000,Wohninvest Weserstadion,Robert Schröder,/en/matches/0e7196f4/Werder-Bremen-Heidenheim-February-10-2024-Bundesliga,,0e7196f4
GER-Bundesliga,2324,2024-02-11 Hoffenheim-Köln,Bundesliga,21,Sun,2024-02-11,17:30,Hoffenheim,1.2,1–1,0.1,Köln,23020,PreZero Arena,Christian Dingert,/en/matches/c5cb718a/Hoffenheim-Koln-February-11-2024-Bundesliga,,c5cb718a
GER-Bundesliga,2324,2024-02-11 Stuttgart-Mainz 05,Bundesliga,21,Sun,2024-02-11,15:30,Stuttgart,1.9,3–1,1.4,Mainz 05,52005,MHPArena,Deniz Aytekin,/en/matches/8a942999/Stuttgart-Mainz-05-February-11-2024-Bundesliga,,8a942999
GER-Bundesliga,2324,2024-02-16 Köln-Werder Bremen,Bundesliga,22,Fri,2024-02-16,20:30,Köln,0.8,0–1,1.8,Werder Bremen,50000,RheinEnergieSTADION,Daniel Siebert,/en/matches/23e6e69b/Koln-Werder-Bremen-February-16-2024-Bundesliga,,23e6e69b
GER-Bundesliga,2324,2024-02-17 Darmstadt 98-Stuttgart,Bundesliga,22,Sat,2024-02-17,15:30,Darmstadt 98,1.7,1–2,1.6,Stuttgart,17810,Merck-Stadion am Böllenfalltor,Tobias Welz,/en/matches/495996b3/Darmstadt-98-Stuttgart-February-17-2024-Bundesliga,,495996b3
GER-Bundesliga,2324,2024-02-17 Heidenheim-Leverkusen,Bundesliga,22,Sat,2024-02-17,15:30,Heidenheim,0.4,1–2,1.9,Leverkusen,15000,Voith-Arena,Harm Osmers,/en/matches/dc9bd3f1/Heidenheim-Bayer-Leverkusen-February-17-2024-Bundesliga,,dc9bd3f1
GER-Bundesliga,2324,2024-02-17 Hoffenheim-Union Berlin,Bundesliga,22,Sat,2024-02-17,15:30,Hoffenheim,1.0,0–1,1.4,Union Berlin,19050,PreZero Arena,Robert Hartmann,/en/matches/1087676d/Hoffenheim-Union-Berlin-February-17-2024-Bundesliga,,1087676d
GER-Bundesliga,2324,2024-02-17 Mainz 05-Augsburg,Bundesliga,22,Sat,2024-02-17,15:30,Mainz 05,2.1,1–0,1.0,Augsburg,24800,Mewa Arena,Tobias Reichel,/en/matches/09ef0419/Mainz-05-Augsburg-February-17-2024-Bundesliga,,09ef0419
GER-Bundesliga,2324,2024-02-17 RB Leipzig-Gladbach,Bundesliga,22,Sat,2024-02-17,18:30,RB Leipzig,1.7,2–0,0.7,Gladbach,44822,Red Bull Arena,Sören Storks,/en/matches/2562b3f2/RB-Leipzig-Monchengladbach-February-17-2024-Bundesliga,,2562b3f2
GER-Bundesliga,2324,2024-02-17 Wolfsburg-Dortmund,Bundesliga,22,Sat,2024-02-17,15:30,Wolfsburg,1.8,1–1,1.4,Dortmund,28917,Volkswagen Arena,Martin Petersen,/en/matches/8834fb75/Wolfsburg-Dortmund-February-17-2024-Bundesliga,,8834fb75
GER-Bundesliga,2324,2024-02-18 Bochum-Bayern Munich,Bundesliga,22,Sun,2024-02-18,17:30,Bochum,1.7,3–2,3.3,Bayern Munich,26000,Vonovia Ruhrstadion,Daniel Schlager,/en/matches/3729d74c/Bochum-Bayern-Munich-February-18-2024-Bundesliga,,3729d74c
GER-Bundesliga,2324,2024-02-18 Freiburg-Eint Frankfurt,Bundesliga,22,Sun,2024-02-18,15:30,Freiburg,2.2,3–3,1.0,Eint Frankfurt,34700,Europa-Park Stadion,Tobias Stieler,/en/matches/61bcf887/Freiburg-Eintracht-Frankfurt-February-18-2024-Bundesliga,,61bcf887
GER-Bundesliga,2324,2024-02-23 Leverkusen-Mainz 05,Bundesliga,23,Fri,2024-02-23,20:30,Leverkusen,1.1,2–1,1.1,Mainz 05,30210,BayArena,Timo Gerach,/en/matches/f1ee2f4d/Bayer-Leverkusen-Mainz-05-February-23-2024-Bundesliga,,f1ee2f4d
GER-Bundesliga,2324,2024-02-24 Bayern Munich-RB Leipzig,Bundesliga,23,Sat,2024-02-24,18:30,Bayern Munich,1.5,2–1,0.9,RB Leipzig,75000,Allianz Arena,Sascha Stegemann,/en/matches/2b197304/Bayern-Munich-RB-Leipzig-February-24-2024-Bundesliga,,2b197304
GER-Bundesliga,2324,2024-02-24 Gladbach-Bochum,Bundesliga,23,Sat,2024-02-24,15:30,Gladbach,3.5,5–2,1.6,Bochum,53196,Stadion im Borussia-Park,Frank Willenborg,/en/matches/41a1026d/Monchengladbach-Bochum-February-24-2024-Bundesliga,,41a1026d
GER-Bundesliga,2324,2024-02-24 Stuttgart-Köln,Bundesliga,23,Sat,2024-02-24,15:30,Stuttgart,2.2,1–1,0.7,Köln,54500,MHPArena,Patrick Ittrich,/en/matches/5c9a36d8/Stuttgart-Koln-February-24-2024-Bundesliga,,5c9a36d8
GER-Bundesliga,2324,2024-02-24 Union Berlin-Heidenheim,Bundesliga,23,Sat,2024-02-24,15:30,Union Berlin,1.1,2–2,1.1,Heidenheim,21341,Stadion An der Alten Försterei,Deniz Aytekin,/en/matches/05492802/Union-Berlin-Heidenheim-February-24-2024-Bundesliga,,05492802
GER-Bundesliga,2324,2024-02-24 Werder Bremen-Darmstadt 98,Bundesliga,23,Sat,2024-02-24,15:30,Werder Bremen,1.8,1–1,1.0,Darmstadt 98,42358,Wohninvest Weserstadion,Florian Badstübner,/en/matches/307bb1fe/Werder-Bremen-Darmstadt-98-February-24-2024-Bundesliga,,307bb1fe
GER-Bundesliga,2324,2024-02-25 Augsburg-Freiburg,Bundesliga,23,Sun,2024-02-25,19:30,Augsburg,1.6,2–1,1.6,Freiburg,28894,WWK Arena,Bastian Dankert,/en/matches/7619c72c/Augsburg-Freiburg-February-25-2024-Bundesliga,,7619c72c
GER-Bundesliga,2324,2024-02-25 Dortmund-Hoffenheim,Bundesliga,23,Sun,2024-02-25,17:30,Dortmund,1.9,2–3,1.3,Hoffenheim,81365,Signal Iduna Park,Marco Fritz,/en/matches/9da49b22/Dortmund-Hoffenheim-February-25-2024-Bundesliga,,9da49b22
GER-Bundesliga,2324,2024-02-25 Eint Frankfurt-Wolfsburg,Bundesliga,23,Sun,2024-02-25,15:30,Eint Frankfurt,0.9,2–2,1.0,Wolfsburg,56500,Deutsche Bank Park,Daniel Schlager,/en/matches/41a055f9/Eintracht-Frankfurt-Wolfsburg-February-25-2024-Bundesliga,,41a055f9
GER-Bundesliga,2324,2024-03-01 Freiburg-Bayern Munich,Bundesliga,24,Fri,2024-03-01,20:30,Freiburg,1.5,2–2,1.8,Bayern Munich,34700,Europa-Park Stadion,Sven Jablonski,/en/matches/fd3df072/Freiburg-Bayern-Munich-March-1-2024-Bundesliga,,fd3df072
GER-Bundesliga,2324,2024-03-02 Bochum-RB Leipzig,Bundesliga,24,Sat,2024-03-02,15:30,Bochum,0.8,1–4,2.1,RB Leipzig,24200,Vonovia Ruhrstadion,Harm Osmers,/en/matches/3d96e277/Bochum-RB-Leipzig-March-2-2024-Bundesliga,,3d96e277
GER-Bundesliga,2324,2024-03-02 Darmstadt 98-Augsburg,Bundesliga,24,Sat,2024-03-02,15:30,Darmstadt 98,0.8,0–6,2.9,Augsburg,17810,Merck-Stadion am Böllenfalltor,Felix Zwayer,/en/matches/fb8f1eb7/Darmstadt-98-Augsburg-March-2-2024-Bundesliga,,fb8f1eb7
GER-Bundesliga,2324,2024-03-02 Heidenheim-Eint Frankfurt,Bundesliga,24,Sat,2024-03-02,15:30,Heidenheim,1.0,1–2,1.2,Eint Frankfurt,15000,Voith-Arena,Sören Storks,/en/matches/451ca624/Heidenheim-Eintracht-Frankfurt-March-2-2024-Bundesliga,,451ca624
GER-Bundesliga,2324,2024-03-02 Mainz 05-Gladbach,Bundesliga,24,Sat,2024-03-02,15:30,Mainz 05,1.0,1–1,1.0,Gladbach,33305,Mewa Arena,Robert Schröder,/en/matches/7e9375f7/Mainz-05-Monchengladbach-March-2-2024-Bundesliga,,7e9375f7
GER-Bundesliga,2324,2024-03-02 Union Berlin-Dortmund,Bundesliga,24,Sat,2024-03-02,15:30,Union Berlin,1.2,0–2,1.6,Dortmund,22012,Stadion An der Alten Försterei,Christian Dingert,/en/matches/a5477209/Union-Berlin-Dortmund-March-2-2024-Bundesliga,,a5477209
GER-Bundesliga,2324,2024-03-02 Wolfsburg-Stuttgart,Bundesliga,24,Sat,2024-03-02,18:30,Wolfsburg,0.8,2–3,1.1,Stuttgart,25000,Volkswagen Arena,Benjamin Brand,/en/matches/3a645dc5/Wolfsburg-Stuttgart-March-2-2024-Bundesliga,,3a645dc5
GER-Bundesliga,2324,2024-03-03 Hoffenheim-Werder Bremen,Bundesliga,24,Sun,2024-03-03,17:30,Hoffenheim,1.7,2–1,1.3,Werder Bremen,25000,PreZero Arena,Matthias Jöllenbeck,/en/matches/1e6c5f41/Hoffenheim-Werder-Bremen-March-3-2024-Bundesliga,,1e6c5f41
GER-Bundesliga,2324,2024-03-03 Köln-Leverkusen,Bundesliga,24,Sun,2024-03-03,15:30,Köln,1.0,0–2,1.5,Leverkusen,50000,RheinEnergieSTADION,Tobias Stieler,/en/matches/45ef7b37/Koln-Bayer-Leverkusen-March-3-2024-Bundesliga,,45ef7b37
GER-Bundesliga,2324,2024-03-08 Stuttgart-Union Berlin,Bundesliga,25,Fri,2024-03-08,20:30,Stuttgart,1.0,2–0,0.9,Union Berlin,53800,MHPArena,Robert Schröder,/en/matches/cf9a3f12/Stuttgart-Union-Berlin-March-8-2024-Bundesliga,,cf9a3f12
GER-Bundesliga,2324,2024-03-09 Augsburg-Heidenheim,Bundesliga,25,Sat,2024-03-09,15:30,Augsburg,0.5,1–0,0.4,Heidenheim,30660,WWK Arena,Frank Willenborg,/en/matches/f5e3c688/Augsburg-Heidenheim-March-9-2024-Bundesliga,,f5e3c688
GER-Bundesliga,2324,2024-03-09 Bayern Munich-Mainz 05,Bundesliga,25,Sat,2024-03-09,15:30,Bayern Munich,6.2,8–1,0.8,Mainz 05,75000,Allianz Arena,Patrick Ittrich,/en/matches/13642200/Bayern-Munich-Mainz-05-March-9-2024-Bundesliga,,13642200
GER-Bundesliga,2324,2024-03-09 Gladbach-Köln,Bundesliga,25,Sat,2024-03-09,15:30,Gladbach,1.8,3–3,0.6,Köln,54042,Stadion im Borussia-Park,Felix Zwayer,/en/matches/d2df2d6e/Monchengladbach-Koln-March-9-2024-Bundesliga,,d2df2d6e
GER-Bundesliga,2324,2024-03-09 RB Leipzig-Darmstadt 98,Bundesliga,25,Sat,2024-03-09,15:30,RB Leipzig,3.2,2–0,0.5,Darmstadt 98,40000,Red Bull Arena,Robert Hartmann,/en/matches/c7a7fa1e/RB-Leipzig-Darmstadt-98-March-9-2024-Bundesliga,,c7a7fa1e
GER-Bundesliga,2324,2024-03-09 Werder Bremen-Dortmund,Bundesliga,25,Sat,2024-03-09,18:30,Werder Bremen,1.8,1–2,1.2,Dortmund,42100,Wohninvest Weserstadion,Deniz Aytekin,/en/matches/93f65055/Werder-Bremen-Dortmund-March-9-2024-Bundesliga,,93f65055
GER-Bundesliga,2324,2024-03-10 Bochum-Freiburg,Bundesliga,25,Sun,2024-03-10,15:30,Bochum,1.2,1–2,1.4,Freiburg,25594,Vonovia Ruhrstadion,Marco Fritz,/en/matches/a3e71105/Bochum-Freiburg-March-10-2024-Bundesliga,,a3e71105
GER-Bundesliga,2324,2024-03-10 Eint Frankfurt-Hoffenheim,Bundesliga,25,Sun,2024-03-10,17:30,Eint Frankfurt,2.4,3–1,0.6,Hoffenheim,57000,Deutsche Bank Park,Bastian Dankert,/en/matches/e64845a2/Eintracht-Frankfurt-Hoffenheim-March-10-2024-Bundesliga,,e64845a2
GER-Bundesliga,2324,2024-03-10 Leverkusen-Wolfsburg,Bundesliga,25,Sun,2024-03-10,19:30,Leverkusen,2.1,2–0,0.2,Wolfsburg,29314,BayArena,Daniel Siebert,/en/matches/e496288a/Bayer-Leverkusen-Wolfsburg-March-10-2024-Bundesliga,,e496288a
GER-Bundesliga,2324,2024-03-15 Köln-RB Leipzig,Bundesliga,26,Fri,2024-03-15,20:30,Köln,1.2,1–5,3.3,RB Leipzig,49000,RheinEnergieSTADION,Florian Badstübner,/en/matches/e1fbd27a/Koln-RB-Leipzig-March-15-2024-Bundesliga,,e1fbd27a
GER-Bundesliga,2324,2024-03-16 Darmstadt 98-Bayern Munich,Bundesliga,26,Sat,2024-03-16,15:30,Darmstadt 98,1.2,2–5,3.6,Bayern Munich,17810,Merck-Stadion am Böllenfalltor,Tobias Reichel,/en/matches/fbdd5729/Darmstadt-98-Bayern-Munich-March-16-2024-Bundesliga,,fbdd5729
GER-Bundesliga,2324,2024-03-16 Heidenheim-Gladbach,Bundesliga,26,Sat,2024-03-16,15:30,Heidenheim,1.1,1–1,0.5,Gladbach,15000,Voith-Arena,Martin Petersen,/en/matches/960bc764/Heidenheim-Monchengladbach-March-16-2024-Bundesliga,,960bc764
GER-Bundesliga,2324,2024-03-16 Hoffenheim-Stuttgart,Bundesliga,26,Sat,2024-03-16,18:30,Hoffenheim,0.5,0–3,3.7,Stuttgart,30150,PreZero Arena,Sascha Stegemann,/en/matches/4ec68df2/Hoffenheim-Stuttgart-March-16-2024-Bundesliga,,4ec68df2
GER-Bundesliga,2324,2024-03-16 Mainz 05-Bochum,Bundesliga,26,Sat,2024-03-16,15:30,Mainz 05,2.5,2–0,0.7,Bochum,33000,Mewa Arena,Matthias Jöllenbeck,/en/matches/df59d301/Mainz-05-Bochum-March-16-2024-Bundesliga,,df59d301
GER-Bundesliga,2324,2024-03-16 Union Berlin-Werder Bremen,Bundesliga,26,Sat,2024-03-16,15:30,Union Berlin,1.1,2–1,1.1,Werder Bremen,22012,Stadion An der Alten Försterei,Daniel Schlager,/en/matches/bdb8f06f/Union-Berlin-Werder-Bremen-March-16-2024-Bundesliga,,bdb8f06f
GER-Bundesliga,2324,2024-03-16 Wolfsburg-Augsburg,Bundesliga,26,Sat,2024-03-16,15:30,Wolfsburg,1.3,1–3,0.7,Augsburg,21735,Volkswagen Arena,Timo Gerach,/en/matches/20a7ebf0/Wolfsburg-Augsburg-March-16-2024-Bundesliga,,20a7ebf0
GER-Bundesliga,2324,2024-03-17 Dortmund-Eint Frankfurt,Bundesliga,26,Sun,2024-03-17,17:30,Dortmund,2.3,3–1,0.9,Eint Frankfurt,81365,Signal Iduna Park,Tobias Stieler,/en/matches/fc260c9c/Dortmund-Eintracht-Frankfurt-March-17-2024-Bundesliga,,fc260c9c
GER-Bundesliga,2324,2024-03-17 Freiburg-Leverkusen,Bundesliga,26,Sun,2024-03-17,15:30,Freiburg,0.9,2–3,2.3,Leverkusen,34700,Europa-Park Stadion,Harm Osmers,/en/matches/5b15a938/Freiburg-Bayer-Leverkusen-March-17-2024-Bundesliga,,5b15a938
GER-Bundesliga,2324,2024-03-30 Bayern Munich-Dortmund,Bundesliga,27,Sat,2024-03-30,18:30,Bayern Munich,1.5,0–2,0.9,Dortmund,75000,Allianz Arena,Harm Osmers,/en/matches/2214f825/Der-Klassiker-Bayern-Munich-Dortmund-March-30-2024-Bundesliga,,2214f825
GER-Bundesliga,2324,2024-03-30 Eint Frankfurt-Union Berlin,Bundesliga,27,Sat,2024-03-30,15:30,Eint Frankfurt,1.0,0–0,1.5,Union Berlin,57100,Deutsche Bank Park,Marco Fritz,/en/matches/2c607fee/Eintracht-Frankfurt-Union-Berlin-March-30-2024-Bundesliga,,2c607fee
GER-Bundesliga,2324,2024-03-30 Gladbach-Freiburg,Bundesliga,27,Sat,2024-03-30,15:30,Gladbach,1.5,0–3,1.7,Freiburg,53259,Stadion im Borussia-Park,Christian Dingert,/en/matches/ec7eb5c4/Monchengladbach-Freiburg-March-30-2024-Bundesliga,,ec7eb5c4
GER-Bundesliga,2324,2024-03-30 Leverkusen-Hoffenheim,Bundesliga,27,Sat,2024-03-30,15:30,Leverkusen,3.1,2–1,0.8,Hoffenheim,30210,BayArena,Deniz Aytekin,/en/matches/c6837308/Bayer-Leverkusen-Hoffenheim-March-30-2024-Bundesliga,,c6837308
GER-Bundesliga,2324,2024-03-30 RB Leipzig-Mainz 05,Bundesliga,27,Sat,2024-03-30,15:30,RB Leipzig,2.5,0–0,0.9,Mainz 05,44813,Red Bull Arena,Frank Willenborg,/en/matches/bd8a352b/RB-Leipzig-Mainz-05-March-30-2024-Bundesliga,,bd8a352b
GER-Bundesliga,2324,2024-03-30 Werder Bremen-Wolfsburg,Bundesliga,27,Sat,2024-03-30,15:30,Werder Bremen,0.5,0–2,2.3,Wolfsburg,41500,Wohninvest Weserstadion,Sascha Stegemann,/en/matches/14145f04/Werder-Bremen-Wolfsburg-March-30-2024-Bundesliga,,14145f04
GER-Bundesliga,2324,2024-03-31 Augsburg-Köln,Bundesliga,27,Sun,2024-03-31,15:30,Augsburg,2.2,1–1,1.3,Köln,37660,WWK Arena,Sören Storks,/en/matches/01fc81d2/Augsburg-Koln-March-31-2024-Bundesliga,,01fc81d2
GER-Bundesliga,2324,2024-03-31 Bochum-Darmstadt 98,Bundesliga,27,Sun,2024-03-31,19:30,Bochum,1.8,2–2,0.9,Darmstadt 98,25023,Vonovia Ruhrstadion,Sven Jablonski,/en/matches/9a5b5b37/Bochum-Darmstadt-98-March-31-2024-Bundesliga,,9a5b5b37
GER-Bundesliga,2324,2024-03-31 Stuttgart-Heidenheim,Bundesliga,27,Sun,2024-03-31,17:30,Stuttgart,3.0,3–3,1.3,Heidenheim,60000,MHPArena,Felix Zwayer,/en/matches/c2bf703c/Stuttgart-Heidenheim-March-31-2024-Bundesliga,,c2bf703c
GER-Bundesliga,2324,2024-04-05 Eint Frankfurt-Werder Bremen,Bundesliga,28,Fri,2024-04-05,20:30,Eint Frankfurt,2.1,1–1,1.6,Werder Bremen,58000,Deutsche Bank Park,Robert Hartmann,/en/matches/d488395d/Eintracht-Frankfurt-Werder-Bremen-April-5-2024-Bundesliga,,d488395d
GER-Bundesliga,2324,2024-04-06 Dortmund-Stuttgart,Bundesliga,28,Sat,2024-04-06,18:30,Dortmund,2.5,0–1,1.6,Stuttgart,81365,Signal Iduna Park,Matthias Jöllenbeck,/en/matches/7f40218d/Dortmund-Stuttgart-April-6-2024-Bundesliga,,7f40218d
GER-Bundesliga,2324,2024-04-06 Freiburg-RB Leipzig,Bundesliga,28,Sat,2024-04-06,15:30,Freiburg,1.6,1–4,2.3,RB Leipzig,33200,Europa-Park Stadion,Daniel Siebert,/en/matches/007c65cc/Freiburg-RB-Leipzig-April-6-2024-Bundesliga,,007c65cc
GER-Bundesliga,2324,2024-04-06 Heidenheim-Bayern Munich,Bundesliga,28,Sat,2024-04-06,15:30,Heidenheim,1.4,3–2,1.9,Bayern Munich,15000,Voith-Arena,Robert Schröder,/en/matches/f162ca67/Heidenheim-Bayern-Munich-April-6-2024-Bundesliga,,f162ca67
GER-Bundesliga,2324,2024-04-06 Köln-Bochum,Bundesliga,28,Sat,2024-04-06,15:30,Köln,1.0,2–1,0.6,Bochum,50000,RheinEnergieSTADION,Tobias Welz,/en/matches/d8652581/Koln-Bochum-April-6-2024-Bundesliga,,d8652581
GER-Bundesliga,2324,2024-04-06 Mainz 05-Darmstadt 98,Bundesliga,28,Sat,2024-04-06,15:30,Mainz 05,3.6,4–0,0.5,Darmstadt 98,33000,Mewa Arena,Daniel Schlager,/en/matches/d905f8cf/Mainz-05-Darmstadt-98-April-6-2024-Bundesliga,,d905f8cf
GER-Bundesliga,2324,2024-04-06 Union Berlin-Leverkusen,Bundesliga,28,Sat,2024-04-06,15:30,Union Berlin,0.3,0–1,2.8,Leverkusen,22012,Stadion An der Alten Försterei,Benjamin Brand,/en/matches/8d50a0dc/Union-Berlin-Bayer-Leverkusen-April-6-2024-Bundesliga,,8d50a0dc
GER-Bundesliga,2324,2024-04-07 Hoffenheim-Augsburg,Bundesliga,28,Sun,2024-04-07,15:30,Hoffenheim,1.8,3–1,1.2,Augsburg,28881,PreZero Arena,Florian Exner,/en/matches/55760d88/Hoffenheim-Augsburg-April-7-2024-Bundesliga,,55760d88
GER-Bundesliga,2324,2024-04-07 Wolfsburg-Gladbach,Bundesliga,28,Sun,2024-04-07,17:30,Wolfsburg,1.2,1–3,1.1,Gladbach,26105,Volkswagen Arena,Bastian Dankert,/en/matches/48bbbaa4/Wolfsburg-Monchengladbach-April-7-2024-Bundesliga,,48bbbaa4
GER-Bundesliga,2324,2024-04-12 Augsburg-Union Berlin,Bundesliga,29,Fri,2024-04-12,20:30,Augsburg,1.6,2–0,1.6,Union Berlin,29731,WWK Arena,Tobias Stieler,/en/matches/77277650/Augsburg-Union-Berlin-April-12-2024-Bundesliga,,77277650
GER-Bundesliga,2324,2024-04-13 Bayern Munich-Köln,Bundesliga,29,Sat,2024-04-13,15:30,Bayern Munich,2.2,2–0,0.9,Köln,75000,Allianz Arena,Frank Willenborg,/en/matches/40ea8291/Bayern-Munich-Koln-April-13-2024-Bundesliga,,40ea8291
GER-Bundesliga,2324,2024-04-13 Bochum-Heidenheim,Bundesliga,29,Sat,2024-04-13,15:30,Bochum,1.2,1–1,1.1,Heidenheim,24414,Vonovia Ruhrstadion,Patrick Ittrich,/en/matches/402ab1ff/Bochum-Heidenheim-April-13-2024-Bundesliga,,402ab1ff
GER-Bundesliga,2324,2024-04-13 Gladbach-Dortmund,Bundesliga,29,Sat,2024-04-13,15:30,Gladbach,1.1,1–2,1.3,Dortmund,54042,Stadion im Borussia-Park,Florian Badstübner,/en/matches/37ed39d6/Monchengladbach-Dortmund-April-13-2024-Bundesliga,,37ed39d6
GER-Bundesliga,2324,2024-04-13 Mainz 05-Hoffenheim,Bundesliga,29,Sat,2024-04-13,15:30,Mainz 05,2.1,4–1,0.5,Hoffenheim,31000,Mewa Arena,Felix Zwayer,/en/matches/395983e2/Mainz-05-Hoffenheim-April-13-2024-Bundesliga,,395983e2
GER-Bundesliga,2324,2024-04-13 RB Leipzig-Wolfsburg,Bundesliga,29,Sat,2024-04-13,15:30,RB Leipzig,1.3,3–0,0.4,Wolfsburg,45858,Red Bull Arena,Christian Dingert,/en/matches/dc48a914/RB-Leipzig-Wolfsburg-April-13-2024-Bundesliga,,dc48a914
GER-Bundesliga,2324,2024-04-13 Stuttgart-Eint Frankfurt,Bundesliga,29,Sat,2024-04-13,18:30,Stuttgart,1.2,3–0,0.6,Eint Frankfurt,60000,MHPArena,Deniz Aytekin,/en/matches/50a48ffc/Stuttgart-Eintracht-Frankfurt-April-13-2024-Bundesliga,,50a48ffc
GER-Bundesliga,2324,2024-04-14 Darmstadt 98-Freiburg,Bundesliga,29,Sun,2024-04-14,15:30,Darmstadt 98,1.1,0–1,0.9,Freiburg,17810,Merck-Stadion am Böllenfalltor,Sascha Stegemann,/en/matches/4cb378dd/Darmstadt-98-Freiburg-April-14-2024-Bundesliga,,4cb378dd
GER-Bundesliga,2324,2024-04-14 Leverkusen-Werder Bremen,Bundesliga,29,Sun,2024-04-14,17:30,Leverkusen,3.2,5–0,0.7,Werder Bremen,30210,BayArena,Harm Osmers,/en/matches/995e3537/Bayer-Leverkusen-Werder-Bremen-April-14-2024-Bundesliga,,995e3537
GER-Bundesliga,2324,2024-04-19 Eint Frankfurt-Augsburg,Bundesliga,30,Fri,2024-04-19,20:30,Eint Frankfurt,1.8,3–1,0.5,Augsburg,57600,Deutsche Bank Park,Martin Petersen,/en/matches/7e121aaa/Eintracht-Frankfurt-Augsburg-April-19-2024-Bundesliga,,7e121aaa
GER-Bundesliga,2324,2024-04-20 Heidenheim-RB Leipzig,Bundesliga,30,Sat,2024-04-20,15:30,Heidenheim,1.0,1–2,1.8,RB Leipzig,15000,Voith-Arena,Tobias Welz,/en/matches/421566c1/Heidenheim-RB-Leipzig-April-20-2024-Bundesliga,,421566c1
GER-Bundesliga,2324,2024-04-20 Hoffenheim-Gladbach,Bundesliga,30,Sat,2024-04-20,15:30,Hoffenheim,2.3,4–3,1.0,Gladbach,26078,PreZero Arena,Sören Storks,/en/matches/b0db8bc6/Hoffenheim-Monchengladbach-April-20-2024-Bundesliga,,b0db8bc6
GER-Bundesliga,2324,2024-04-20 Köln-Darmstadt 98,Bundesliga,30,Sat,2024-04-20,15:30,Köln,1.0,0–2,1.8,Darmstadt 98,50000,RheinEnergieSTADION,Matthias Jöllenbeck,/en/matches/c2a328c8/Koln-Darmstadt-98-April-20-2024-Bundesliga,,c2a328c8
GER-Bundesliga,2324,2024-04-20 Union Berlin-Bayern Munich,Bundesliga,30,Sat,2024-04-20,18:30,Union Berlin,1.4,1–5,1.4,Bayern Munich,22012,Stadion An der Alten Försterei,Sven Jablonski,/en/matches/35d42e43/Union-Berlin-Bayern-Munich-April-20-2024-Bundesliga,,35d42e43
GER-Bundesliga,2324,2024-04-20 Wolfsburg-Bochum,Bundesliga,30,Sat,2024-04-20,15:30,Wolfsburg,0.8,1–0,1.3,Bochum,26327,Volkswagen Arena,Tobias Reichel,/en/matches/12980c2d/Wolfsburg-Bochum-April-20-2024-Bundesliga,,12980c2d
GER-Bundesliga,2324,2024-04-21 Dortmund-Leverkusen,Bundesliga,30,Sun,2024-04-21,17:30,Dortmund,0.5,1–1,1.1,Leverkusen,81365,Signal Iduna Park,Daniel Siebert,/en/matches/24b5202b/Dortmund-Bayer-Leverkusen-April-21-2024-Bundesliga,,24b5202b
GER-Bundesliga,2324,2024-04-21 Freiburg-Mainz 05,Bundesliga,30,Sun,2024-04-21,19:30,Freiburg,1.1,1–1,1.0,Mainz 05,34300,Europa-Park Stadion,Marco Fritz,/en/matches/f477f432/Freiburg-Mainz-05-April-21-2024-Bundesliga,,f477f432
GER-Bundesliga,2324,2024-04-21 Werder Bremen-Stuttgart,Bundesliga,30,Sun,2024-04-21,15:30,Werder Bremen,1.5,2–1,2.2,Stuttgart,42100,Wohninvest Weserstadion,Robert Schröder,/en/matches/c8030035/Werder-Bremen-Stuttgart-April-21-2024-Bundesliga,,c8030035
GER-Bundesliga,2324,2024-04-26 Bochum-Hoffenheim,Bundesliga,31,Fri,2024-04-26,20:30,Bochum,3.2,3–2,1.0,Hoffenheim,24300,Vonovia Ruhrstadion,Tobias Stieler,/en/matches/f6908cfc/Bochum-Hoffenheim-April-26-2024-Bundesliga,,f6908cfc
GER-Bundesliga,2324,2024-04-27 Augsburg-Werder Bremen,Bundesliga,31,Sat,2024-04-27,15:30,Augsburg,0.6,0–3,2.0,Werder Bremen,30660,WWK Arena,Tobias Welz,/en/matches/308f90b7/Augsburg-Werder-Bremen-April-27-2024-Bundesliga,,308f90b7
GER-Bundesliga,2324,2024-04-27 Bayern Munich-Eint Frankfurt,Bundesliga,31,Sat,2024-04-27,15:30,Bayern Munich,3.3,2–1,0.5,Eint Frankfurt,75000,Allianz Arena,Daniel Schlager,/en/matches/33de3608/Bayern-Munich-Eintracht-Frankfurt-April-27-2024-Bundesliga,,33de3608
GER-Bundesliga,2324,2024-04-27 Freiburg-Wolfsburg,Bundesliga,31,Sat,2024-04-27,15:30,Freiburg,2.2,1–2,0.5,Wolfsburg,32800,Europa-Park Stadion,Frank Willenborg,/en/matches/73187673/Freiburg-Wolfsburg-April-27-2024-Bundesliga,,73187673
GER-Bundesliga,2324,2024-04-27 Leverkusen-Stuttgart,Bundesliga,31,Sat,2024-04-27,18:30,Leverkusen,1.4,2–2,1.7,Stuttgart,30210,BayArena,Felix Zwayer,/en/matches/275b46ad/Bayer-Leverkusen-Stuttgart-April-27-2024-Bundesliga,,275b46ad
GER-Bundesliga,2324,2024-04-27 RB Leipzig-Dortmund,Bundesliga,31,Sat,2024-04-27,15:30,RB Leipzig,2.6,4–1,1.6,Dortmund,47069,Red Bull Arena,Deniz Aytekin,/en/matches/9813cba6/RB-Leipzig-Dortmund-April-27-2024-Bundesliga,,9813cba6
GER-Bundesliga,2324,2024-04-28 Darmstadt 98-Heidenheim,Bundesliga,31,Sun,2024-04-28,19:30,Darmstadt 98,0.7,0–1,1.6,Heidenheim,17416,Merck-Stadion am Böllenfalltor,Bastian Dankert,/en/matches/3534834b/Darmstadt-98-Heidenheim-April-28-2024-Bundesliga,,3534834b
GER-Bundesliga,2324,2024-04-28 Gladbach-Union Berlin,Bundesliga,31,Sun,2024-04-28,15:30,Gladbach,0.9,0–0,1.0,Union Berlin,53723,Stadion im Borussia-Park,Sascha Stegemann,/en/matches/186f2bd2/Monchengladbach-Union-Berlin-April-28-2024-Bundesliga,,186f2bd2
GER-Bundesliga,2324,2024-04-28 Mainz 05-Köln,Bundesliga,31,Sun,2024-04-28,17:30,Mainz 05,1.6,1–1,2.5,Köln,33305,Mewa Arena,Benjamin Brand,/en/matches/294cb583/Mainz-05-Koln-April-28-2024-Bundesliga,,294cb583
GER-Bundesliga,2324,2024-05-03 Hoffenheim-RB Leipzig,Bundesliga,32,Fri,2024-05-03,20:30,Hoffenheim,1.6,1–1,0.8,RB Leipzig,25066,PreZero Arena,Harm Osmers,/en/matches/0c04e055/Hoffenheim-RB-Leipzig-May-3-2024-Bundesliga,,0c04e055
GER-Bundesliga,2324,2024-05-04 Dortmund-Augsburg,Bundesliga,32,Sat,2024-05-04,15:30,Dortmund,4.0,5–1,2.5,Augsburg,81365,Signal Iduna Park,Robert Schröder,/en/matches/973a53e2/Dortmund-Augsburg-May-4-2024-Bundesliga,,973a53e2
GER-Bundesliga,2324,2024-05-04 Köln-Freiburg,Bundesliga,32,Sat,2024-05-04,18:30,Köln,0.9,0–0,0.8,Freiburg,50000,RheinEnergieSTADION,Sören Storks,/en/matches/90f8e14b/Koln-Freiburg-May-4-2024-Bundesliga,,90f8e14b
GER-Bundesliga,2324,2024-05-04 Stuttgart-Bayern Munich,Bundesliga,32,Sat,2024-05-04,15:30,Stuttgart,1.8,3–1,1.7,Bayern Munich,60000,MHPArena,Tobias Welz,/en/matches/38c2e1c6/Stuttgart-Bayern-Munich-May-4-2024-Bundesliga,,38c2e1c6
GER-Bundesliga,2324,2024-05-04 Werder Bremen-Gladbach,Bundesliga,32,Sat,2024-05-04,15:30,Werder Bremen,1.4,2–2,1.9,Gladbach,42100,Wohninvest Weserstadion,Timo Gerach,/en/matches/4e276e61/Werder-Bremen-Monchengladbach-May-4-2024-Bundesliga,,4e276e61
GER-Bundesliga,2324,2024-05-04 Wolfsburg-Darmstadt 98,Bundesliga,32,Sat,2024-05-04,15:30,Wolfsburg,2.2,3–0,0.4,Darmstadt 98,23108,Volkswagen Arena,Robert Hartmann,/en/matches/d460a027/Wolfsburg-Darmstadt-98-May-4-2024-Bundesliga,,d460a027
GER-Bundesliga,2324,2024-05-05 Eint Frankfurt-Leverkusen,Bundesliga,32,Sun,2024-05-05,17:30,Eint Frankfurt,1.9,1–5,2.7,Leverkusen,58000,Deutsche Bank Park,Christian Dingert,/en/matches/20542574/Eintracht-Frankfurt-Bayer-Leverkusen-May-5-2024-Bundesliga,,20542574
GER-Bundesliga,2324,2024-05-05 Heidenheim-Mainz 05,Bundesliga,32,Sun,2024-05-05,19:30,Heidenheim,0.9,1–1,1.4,Mainz 05,15000,Voith-Arena,Sven Jablonski,/en/matches/61a6652f/Heidenheim-Mainz-05-May-5-2024-Bundesliga,,61a6652f
GER-Bundesliga,2324,2024-05-05 Union Berlin-Bochum,Bundesliga,32,Sun,2024-05-05,15:30,Union Berlin,0.9,3–4,1.4,Bochum,22012,Stadion An der Alten Försterei,Marco Fritz,/en/matches/1956c53e/Union-Berlin-Bochum-May-5-2024-Bundesliga,,1956c53e
GER-Bundesliga,2324,2024-05-10 Augsburg-Stuttgart,Bundesliga,33,Fri,2024-05-10,20:30,Augsburg,0.6,0–1,1.9,Stuttgart,30660,WWK Arena,Patrick Ittrich,/en/matches/479d1417/Augsburg-Stuttgart-May-10-2024-Bundesliga,,479d1417
GER-Bundesliga,2324,2024-05-11 Freiburg-Heidenheim,Bundesliga,33,Sat,2024-05-11,15:30,Freiburg,1.5,1–1,0.7,Heidenheim,34700,Europa-Park Stadion,Daniel Siebert,/en/matches/9fe2f393/Freiburg-Heidenheim-May-11-2024-Bundesliga,,9fe2f393
GER-Bundesliga,2324,2024-05-11 Gladbach-Eint Frankfurt,Bundesliga,33,Sat,2024-05-11,15:30,Gladbach,0.4,1–1,1.5,Eint Frankfurt,54042,Stadion im Borussia-Park,Robert Schröder,/en/matches/f60ad969/Monchengladbach-Eintracht-Frankfurt-May-11-2024-Bundesliga,,f60ad969
GER-Bundesliga,2324,2024-05-11 Köln-Union Berlin,Bundesliga,33,Sat,2024-05-11,15:30,Köln,3.1,3–2,1.6,Union Berlin,50000,RheinEnergieSTADION,Deniz Aytekin,/en/matches/1d97656d/Koln-Union-Berlin-May-11-2024-Bundesliga,,1d97656d
GER-Bundesliga,2324,2024-05-11 Mainz 05-Dortmund,Bundesliga,33,Sat,2024-05-11,18:30,Mainz 05,2.1,3–0,0.4,Dortmund,33305,Mewa Arena,Tobias Stieler,/en/matches/23d95a33/Mainz-05-Dortmund-May-11-2024-Bundesliga,,23d95a33
GER-Bundesliga,2324,2024-05-11 RB Leipzig-Werder Bremen,Bundesliga,33,Sat,2024-05-11,15:30,RB Leipzig,1.4,1–1,1.1,Werder Bremen,47069,Red Bull Arena,Sascha Stegemann,/en/matches/fbb2b015/RB-Leipzig-Werder-Bremen-May-11-2024-Bundesliga,,fbb2b015
GER-Bundesliga,2324,2024-05-12 Bayern Munich-Wolfsburg,Bundesliga,33,Sun,2024-05-12,17:30,Bayern Munich,0.3,2–0,0.2,Wolfsburg,75000,Allianz Arena,Bastian Dankert,/en/matches/22e38eb5/Bayern-Munich-Wolfsburg-May-12-2024-Bundesliga,,22e38eb5
GER-Bundesliga,2324,2024-05-12 Bochum-Leverkusen,Bundesliga,33,Sun,2024-05-12,19:30,Bochum,0.3,0–5,4.2,Leverkusen,26000,Vonovia Ruhrstadion,Benjamin Brand,/en/matches/722f0a3e/Bochum-Bayer-Leverkusen-May-12-2024-Bundesliga,,722f0a3e
GER-Bundesliga,2324,2024-05-12 Darmstadt 98-Hoffenheim,Bundesliga,33,Sun,2024-05-12,15:30,Darmstadt 98,0.6,0–6,3.3,Hoffenheim,17810,Merck-Stadion am Böllenfalltor,Florian Badstübner,/en/matches/27a15c2e/Darmstadt-98-Hoffenheim-May-12-2024-Bundesliga,,27a15c2e
GER-Bundesliga,2324,2024-05-18 Dortmund-Darmstadt 98,Bundesliga,34,Sat,2024-05-18,15:30,Dortmund,2.6,4–0,0.3,Darmstadt 98,81365,Signal Iduna Park,Daniel Siebert,/en/matches/14f21084/Dortmund-Darmstadt-98-May-18-2024-Bundesliga,,14f21084
GER-Bundesliga,2324,2024-05-18 Eint Frankfurt-RB Leipzig,Bundesliga,34,Sat,2024-05-18,15:30,Eint Frankfurt,2.1,2–2,1.6,RB Leipzig,57500,Deutsche Bank Park,Felix Zwayer,/en/matches/f7159f33/Eintracht-Frankfurt-RB-Leipzig-May-18-2024-Bundesliga,,f7159f33
GER-Bundesliga,2324,2024-05-18 Heidenheim-Köln,Bundesliga,34,Sat,2024-05-18,15:30,Heidenheim,1.0,4–1,2.3,Köln,15000,Voith-Arena,Tobias Welz,/en/matches/f0787a6c/Heidenheim-Koln-May-18-2024-Bundesliga,,f0787a6c
GER-Bundesliga,2324,2024-05-18 Hoffenheim-Bayern Munich,Bundesliga,34,Sat,2024-05-18,15:30,Hoffenheim,1.8,4–2,1.5,Bayern Munich,30150,PreZero Arena,Marco Fritz,/en/matches/250e8184/Hoffenheim-Bayern-Munich-May-18-2024-Bundesliga,,250e8184
GER-Bundesliga,2324,2024-05-18 Leverkusen-Augsburg,Bundesliga,34,Sat,2024-05-18,15:30,Leverkusen,2.4,2–1,1.2,Augsburg,30210,BayArena,Matthias Jöllenbeck,/en/matches/8b525565/Bayer-Leverkusen-Augsburg-May-18-2024-Bundesliga,,8b525565
GER-Bundesliga,2324,2024-05-18 Stuttgart-Gladbach,Bundesliga,34,Sat,2024-05-18,15:30,Stuttgart,1.6,4–0,1.3,Gladbach,60000,MHPArena,Daniel Schlager,/en/matches/229aab5e/Stuttgart-Monchengladbach-May-18-2024-Bundesliga,,229aab5e
GER-Bundesliga,2324,2024-05-18 Union Berlin-Freiburg,Bundesliga,34,Sat,2024-05-18,15:30,Union Berlin,2.3,2–1,1.0,Freiburg,22012,Stadion An der Alten Försterei,Christian Dingert,/en/matches/0a7a794b/Union-Berlin-Freiburg-May-18-2024-Bundesliga,,0a7a794b
GER-Bundesliga,2324,2024-05-18 Werder Bremen-Bochum,Bundesliga,34,Sat,2024-05-18,15:30,Werder Bremen,3.0,4–1,2.1,Bochum,42100,Wohninvest Weserstadion,Martin Petersen,/en/matches/0c2b0305/Werder-Bremen-Bochum-May-18-2024-Bundesliga,,0c2b0305
GER-Bundesliga,2324,2024-05-18 Wolfsburg-Mainz 05,Bundesliga,34,Sat,2024-05-18,15:30,Wolfsburg,0.8,1–3,1.8,Mainz 05,26627,Volkswagen Arena,Frank Willenborg,/en/matches/31be20b7/Wolfsburg-Mainz-05-May-18-2024-Bundesliga,,31be20b7
GER-Bundesliga,2324,2024-05-23 Bochum-Düsseldorf,German 1/2 Relegation/Promotion play-offs,,Thu,2024-05-23,20:30,Bochum,,0–3,,Düsseldorf,26000,Vonovia Ruhrstadion,Robert Schröder,/en/matches/9156fa34/Bochum-Dusseldorf-May-23-2024-German-12-RelegationPromotion-play-offs,Leg 1 of 2,9156fa34
GER-Bundesliga,2324,2024-05-27 Düsseldorf-Bochum,German 1/2 Relegation/Promotion play-offs,,Mon,2024-05-27,20:30,Düsseldorf,,(5) 0–3 (6),,Bochum,51500,Merkur Spielarena,Deniz Aytekin,/en/matches/723ffa45/Dusseldorf-Bochum-May-27-2024-German-12-RelegationPromotion-play-offs,Leg 2 of 2; Bochum won; Bochum won on penalty kicks following extra time,723ffa45
